// Generated by scripts/render/generate_device_quantize_luts.mjs. Do not edit.

export const DEVICE_QUANTIZE_LUT_WIDTH = 256;
export const DEVICE_QUANTIZE_LUT_HEIGHT = 16;
export const DEVICE_QUANTIZE_LUT_MODE_COUNT = 2;

export const DEVICE_QUANTIZE_BAYER_4X4 = new Uint8Array([
	0, 8, 2, 10,
	12, 4, 14, 6,
	3, 11, 1, 9,
	15, 7, 13, 5,
]);

export interface DeviceQuantizeLuts {
	readonly redBlue: Uint8Array;
	readonly green: Uint8Array;
	readonly texture: Uint8Array;
}

const RGB565_RED_BLUE_LUT = new Uint8Array([
	0x00, 0x01, 0x02, 0x03, 0x05, 0x05, 0x07, 0x07, 0x07, 0x0a, 0x0a, 0x0d, 0x0d, 0x0d, 0x11, 0x11, 0x11, 0x11, 0x15, 0x15, 0x15, 0x15, 0x1a, 0x1a, 0x1a, 0x1a, 0x1a, 0x1f, 0x1f, 0x1f, 0x1f, 0x1f,
	0x25, 0x25, 0x25, 0x25, 0x25, 0x25, 0x2b, 0x2b, 0x2b, 0x2b, 0x2b, 0x2b, 0x2b, 0x32, 0x32, 0x32, 0x32, 0x32, 0x32, 0x32, 0x3a, 0x3a, 0x3a, 0x3a, 0x3a, 0x3a, 0x3a, 0x42, 0x42, 0x42, 0x42, 0x42,
	0x42, 0x42, 0x42, 0x4b, 0x4b, 0x4b, 0x4b, 0x4b, 0x4b, 0x4b, 0x4b, 0x4b, 0x55, 0x55, 0x55, 0x55, 0x55, 0x55, 0x55, 0x55, 0x55, 0x55, 0x5f, 0x5f, 0x5f, 0x5f, 0x5f, 0x5f, 0x5f, 0x5f, 0x5f, 0x5f,
	0x6a, 0x6a, 0x6a, 0x6a, 0x6a, 0x6a, 0x6a, 0x6a, 0x6a, 0x6a, 0x6a, 0x75, 0x75, 0x75, 0x75, 0x75, 0x75, 0x75, 0x75, 0x75, 0x75, 0x75, 0x75, 0x82, 0x82, 0x82, 0x82, 0x82, 0x82, 0x82, 0x82, 0x82,
	0x82, 0x82, 0x82, 0x8f, 0x8f, 0x8f, 0x8f, 0x8f, 0x8f, 0x8f, 0x8f, 0x8f, 0x8f, 0x8f, 0x8f, 0x8f, 0x9c, 0x9c, 0x9c, 0x9c, 0x9c, 0x9c, 0x9c, 0x9c, 0x9c, 0x9c, 0x9c, 0x9c, 0x9c, 0x9c, 0xab, 0xab,
	0xab, 0xab, 0xab, 0xab, 0xab, 0xab, 0xab, 0xab, 0xab, 0xab, 0xab, 0xab, 0xba, 0xba, 0xba, 0xba, 0xba, 0xba, 0xba, 0xba, 0xba, 0xba, 0xba, 0xba, 0xba, 0xba, 0xba, 0xca, 0xca, 0xca, 0xca, 0xca,
	0xca, 0xca, 0xca, 0xca, 0xca, 0xca, 0xca, 0xca, 0xca, 0xca, 0xca, 0xdb, 0xdb, 0xdb, 0xdb, 0xdb, 0xdb, 0xdb, 0xdb, 0xdb, 0xdb, 0xdb, 0xdb, 0xdb, 0xdb, 0xdb, 0xdb, 0xdb, 0xec, 0xec, 0xec, 0xec,
	0xec, 0xec, 0xec, 0xec, 0xec, 0xec, 0xec, 0xec, 0xec, 0xec, 0xec, 0xec, 0xec, 0xec, 0xff, 0xff, 0xff, 0xff, 0xff, 0xff, 0xff, 0xff, 0xff, 0xff, 0xff, 0xff, 0xff, 0xff, 0xff, 0xff, 0xff, 0xff,
	0x00, 0x01, 0x02, 0x03, 0x03, 0x05, 0x07, 0x07, 0x07, 0x0a, 0x0a, 0x0d, 0x0d, 0x0d, 0x0d, 0x11, 0x11, 0x11, 0x15, 0x15, 0x15, 0x15, 0x15, 0x1a, 0x1a, 0x1a, 0x1a, 0x1f, 0x1f, 0x1f, 0x1f, 0x1f,
	0x1f, 0x25, 0x25, 0x25, 0x25, 0x25, 0x25, 0x2b, 0x2b, 0x2b, 0x2b, 0x2b, 0x2b, 0x32, 0x32, 0x32, 0x32, 0x32, 0x32, 0x32, 0x3a, 0x3a, 0x3a, 0x3a, 0x3a, 0x3a, 0x3a, 0x3a, 0x42, 0x42, 0x42, 0x42,
	0x42, 0x42, 0x42, 0x42, 0x4b, 0x4b, 0x4b, 0x4b, 0x4b, 0x4b, 0x4b, 0x4b, 0x4b, 0x55, 0x55, 0x55, 0x55, 0x55, 0x55, 0x55, 0x55, 0x55, 0x55, 0x5f, 0x5f, 0x5f, 0x5f, 0x5f, 0x5f, 0x5f, 0x5f, 0x5f,
	0x5f, 0x6a, 0x6a, 0x6a, 0x6a, 0x6a, 0x6a, 0x6a, 0x6a, 0x6a, 0x6a, 0x6a, 0x75, 0x75, 0x75, 0x75, 0x75, 0x75, 0x75, 0x75, 0x75, 0x75, 0x75, 0x82, 0x82, 0x82, 0x82, 0x82, 0x82, 0x82, 0x82, 0x82,
	0x82, 0x82, 0x82, 0x82, 0x8f, 0x8f, 0x8f, 0x8f, 0x8f, 0x8f, 0x8f, 0x8f, 0x8f, 0x8f, 0x8f, 0x8f, 0x8f, 0x9c, 0x9c, 0x9c, 0x9c, 0x9c, 0x9c, 0x9c, 0x9c, 0x9c, 0x9c, 0x9c, 0x9c, 0x9c, 0x9c, 0xab,
	0xab, 0xab, 0xab, 0xab, 0xab, 0xab, 0xab, 0xab, 0xab, 0xab, 0xab, 0xab, 0xab, 0xba, 0xba, 0xba, 0xba, 0xba, 0xba, 0xba, 0xba, 0xba, 0xba, 0xba, 0xba, 0xba, 0xba, 0xba, 0xca, 0xca, 0xca, 0xca,
	0xca, 0xca, 0xca, 0xca, 0xca, 0xca, 0xca, 0xca, 0xca, 0xca, 0xca, 0xca, 0xdb, 0xdb, 0xdb, 0xdb, 0xdb, 0xdb, 0xdb, 0xdb, 0xdb, 0xdb, 0xdb, 0xdb, 0xdb, 0xdb, 0xdb, 0xdb, 0xdb, 0xec, 0xec, 0xec,
	0xec, 0xec, 0xec, 0xec, 0xec, 0xec, 0xec, 0xec, 0xec, 0xec, 0xec, 0xec, 0xec, 0xec, 0xec, 0xff, 0xff, 0xff, 0xff, 0xff, 0xff, 0xff, 0xff, 0xff, 0xff, 0xff, 0xff, 0xff, 0xff, 0xff, 0xff, 0xff,
	0x00, 0x01, 0x02, 0x03, 0x03, 0x05, 0x05, 0x07, 0x07, 0x0a, 0x0a, 0x0a, 0x0d, 0x0d, 0x0d, 0x11, 0x11, 0x11, 0x11, 0x15, 0x15, 0x15, 0x15, 0x1a, 0x1a, 0x1a, 0x1a, 0x1a, 0x1f, 0x1f, 0x1f, 0x1f,
	0x1f, 0x25, 0x25, 0x25, 0x25, 0x25, 0x25, 0x2b, 0x2b, 0x2b, 0x2b, 0x2b, 0x2b, 0x32, 0x32, 0x32, 0x32, 0x32, 0x32, 0x32, 0x32, 0x3a, 0x3a, 0x3a, 0x3a, 0x3a, 0x3a, 0x3a, 0x42, 0x42, 0x42, 0x42,
	0x42, 0x42, 0x42, 0x42, 0x42, 0x4b, 0x4b, 0x4b, 0x4b, 0x4b, 0x4b, 0x4b, 0x4b, 0x4b, 0x55, 0x55, 0x55, 0x55, 0x55, 0x55, 0x55, 0x55, 0x55, 0x5f, 0x5f, 0x5f, 0x5f, 0x5f, 0x5f, 0x5f, 0x5f, 0x5f,
	0x5f, 0x6a, 0x6a, 0x6a, 0x6a, 0x6a, 0x6a, 0x6a, 0x6a, 0x6a, 0x6a, 0x6a, 0x75, 0x75, 0x75, 0x75, 0x75, 0x75, 0x75, 0x75, 0x75, 0x75, 0x75, 0x75, 0x82, 0x82, 0x82, 0x82, 0x82, 0x82, 0x82, 0x82,
	0x82, 0x82, 0x82, 0x82, 0x82, 0x8f, 0x8f, 0x8f, 0x8f, 0x8f, 0x8f, 0x8f, 0x8f, 0x8f, 0x8f, 0x8f, 0x8f, 0x8f, 0x9c, 0x9c, 0x9c, 0x9c, 0x9c, 0x9c, 0x9c, 0x9c, 0x9c, 0x9c, 0x9c, 0x9c, 0x9c, 0x9c,
	0xab, 0xab, 0xab, 0xab, 0xab, 0xab, 0xab, 0xab, 0xab, 0xab, 0xab, 0xab, 0xab, 0xab, 0xba, 0xba, 0xba, 0xba, 0xba, 0xba, 0xba, 0xba, 0xba, 0xba, 0xba, 0xba, 0xba, 0xba, 0xba, 0xca, 0xca, 0xca,
	0xca, 0xca, 0xca, 0xca, 0xca, 0xca, 0xca, 0xca, 0xca, 0xca, 0xca, 0xca, 0xca, 0xdb, 0xdb, 0xdb, 0xdb, 0xdb, 0xdb, 0xdb, 0xdb, 0xdb, 0xdb, 0xdb, 0xdb, 0xdb, 0xdb, 0xdb, 0xdb, 0xdb, 0xec, 0xec,
	0xec, 0xec, 0xec, 0xec, 0xec, 0xec, 0xec, 0xec, 0xec, 0xec, 0xec, 0xec, 0xec, 0xec, 0xec, 0xec, 0xff, 0xff, 0xff, 0xff, 0xff, 0xff, 0xff, 0xff, 0xff, 0xff, 0xff, 0xff, 0xff, 0xff, 0xff, 0xff,
	0x00, 0x01, 0x02, 0x03, 0x03, 0x05, 0x05, 0x07, 0x07, 0x0a, 0x0a, 0x0a, 0x0d, 0x0d, 0x0d, 0x11, 0x11, 0x11, 0x11, 0x15, 0x15, 0x15, 0x15, 0x1a, 0x1a, 0x1a, 0x1a, 0x1a, 0x1f, 0x1f, 0x1f, 0x1f,
	0x1f, 0x25, 0x25, 0x25, 0x25, 0x25, 0x25, 0x2b, 0x2b, 0x2b, 0x2b, 0x2b, 0x2b, 0x2b, 0x32, 0x32, 0x32, 0x32, 0x32, 0x32, 0x32, 0x3a, 0x3a, 0x3a, 0x3a, 0x3a, 0x3a, 0x3a, 0x3a, 0x42, 0x42, 0x42,
	0x42, 0x42, 0x42, 0x42, 0x42, 0x4b, 0x4b, 0x4b, 0x4b, 0x4b, 0x4b, 0x4b, 0x4b, 0x4b, 0x55, 0x55, 0x55, 0x55, 0x55, 0x55, 0x55, 0x55, 0x55, 0x55, 0x5f, 0x5f, 0x5f, 0x5f, 0x5f, 0x5f, 0x5f, 0x5f,
	0x5f, 0x5f, 0x6a, 0x6a, 0x6a, 0x6a, 0x6a, 0x6a, 0x6a, 0x6a, 0x6a, 0x6a, 0x6a, 0x75, 0x75, 0x75, 0x75, 0x75, 0x75, 0x75, 0x75, 0x75, 0x75, 0x75, 0x75, 0x82, 0x82, 0x82, 0x82, 0x82, 0x82, 0x82,
	0x82, 0x82, 0x82, 0x82, 0x82, 0x8f, 0x8f, 0x8f, 0x8f, 0x8f, 0x8f, 0x8f, 0x8f, 0x8f, 0x8f, 0x8f, 0x8f, 0x8f, 0x9c, 0x9c, 0x9c, 0x9c, 0x9c, 0x9c, 0x9c, 0x9c, 0x9c, 0x9c, 0x9c, 0x9c, 0x9c, 0x9c,
	0xab, 0xab, 0xab, 0xab, 0xab, 0xab, 0xab, 0xab, 0xab, 0xab, 0xab, 0xab, 0xab, 0xab, 0xab, 0xba, 0xba, 0xba, 0xba, 0xba, 0xba, 0xba, 0xba, 0xba, 0xba, 0xba, 0xba, 0xba, 0xba, 0xba, 0xca, 0xca,
	0xca, 0xca, 0xca, 0xca, 0xca, 0xca, 0xca, 0xca, 0xca, 0xca, 0xca, 0xca, 0xca, 0xca, 0xca, 0xdb, 0xdb, 0xdb, 0xdb, 0xdb, 0xdb, 0xdb, 0xdb, 0xdb, 0xdb, 0xdb, 0xdb, 0xdb, 0xdb, 0xdb, 0xdb, 0xec,
	0xec, 0xec, 0xec, 0xec, 0xec, 0xec, 0xec, 0xec, 0xec, 0xec, 0xec, 0xec, 0xec, 0xec, 0xec, 0xec, 0xec, 0xff, 0xff, 0xff, 0xff, 0xff, 0xff, 0xff, 0xff, 0xff, 0xff, 0xff, 0xff, 0xff, 0xff, 0xff,
	0x00, 0x01, 0x02, 0x03, 0x03, 0x05, 0x05, 0x07, 0x07, 0x0a, 0x0a, 0x0a, 0x0d, 0x0d, 0x0d, 0x11, 0x11, 0x11, 0x11, 0x15, 0x15, 0x15, 0x15, 0x1a, 0x1a, 0x1a, 0x1a, 0x1a, 0x1f, 0x1f, 0x1f, 0x1f,
	0x1f, 0x1f, 0x25, 0x25, 0x25, 0x25, 0x25, 0x25, 0x2b, 0x2b, 0x2b, 0x2b, 0x2b, 0x2b, 0x32, 0x32, 0x32, 0x32, 0x32, 0x32, 0x32, 0x3a, 0x3a, 0x3a, 0x3a, 0x3a, 0x3a, 0x3a, 0x3a, 0x42, 0x42, 0x42,
	0x42, 0x42, 0x42, 0x42, 0x42, 0x42, 0x4b, 0x4b, 0x4b, 0x4b, 0x4b, 0x4b, 0x4b, 0x4b, 0x4b, 0x55, 0x55, 0x55, 0x55, 0x55, 0x55, 0x55, 0x55, 0x55, 0x5f, 0x5f, 0x5f, 0x5f, 0x5f, 0x5f, 0x5f, 0x5f,
	0x5f, 0x5f, 0x5f, 0x6a, 0x6a, 0x6a, 0x6a, 0x6a, 0x6a, 0x6a, 0x6a, 0x6a, 0x6a, 0x6a, 0x75, 0x75, 0x75, 0x75, 0x75, 0x75, 0x75, 0x75, 0x75, 0x75, 0x75, 0x75, 0x82, 0x82, 0x82, 0x82, 0x82, 0x82,
	0x82, 0x82, 0x82, 0x82, 0x82, 0x82, 0x8f, 0x8f, 0x8f, 0x8f, 0x8f, 0x8f, 0x8f, 0x8f, 0x8f, 0x8f, 0x8f, 0x8f, 0x8f, 0x9c, 0x9c, 0x9c, 0x9c, 0x9c, 0x9c, 0x9c, 0x9c, 0x9c, 0x9c, 0x9c, 0x9c, 0x9c,
	0x9c, 0xab, 0xab, 0xab, 0xab, 0xab, 0xab, 0xab, 0xab, 0xab, 0xab, 0xab, 0xab, 0xab, 0xab, 0xab, 0xba, 0xba, 0xba, 0xba, 0xba, 0xba, 0xba, 0xba, 0xba, 0xba, 0xba, 0xba, 0xba, 0xba, 0xba, 0xca,
	0xca, 0xca, 0xca, 0xca, 0xca, 0xca, 0xca, 0xca, 0xca, 0xca, 0xca, 0xca, 0xca, 0xca, 0xca, 0xca, 0xdb, 0xdb, 0xdb, 0xdb, 0xdb, 0xdb, 0xdb, 0xdb, 0xdb, 0xdb, 0xdb, 0xdb, 0xdb, 0xdb, 0xdb, 0xdb,
	0xdb, 0xec, 0xec, 0xec, 0xec, 0xec, 0xec, 0xec, 0xec, 0xec, 0xec, 0xec, 0xec, 0xec, 0xec, 0xec, 0xec, 0xec, 0xff, 0xff, 0xff, 0xff, 0xff, 0xff, 0xff, 0xff, 0xff, 0xff, 0xff, 0xff, 0xff, 0xff,
	0x00, 0x01, 0x02, 0x03, 0x03, 0x05, 0x05, 0x07, 0x07, 0x0a, 0x0a, 0x0a, 0x0d, 0x0d, 0x0d, 0x0d, 0x11, 0x11, 0x11, 0x15, 0x15, 0x15, 0x15, 0x15, 0x1a, 0x1a, 0x1a, 0x1a, 0x1a, 0x1f, 0x1f, 0x1f,
	0x1f, 0x1f, 0x25, 0x25, 0x25, 0x25, 0x25, 0x25, 0x2b, 0x2b, 0x2b, 0x2b, 0x2b, 0x2b, 0x2b, 0x32, 0x32, 0x32, 0x32, 0x32, 0x32, 0x32, 0x3a, 0x3a, 0x3a, 0x3a, 0x3a, 0x3a, 0x3a, 0x3a, 0x42, 0x42,
	0x42, 0x42, 0x42, 0x42, 0x42, 0x42, 0x4b, 0x4b, 0x4b, 0x4b, 0x4b, 0x4b, 0x4b, 0x4b, 0x4b, 0x55, 0x55, 0x55, 0x55, 0x55, 0x55, 0x55, 0x55, 0x55, 0x55, 0x5f, 0x5f, 0x5f, 0x5f, 0x5f, 0x5f, 0x5f,
	0x5f, 0x5f, 0x5f, 0x6a, 0x6a, 0x6a, 0x6a, 0x6a, 0x6a, 0x6a, 0x6a, 0x6a, 0x6a, 0x6a, 0x6a, 0x75, 0x75, 0x75, 0x75, 0x75, 0x75, 0x75, 0x75, 0x75, 0x75, 0x75, 0x82, 0x82, 0x82, 0x82, 0x82, 0x82,
	0x82, 0x82, 0x82, 0x82, 0x82, 0x82, 0x82, 0x8f, 0x8f, 0x8f, 0x8f, 0x8f, 0x8f, 0x8f, 0x8f, 0x8f, 0x8f, 0x8f, 0x8f, 0x8f, 0x9c, 0x9c, 0x9c, 0x9c, 0x9c, 0x9c, 0x9c, 0x9c, 0x9c, 0x9c, 0x9c, 0x9c,
	0x9c, 0x9c, 0xab, 0xab, 0xab, 0xab, 0xab, 0xab, 0xab, 0xab, 0xab, 0xab, 0xab, 0xab, 0xab, 0xab, 0xab, 0xba, 0xba, 0xba, 0xba, 0xba, 0xba, 0xba, 0xba, 0xba, 0xba, 0xba, 0xba, 0xba, 0xba, 0xba,
	0xca, 0xca, 0xca, 0xca, 0xca, 0xca, 0xca, 0xca, 0xca, 0xca, 0xca, 0xca, 0xca, 0xca, 0xca, 0xca, 0xca, 0xdb, 0xdb, 0xdb, 0xdb, 0xdb, 0xdb, 0xdb, 0xdb, 0xdb, 0xdb, 0xdb, 0xdb, 0xdb, 0xdb, 0xdb,
	0xdb, 0xdb, 0xec, 0xec, 0xec, 0xec, 0xec, 0xec, 0xec, 0xec, 0xec, 0xec, 0xec, 0xec, 0xec, 0xec, 0xec, 0xec, 0xec, 0xff, 0xff, 0xff, 0xff, 0xff, 0xff, 0xff, 0xff, 0xff, 0xff, 0xff, 0xff, 0xff,
	0x00, 0x01, 0x02, 0x03, 0x03, 0x05, 0x05, 0x07, 0x07, 0x0a, 0x0a, 0x0a, 0x0d, 0x0d, 0x0d, 0x0d, 0x11, 0x11, 0x11, 0x11, 0x15, 0x15, 0x15, 0x15, 0x1a, 0x1a, 0x1a, 0x1a, 0x1a, 0x1f, 0x1f, 0x1f,
	0x1f, 0x1f, 0x25, 0x25, 0x25, 0x25, 0x25, 0x25, 0x2b, 0x2b, 0x2b, 0x2b, 0x2b, 0x2b, 0x2b, 0x32, 0x32, 0x32, 0x32, 0x32, 0x32, 0x32, 0x3a, 0x3a, 0x3a, 0x3a, 0x3a, 0x3a, 0x3a, 0x3a, 0x42, 0x42,
	0x42, 0x42, 0x42, 0x42, 0x42, 0x42, 0x42, 0x4b, 0x4b, 0x4b, 0x4b, 0x4b, 0x4b, 0x4b, 0x4b, 0x4b, 0x55, 0x55, 0x55, 0x55, 0x55, 0x55, 0x55, 0x55, 0x55, 0x55, 0x5f, 0x5f, 0x5f, 0x5f, 0x5f, 0x5f,
	0x5f, 0x5f, 0x5f, 0x5f, 0x6a, 0x6a, 0x6a, 0x6a, 0x6a, 0x6a, 0x6a, 0x6a, 0x6a, 0x6a, 0x6a, 0x75, 0x75, 0x75, 0x75, 0x75, 0x75, 0x75, 0x75, 0x75, 0x75, 0x75, 0x75, 0x82, 0x82, 0x82, 0x82, 0x82,
	0x82, 0x82, 0x82, 0x82, 0x82, 0x82, 0x82, 0x82, 0x8f, 0x8f, 0x8f, 0x8f, 0x8f, 0x8f, 0x8f, 0x8f, 0x8f, 0x8f, 0x8f, 0x8f, 0x8f, 0x9c, 0x9c, 0x9c, 0x9c, 0x9c, 0x9c, 0x9c, 0x9c, 0x9c, 0x9c, 0x9c,
	0x9c, 0x9c, 0x9c, 0xab, 0xab, 0xab, 0xab, 0xab, 0xab, 0xab, 0xab, 0xab, 0xab, 0xab, 0xab, 0xab, 0xab, 0xab, 0xba, 0xba, 0xba, 0xba, 0xba, 0xba, 0xba, 0xba, 0xba, 0xba, 0xba, 0xba, 0xba, 0xba,
	0xba, 0xca, 0xca, 0xca, 0xca, 0xca, 0xca, 0xca, 0xca, 0xca, 0xca, 0xca, 0xca, 0xca, 0xca, 0xca, 0xca, 0xca, 0xdb, 0xdb, 0xdb, 0xdb, 0xdb, 0xdb, 0xdb, 0xdb, 0xdb, 0xdb, 0xdb, 0xdb, 0xdb, 0xdb,
	0xdb, 0xdb, 0xdb, 0xec, 0xec, 0xec, 0xec, 0xec, 0xec, 0xec, 0xec, 0xec, 0xec, 0xec, 0xec, 0xec, 0xec, 0xec, 0xec, 0xec, 0xec, 0xff, 0xff, 0xff, 0xff, 0xff, 0xff, 0xff, 0xff, 0xff, 0xff, 0xff,
	0x00, 0x01, 0x02, 0x02, 0x03, 0x05, 0x05, 0x07, 0x07, 0x07, 0x0a, 0x0a, 0x0a, 0x0d, 0x0d, 0x0d, 0x11, 0x11, 0x11, 0x11, 0x15, 0x15, 0x15, 0x15, 0x1a, 0x1a, 0x1a, 0x1a, 0x1a, 0x1f, 0x1f, 0x1f,
	0x1f, 0x1f, 0x1f, 0x25, 0x25, 0x25, 0x25, 0x25, 0x25, 0x2b, 0x2b, 0x2b, 0x2b, 0x2b, 0x2b, 0x2b, 0x32, 0x32, 0x32, 0x32, 0x32, 0x32, 0x32, 0x3a, 0x3a, 0x3a, 0x3a, 0x3a, 0x3a, 0x3a, 0x3a, 0x42,
	0x42, 0x42, 0x42, 0x42, 0x42, 0x42, 0x42, 0x4b, 0x4b, 0x4b, 0x4b, 0x4b, 0x4b, 0x4b, 0x4b, 0x4b, 0x55, 0x55, 0x55, 0x55, 0x55, 0x55, 0x55, 0x55, 0x55, 0x55, 0x5f, 0x5f, 0x5f, 0x5f, 0x5f, 0x5f,
	0x5f, 0x5f, 0x5f, 0x5f, 0x5f, 0x6a, 0x6a, 0x6a, 0x6a, 0x6a, 0x6a, 0x6a, 0x6a, 0x6a, 0x6a, 0x6a, 0x75, 0x75, 0x75, 0x75, 0x75, 0x75, 0x75, 0x75, 0x75, 0x75, 0x75, 0x75, 0x82, 0x82, 0x82, 0x82,
	0x82, 0x82, 0x82, 0x82, 0x82, 0x82, 0x82, 0x82, 0x82, 0x8f, 0x8f, 0x8f, 0x8f, 0x8f, 0x8f, 0x8f, 0x8f, 0x8f, 0x8f, 0x8f, 0x8f, 0x8f, 0x9c, 0x9c, 0x9c, 0x9c, 0x9c, 0x9c, 0x9c, 0x9c, 0x9c, 0x9c,
	0x9c, 0x9c, 0x9c, 0x9c, 0xab, 0xab, 0xab, 0xab, 0xab, 0xab, 0xab, 0xab, 0xab, 0xab, 0xab, 0xab, 0xab, 0xab, 0xab, 0xba, 0xba, 0xba, 0xba, 0xba, 0xba, 0xba, 0xba, 0xba, 0xba, 0xba, 0xba, 0xba,
	0xba, 0xba, 0xca, 0xca, 0xca, 0xca, 0xca, 0xca, 0xca, 0xca, 0xca, 0xca, 0xca, 0xca, 0xca, 0xca, 0xca, 0xca, 0xca, 0xdb, 0xdb, 0xdb, 0xdb, 0xdb, 0xdb, 0xdb, 0xdb, 0xdb, 0xdb, 0xdb, 0xdb, 0xdb,
	0xdb, 0xdb, 0xdb, 0xdb, 0xec, 0xec, 0xec, 0xec, 0xec, 0xec, 0xec, 0xec, 0xec, 0xec, 0xec, 0xec, 0xec, 0xec, 0xec, 0xec, 0xec, 0xec, 0xff, 0xff, 0xff, 0xff, 0xff, 0xff, 0xff, 0xff, 0xff, 0xff,
	0x00, 0x01, 0x02, 0x02, 0x03, 0x05, 0x05, 0x07, 0x07, 0x07, 0x0a, 0x0a, 0x0a, 0x0d, 0x0d, 0x0d, 0x11, 0x11, 0x11, 0x11, 0x15, 0x15, 0x15, 0x15, 0x15, 0x1a, 0x1a, 0x1a, 0x1a, 0x1a, 0x1f, 0x1f,
	0x1f, 0x1f, 0x1f, 0x25, 0x25, 0x25, 0x25, 0x25, 0x25, 0x2b, 0x2b, 0x2b, 0x2b, 0x2b, 0x2b, 0x2b, 0x32, 0x32, 0x32, 0x32, 0x32, 0x32, 0x32, 0x3a, 0x3a, 0x3a, 0x3a, 0x3a, 0x3a, 0x3a, 0x3a, 0x42,
	0x42, 0x42, 0x42, 0x42, 0x42, 0x42, 0x42, 0x42, 0x4b, 0x4b, 0x4b, 0x4b, 0x4b, 0x4b, 0x4b, 0x4b, 0x4b, 0x55, 0x55, 0x55, 0x55, 0x55, 0x55, 0x55, 0x55, 0x55, 0x55, 0x5f, 0x5f, 0x5f, 0x5f, 0x5f,
	0x5f, 0x5f, 0x5f, 0x5f, 0x5f, 0x5f, 0x6a, 0x6a, 0x6a, 0x6a, 0x6a, 0x6a, 0x6a, 0x6a, 0x6a, 0x6a, 0x6a, 0x75, 0x75, 0x75, 0x75, 0x75, 0x75, 0x75, 0x75, 0x75, 0x75, 0x75, 0x75, 0x82, 0x82, 0x82,
	0x82, 0x82, 0x82, 0x82, 0x82, 0x82, 0x82, 0x82, 0x82, 0x8f, 0x8f, 0x8f, 0x8f, 0x8f, 0x8f, 0x8f, 0x8f, 0x8f, 0x8f, 0x8f, 0x8f, 0x8f, 0x8f, 0x9c, 0x9c, 0x9c, 0x9c, 0x9c, 0x9c, 0x9c, 0x9c, 0x9c,
	0x9c, 0x9c, 0x9c, 0x9c, 0x9c, 0xab, 0xab, 0xab, 0xab, 0xab, 0xab, 0xab, 0xab, 0xab, 0xab, 0xab, 0xab, 0xab, 0xab, 0xab, 0xba, 0xba, 0xba, 0xba, 0xba, 0xba, 0xba, 0xba, 0xba, 0xba, 0xba, 0xba,
	0xba, 0xba, 0xba, 0xca, 0xca, 0xca, 0xca, 0xca, 0xca, 0xca, 0xca, 0xca, 0xca, 0xca, 0xca, 0xca, 0xca, 0xca, 0xca, 0xca, 0xdb, 0xdb, 0xdb, 0xdb, 0xdb, 0xdb, 0xdb, 0xdb, 0xdb, 0xdb, 0xdb, 0xdb,
	0xdb, 0xdb, 0xdb, 0xdb, 0xdb, 0xec, 0xec, 0xec, 0xec, 0xec, 0xec, 0xec, 0xec, 0xec, 0xec, 0xec, 0xec, 0xec, 0xec, 0xec, 0xec, 0xec, 0xec, 0xff, 0xff, 0xff, 0xff, 0xff, 0xff, 0xff, 0xff, 0xff,
	0x00, 0x00, 0x02, 0x02, 0x03, 0x05, 0x05, 0x07, 0x07, 0x07, 0x0a, 0x0a, 0x0a, 0x0d, 0x0d, 0x0d, 0x11, 0x11, 0x11, 0x11, 0x15, 0x15, 0x15, 0x15, 0x15, 0x1a, 0x1a, 0x1a, 0x1a, 0x1a, 0x1f, 0x1f,
	0x1f, 0x1f, 0x1f, 0x1f, 0x25, 0x25, 0x25, 0x25, 0x25, 0x25, 0x2b, 0x2b, 0x2b, 0x2b, 0x2b, 0x2b, 0x32, 0x32, 0x32, 0x32, 0x32, 0x32, 0x32, 0x32, 0x3a, 0x3a, 0x3a, 0x3a, 0x3a, 0x3a, 0x3a, 0x3a,
	0x42, 0x42, 0x42, 0x42, 0x42, 0x42, 0x42, 0x42, 0x4b, 0x4b, 0x4b, 0x4b, 0x4b, 0x4b, 0x4b, 0x4b, 0x4b, 0x4b, 0x55, 0x55, 0x55, 0x55, 0x55, 0x55, 0x55, 0x55, 0x55, 0x55, 0x5f, 0x5f, 0x5f, 0x5f,
	0x5f, 0x5f, 0x5f, 0x5f, 0x5f, 0x5f, 0x6a, 0x6a, 0x6a, 0x6a, 0x6a, 0x6a, 0x6a, 0x6a, 0x6a, 0x6a, 0x6a, 0x75, 0x75, 0x75, 0x75, 0x75, 0x75, 0x75, 0x75, 0x75, 0x75, 0x75, 0x75, 0x75, 0x82, 0x82,
	0x82, 0x82, 0x82, 0x82, 0x82, 0x82, 0x82, 0x82, 0x82, 0x82, 0x8f, 0x8f, 0x8f, 0x8f, 0x8f, 0x8f, 0x8f, 0x8f, 0x8f, 0x8f, 0x8f, 0x8f, 0x8f, 0x8f, 0x9c, 0x9c, 0x9c, 0x9c, 0x9c, 0x9c, 0x9c, 0x9c,
	0x9c, 0x9c, 0x9c, 0x9c, 0x9c, 0x9c, 0xab, 0xab, 0xab, 0xab, 0xab, 0xab, 0xab, 0xab, 0xab, 0xab, 0xab, 0xab, 0xab, 0xab, 0xab, 0xba, 0xba, 0xba, 0xba, 0xba, 0xba, 0xba, 0xba, 0xba, 0xba, 0xba,
	0xba, 0xba, 0xba, 0xba, 0xca, 0xca, 0xca, 0xca, 0xca, 0xca, 0xca, 0xca, 0xca, 0xca, 0xca, 0xca, 0xca, 0xca, 0xca, 0xca, 0xca, 0xdb, 0xdb, 0xdb, 0xdb, 0xdb, 0xdb, 0xdb, 0xdb, 0xdb, 0xdb, 0xdb,
	0xdb, 0xdb, 0xdb, 0xdb, 0xdb, 0xdb, 0xec, 0xec, 0xec, 0xec, 0xec, 0xec, 0xec, 0xec, 0xec, 0xec, 0xec, 0xec, 0xec, 0xec, 0xec, 0xec, 0xec, 0xec, 0xff, 0xff, 0xff, 0xff, 0xff, 0xff, 0xff, 0xff,
	0x00, 0x00, 0x01, 0x02, 0x03, 0x03, 0x05, 0x05, 0x07, 0x07, 0x0a, 0x0a, 0x0a, 0x0d, 0x0d, 0x0d, 0x0d, 0x11, 0x11, 0x11, 0x11, 0x15, 0x15, 0x15, 0x15, 0x1a, 0x1a, 0x1a, 0x1a, 0x1a, 0x1f, 0x1f,
	0x1f, 0x1f, 0x1f, 0x1f, 0x25, 0x25, 0x25, 0x25, 0x25, 0x25, 0x2b, 0x2b, 0x2b, 0x2b, 0x2b, 0x2b, 0x2b, 0x32, 0x32, 0x32, 0x32, 0x32, 0x32, 0x32, 0x3a, 0x3a, 0x3a, 0x3a, 0x3a, 0x3a, 0x3a, 0x3a,
	0x42, 0x42, 0x42, 0x42, 0x42, 0x42, 0x42, 0x42, 0x42, 0x4b, 0x4b, 0x4b, 0x4b, 0x4b, 0x4b, 0x4b, 0x4b, 0x4b, 0x55, 0x55, 0x55, 0x55, 0x55, 0x55, 0x55, 0x55, 0x55, 0x55, 0x5f, 0x5f, 0x5f, 0x5f,
	0x5f, 0x5f, 0x5f, 0x5f, 0x5f, 0x5f, 0x5f, 0x6a, 0x6a, 0x6a, 0x6a, 0x6a, 0x6a, 0x6a, 0x6a, 0x6a, 0x6a, 0x6a, 0x75, 0x75, 0x75, 0x75, 0x75, 0x75, 0x75, 0x75, 0x75, 0x75, 0x75, 0x75, 0x82, 0x82,
	0x82, 0x82, 0x82, 0x82, 0x82, 0x82, 0x82, 0x82, 0x82, 0x82, 0x82, 0x8f, 0x8f, 0x8f, 0x8f, 0x8f, 0x8f, 0x8f, 0x8f, 0x8f, 0x8f, 0x8f, 0x8f, 0x8f, 0x9c, 0x9c, 0x9c, 0x9c, 0x9c, 0x9c, 0x9c, 0x9c,
	0x9c, 0x9c, 0x9c, 0x9c, 0x9c, 0x9c, 0x9c, 0xab, 0xab, 0xab, 0xab, 0xab, 0xab, 0xab, 0xab, 0xab, 0xab, 0xab, 0xab, 0xab, 0xab, 0xab, 0xba, 0xba, 0xba, 0xba, 0xba, 0xba, 0xba, 0xba, 0xba, 0xba,
	0xba, 0xba, 0xba, 0xba, 0xba, 0xca, 0xca, 0xca, 0xca, 0xca, 0xca, 0xca, 0xca, 0xca, 0xca, 0xca, 0xca, 0xca, 0xca, 0xca, 0xca, 0xca, 0xdb, 0xdb, 0xdb, 0xdb, 0xdb, 0xdb, 0xdb, 0xdb, 0xdb, 0xdb,
	0xdb, 0xdb, 0xdb, 0xdb, 0xdb, 0xdb, 0xdb, 0xec, 0xec, 0xec, 0xec, 0xec, 0xec, 0xec, 0xec, 0xec, 0xec, 0xec, 0xec, 0xec, 0xec, 0xec, 0xec, 0xec, 0xec, 0xff, 0xff, 0xff, 0xff, 0xff, 0xff, 0xff,
	0x00, 0x00, 0x01, 0x02, 0x03, 0x03, 0x05, 0x05, 0x07, 0x07, 0x0a, 0x0a, 0x0a, 0x0d, 0x0d, 0x0d, 0x0d, 0x11, 0x11, 0x11, 0x11, 0x15, 0x15, 0x15, 0x15, 0x15, 0x1a, 0x1a, 0x1a, 0x1a, 0x1a, 0x1f,
	0x1f, 0x1f, 0x1f, 0x1f, 0x25, 0x25, 0x25, 0x25, 0x25, 0x25, 0x25, 0x2b, 0x2b, 0x2b, 0x2b, 0x2b, 0x2b, 0x32, 0x32, 0x32, 0x32, 0x32, 0x32, 0x32, 0x32, 0x3a, 0x3a, 0x3a, 0x3a, 0x3a, 0x3a, 0x3a,
	0x3a, 0x42, 0x42, 0x42, 0x42, 0x42, 0x42, 0x42, 0x42, 0x42, 0x4b, 0x4b, 0x4b, 0x4b, 0x4b, 0x4b, 0x4b, 0x4b, 0x4b, 0x55, 0x55, 0x55, 0x55, 0x55, 0x55, 0x55, 0x55, 0x55, 0x55, 0x5f, 0x5f, 0x5f,
	0x5f, 0x5f, 0x5f, 0x5f, 0x5f, 0x5f, 0x5f, 0x5f, 0x6a, 0x6a, 0x6a, 0x6a, 0x6a, 0x6a, 0x6a, 0x6a, 0x6a, 0x6a, 0x6a, 0x75, 0x75, 0x75, 0x75, 0x75, 0x75, 0x75, 0x75, 0x75, 0x75, 0x75, 0x75, 0x82,
	0x82, 0x82, 0x82, 0x82, 0x82, 0x82, 0x82, 0x82, 0x82, 0x82, 0x82, 0x82, 0x8f, 0x8f, 0x8f, 0x8f, 0x8f, 0x8f, 0x8f, 0x8f, 0x8f, 0x8f, 0x8f, 0x8f, 0x8f, 0x9c, 0x9c, 0x9c, 0x9c, 0x9c, 0x9c, 0x9c,
	0x9c, 0x9c, 0x9c, 0x9c, 0x9c, 0x9c, 0x9c, 0x9c, 0xab, 0xab, 0xab, 0xab, 0xab, 0xab, 0xab, 0xab, 0xab, 0xab, 0xab, 0xab, 0xab, 0xab, 0xab, 0xba, 0xba, 0xba, 0xba, 0xba, 0xba, 0xba, 0xba, 0xba,
	0xba, 0xba, 0xba, 0xba, 0xba, 0xba, 0xca, 0xca, 0xca, 0xca, 0xca, 0xca, 0xca, 0xca, 0xca, 0xca, 0xca, 0xca, 0xca, 0xca, 0xca, 0xca, 0xca, 0xdb, 0xdb, 0xdb, 0xdb, 0xdb, 0xdb, 0xdb, 0xdb, 0xdb,
	0xdb, 0xdb, 0xdb, 0xdb, 0xdb, 0xdb, 0xdb, 0xdb, 0xec, 0xec, 0xec, 0xec, 0xec, 0xec, 0xec, 0xec, 0xec, 0xec, 0xec, 0xec, 0xec, 0xec, 0xec, 0xec, 0xec, 0xec, 0xff, 0xff, 0xff, 0xff, 0xff, 0xff,
	0x00, 0x00, 0x01, 0x02, 0x03, 0x03, 0x05, 0x05, 0x07, 0x07, 0x0a, 0x0a, 0x0a, 0x0a, 0x0d, 0x0d, 0x0d, 0x11, 0x11, 0x11, 0x11, 0x15, 0x15, 0x15, 0x15, 0x15, 0x1a, 0x1a, 0x1a, 0x1a, 0x1a, 0x1f,
	0x1f, 0x1f, 0x1f, 0x1f, 0x1f, 0x25, 0x25, 0x25, 0x25, 0x25, 0x25, 0x2b, 0x2b, 0x2b, 0x2b, 0x2b, 0x2b, 0x2b, 0x32, 0x32, 0x32, 0x32, 0x32, 0x32, 0x32, 0x3a, 0x3a, 0x3a, 0x3a, 0x3a, 0x3a, 0x3a,
	0x3a, 0x42, 0x42, 0x42, 0x42, 0x42, 0x42, 0x42, 0x42, 0x42, 0x4b, 0x4b, 0x4b, 0x4b, 0x4b, 0x4b, 0x4b, 0x4b, 0x4b, 0x55, 0x55, 0x55, 0x55, 0x55, 0x55, 0x55, 0x55, 0x55, 0x55, 0x55, 0x5f, 0x5f,
	0x5f, 0x5f, 0x5f, 0x5f, 0x5f, 0x5f, 0x5f, 0x5f, 0x6a, 0x6a, 0x6a, 0x6a, 0x6a, 0x6a, 0x6a, 0x6a, 0x6a, 0x6a, 0x6a, 0x6a, 0x75, 0x75, 0x75, 0x75, 0x75, 0x75, 0x75, 0x75, 0x75, 0x75, 0x75, 0x75,
	0x82, 0x82, 0x82, 0x82, 0x82, 0x82, 0x82, 0x82, 0x82, 0x82, 0x82, 0x82, 0x82, 0x8f, 0x8f, 0x8f, 0x8f, 0x8f, 0x8f, 0x8f, 0x8f, 0x8f, 0x8f, 0x8f, 0x8f, 0x8f, 0x9c, 0x9c, 0x9c, 0x9c, 0x9c, 0x9c,
	0x9c, 0x9c, 0x9c, 0x9c, 0x9c, 0x9c, 0x9c, 0x9c, 0x9c, 0xab, 0xab, 0xab, 0xab, 0xab, 0xab, 0xab, 0xab, 0xab, 0xab, 0xab, 0xab, 0xab, 0xab, 0xab, 0xba, 0xba, 0xba, 0xba, 0xba, 0xba, 0xba, 0xba,
	0xba, 0xba, 0xba, 0xba, 0xba, 0xba, 0xba, 0xca, 0xca, 0xca, 0xca, 0xca, 0xca, 0xca, 0xca, 0xca, 0xca, 0xca, 0xca, 0xca, 0xca, 0xca, 0xca, 0xca, 0xdb, 0xdb, 0xdb, 0xdb, 0xdb, 0xdb, 0xdb, 0xdb,
	0xdb, 0xdb, 0xdb, 0xdb, 0xdb, 0xdb, 0xdb, 0xdb, 0xdb, 0xec, 0xec, 0xec, 0xec, 0xec, 0xec, 0xec, 0xec, 0xec, 0xec, 0xec, 0xec, 0xec, 0xec, 0xec, 0xec, 0xec, 0xec, 0xff, 0xff, 0xff, 0xff, 0xff,
	0x00, 0x00, 0x01, 0x02, 0x03, 0x03, 0x05, 0x05, 0x07, 0x07, 0x07, 0x0a, 0x0a, 0x0a, 0x0d, 0x0d, 0x0d, 0x11, 0x11, 0x11, 0x11, 0x15, 0x15, 0x15, 0x15, 0x15, 0x1a, 0x1a, 0x1a, 0x1a, 0x1a, 0x1f,
	0x1f, 0x1f, 0x1f, 0x1f, 0x1f, 0x25, 0x25, 0x25, 0x25, 0x25, 0x25, 0x2b, 0x2b, 0x2b, 0x2b, 0x2b, 0x2b, 0x2b, 0x32, 0x32, 0x32, 0x32, 0x32, 0x32, 0x32, 0x32, 0x3a, 0x3a, 0x3a, 0x3a, 0x3a, 0x3a,
	0x3a, 0x3a, 0x42, 0x42, 0x42, 0x42, 0x42, 0x42, 0x42, 0x42, 0x42, 0x4b, 0x4b, 0x4b, 0x4b, 0x4b, 0x4b, 0x4b, 0x4b, 0x4b, 0x55, 0x55, 0x55, 0x55, 0x55, 0x55, 0x55, 0x55, 0x55, 0x55, 0x5f, 0x5f,
	0x5f, 0x5f, 0x5f, 0x5f, 0x5f, 0x5f, 0x5f, 0x5f, 0x5f, 0x6a, 0x6a, 0x6a, 0x6a, 0x6a, 0x6a, 0x6a, 0x6a, 0x6a, 0x6a, 0x6a, 0x75, 0x75, 0x75, 0x75, 0x75, 0x75, 0x75, 0x75, 0x75, 0x75, 0x75, 0x75,
	0x75, 0x82, 0x82, 0x82, 0x82, 0x82, 0x82, 0x82, 0x82, 0x82, 0x82, 0x82, 0x82, 0x8f, 0x8f, 0x8f, 0x8f, 0x8f, 0x8f, 0x8f, 0x8f, 0x8f, 0x8f, 0x8f, 0x8f, 0x8f, 0x8f, 0x9c, 0x9c, 0x9c, 0x9c, 0x9c,
	0x9c, 0x9c, 0x9c, 0x9c, 0x9c, 0x9c, 0x9c, 0x9c, 0x9c, 0xab, 0xab, 0xab, 0xab, 0xab, 0xab, 0xab, 0xab, 0xab, 0xab, 0xab, 0xab, 0xab, 0xab, 0xab, 0xab, 0xba, 0xba, 0xba, 0xba, 0xba, 0xba, 0xba,
	0xba, 0xba, 0xba, 0xba, 0xba, 0xba, 0xba, 0xba, 0xca, 0xca, 0xca, 0xca, 0xca, 0xca, 0xca, 0xca, 0xca, 0xca, 0xca, 0xca, 0xca, 0xca, 0xca, 0xca, 0xca, 0xdb, 0xdb, 0xdb, 0xdb, 0xdb, 0xdb, 0xdb,
	0xdb, 0xdb, 0xdb, 0xdb, 0xdb, 0xdb, 0xdb, 0xdb, 0xdb, 0xdb, 0xec, 0xec, 0xec, 0xec, 0xec, 0xec, 0xec, 0xec, 0xec, 0xec, 0xec, 0xec, 0xec, 0xec, 0xec, 0xec, 0xec, 0xec, 0xec, 0xff, 0xff, 0xff,
	0x00, 0x00, 0x01, 0x02, 0x03, 0x03, 0x05, 0x05, 0x07, 0x07, 0x07, 0x0a, 0x0a, 0x0a, 0x0d, 0x0d, 0x0d, 0x0d, 0x11, 0x11, 0x11, 0x11, 0x15, 0x15, 0x15, 0x15, 0x1a, 0x1a, 0x1a, 0x1a, 0x1a, 0x1a,
	0x1f, 0x1f, 0x1f, 0x1f, 0x1f, 0x25, 0x25, 0x25, 0x25, 0x25, 0x25, 0x25, 0x2b, 0x2b, 0x2b, 0x2b, 0x2b, 0x2b, 0x2b, 0x32, 0x32, 0x32, 0x32, 0x32, 0x32, 0x32, 0x3a, 0x3a, 0x3a, 0x3a, 0x3a, 0x3a,
	0x3a, 0x3a, 0x42, 0x42, 0x42, 0x42, 0x42, 0x42, 0x42, 0x42, 0x42, 0x4b, 0x4b, 0x4b, 0x4b, 0x4b, 0x4b, 0x4b, 0x4b, 0x4b, 0x4b, 0x55, 0x55, 0x55, 0x55, 0x55, 0x55, 0x55, 0x55, 0x55, 0x55, 0x5f,
	0x5f, 0x5f, 0x5f, 0x5f, 0x5f, 0x5f, 0x5f, 0x5f, 0x5f, 0x5f, 0x6a, 0x6a, 0x6a, 0x6a, 0x6a, 0x6a, 0x6a, 0x6a, 0x6a, 0x6a, 0x6a, 0x75, 0x75, 0x75, 0x75, 0x75, 0x75, 0x75, 0x75, 0x75, 0x75, 0x75,
	0x75, 0x82, 0x82, 0x82, 0x82, 0x82, 0x82, 0x82, 0x82, 0x82, 0x82, 0x82, 0x82, 0x82, 0x8f, 0x8f, 0x8f, 0x8f, 0x8f, 0x8f, 0x8f, 0x8f, 0x8f, 0x8f, 0x8f, 0x8f, 0x8f, 0x8f, 0x9c, 0x9c, 0x9c, 0x9c,
	0x9c, 0x9c, 0x9c, 0x9c, 0x9c, 0x9c, 0x9c, 0x9c, 0x9c, 0x9c, 0xab, 0xab, 0xab, 0xab, 0xab, 0xab, 0xab, 0xab, 0xab, 0xab, 0xab, 0xab, 0xab, 0xab, 0xab, 0xba, 0xba, 0xba, 0xba, 0xba, 0xba, 0xba,
	0xba, 0xba, 0xba, 0xba, 0xba, 0xba, 0xba, 0xba, 0xba, 0xca, 0xca, 0xca, 0xca, 0xca, 0xca, 0xca, 0xca, 0xca, 0xca, 0xca, 0xca, 0xca, 0xca, 0xca, 0xca, 0xca, 0xdb, 0xdb, 0xdb, 0xdb, 0xdb, 0xdb,
	0xdb, 0xdb, 0xdb, 0xdb, 0xdb, 0xdb, 0xdb, 0xdb, 0xdb, 0xdb, 0xdb, 0xec, 0xec, 0xec, 0xec, 0xec, 0xec, 0xec, 0xec, 0xec, 0xec, 0xec, 0xec, 0xec, 0xec, 0xec, 0xec, 0xec, 0xec, 0xec, 0xff, 0xff,
	0x00, 0x00, 0x01, 0x02, 0x03, 0x03, 0x05, 0x05, 0x07, 0x07, 0x07, 0x0a, 0x0a, 0x0a, 0x0d, 0x0d, 0x0d, 0x0d, 0x11, 0x11, 0x11, 0x11, 0x15, 0x15, 0x15, 0x15, 0x15, 0x1a, 0x1a, 0x1a, 0x1a, 0x1a,
	0x1f, 0x1f, 0x1f, 0x1f, 0x1f, 0x1f, 0x25, 0x25, 0x25, 0x25, 0x25, 0x25, 0x2b, 0x2b, 0x2b, 0x2b, 0x2b, 0x2b, 0x2b, 0x32, 0x32, 0x32, 0x32, 0x32, 0x32, 0x32, 0x32, 0x3a, 0x3a, 0x3a, 0x3a, 0x3a,
	0x3a, 0x3a, 0x3a, 0x42, 0x42, 0x42, 0x42, 0x42, 0x42, 0x42, 0x42, 0x42, 0x4b, 0x4b, 0x4b, 0x4b, 0x4b, 0x4b, 0x4b, 0x4b, 0x4b, 0x55, 0x55, 0x55, 0x55, 0x55, 0x55, 0x55, 0x55, 0x55, 0x55, 0x5f,
	0x5f, 0x5f, 0x5f, 0x5f, 0x5f, 0x5f, 0x5f, 0x5f, 0x5f, 0x5f, 0x6a, 0x6a, 0x6a, 0x6a, 0x6a, 0x6a, 0x6a, 0x6a, 0x6a, 0x6a, 0x6a, 0x6a, 0x75, 0x75, 0x75, 0x75, 0x75, 0x75, 0x75, 0x75, 0x75, 0x75,
	0x75, 0x75, 0x82, 0x82, 0x82, 0x82, 0x82, 0x82, 0x82, 0x82, 0x82, 0x82, 0x82, 0x82, 0x82, 0x8f, 0x8f, 0x8f, 0x8f, 0x8f, 0x8f, 0x8f, 0x8f, 0x8f, 0x8f, 0x8f, 0x8f, 0x8f, 0x8f, 0x9c, 0x9c, 0x9c,
	0x9c, 0x9c, 0x9c, 0x9c, 0x9c, 0x9c, 0x9c, 0x9c, 0x9c, 0x9c, 0x9c, 0xab, 0xab, 0xab, 0xab, 0xab, 0xab, 0xab, 0xab, 0xab, 0xab, 0xab, 0xab, 0xab, 0xab, 0xab, 0xba, 0xba, 0xba, 0xba, 0xba, 0xba,
	0xba, 0xba, 0xba, 0xba, 0xba, 0xba, 0xba, 0xba, 0xba, 0xba, 0xca, 0xca, 0xca, 0xca, 0xca, 0xca, 0xca, 0xca, 0xca, 0xca, 0xca, 0xca, 0xca, 0xca, 0xca, 0xca, 0xca, 0xdb, 0xdb, 0xdb, 0xdb, 0xdb,
	0xdb, 0xdb, 0xdb, 0xdb, 0xdb, 0xdb, 0xdb, 0xdb, 0xdb, 0xdb, 0xdb, 0xdb, 0xdb, 0xec, 0xec, 0xec, 0xec, 0xec, 0xec, 0xec, 0xec, 0xec, 0xec, 0xec, 0xec, 0xec, 0xec, 0xec, 0xec, 0xec, 0xec, 0xff,
]);

const RGB565_GREEN_LUT = new Uint8Array([
	0x00, 0x01, 0x02, 0x03, 0x04, 0x05, 0x06, 0x07, 0x08, 0x0a, 0x0a, 0x0b, 0x0d, 0x0d, 0x0f, 0x0f, 0x10, 0x12, 0x12, 0x14, 0x14, 0x14, 0x17, 0x17, 0x19, 0x19, 0x1b, 0x1b, 0x1b, 0x1e, 0x1e, 0x21,
	0x21, 0x21, 0x24, 0x24, 0x24, 0x27, 0x27, 0x27, 0x2a, 0x2a, 0x2a, 0x2d, 0x2d, 0x2d, 0x31, 0x31, 0x31, 0x31, 0x34, 0x34, 0x34, 0x38, 0x38, 0x38, 0x38, 0x3c, 0x3c, 0x3c, 0x3c, 0x40, 0x40, 0x40,
	0x40, 0x44, 0x44, 0x44, 0x44, 0x48, 0x48, 0x48, 0x48, 0x48, 0x4d, 0x4d, 0x4d, 0x4d, 0x52, 0x52, 0x52, 0x52, 0x52, 0x57, 0x57, 0x57, 0x57, 0x57, 0x5c, 0x5c, 0x5c, 0x5c, 0x5c, 0x61, 0x61, 0x61,
	0x61, 0x61, 0x66, 0x66, 0x66, 0x66, 0x66, 0x6b, 0x6b, 0x6b, 0x6b, 0x6b, 0x6b, 0x71, 0x71, 0x71, 0x71, 0x71, 0x77, 0x77, 0x77, 0x77, 0x77, 0x77, 0x7d, 0x7d, 0x7d, 0x7d, 0x7d, 0x7d, 0x83, 0x83,
	0x83, 0x83, 0x83, 0x83, 0x8a, 0x8a, 0x8a, 0x8a, 0x8a, 0x8a, 0x8a, 0x90, 0x90, 0x90, 0x90, 0x90, 0x90, 0x97, 0x97, 0x97, 0x97, 0x97, 0x97, 0x97, 0x9e, 0x9e, 0x9e, 0x9e, 0x9e, 0x9e, 0x9e, 0xa5,
	0xa5, 0xa5, 0xa5, 0xa5, 0xa5, 0xa5, 0xac, 0xac, 0xac, 0xac, 0xac, 0xac, 0xac, 0xb3, 0xb3, 0xb3, 0xb3, 0xb3, 0xb3, 0xb3, 0xb3, 0xbb, 0xbb, 0xbb, 0xbb, 0xbb, 0xbb, 0xbb, 0xc3, 0xc3, 0xc3, 0xc3,
	0xc3, 0xc3, 0xc3, 0xc3, 0xcb, 0xcb, 0xcb, 0xcb, 0xcb, 0xcb, 0xcb, 0xcb, 0xd3, 0xd3, 0xd3, 0xd3, 0xd3, 0xd3, 0xd3, 0xd3, 0xdb, 0xdb, 0xdb, 0xdb, 0xdb, 0xdb, 0xdb, 0xdb, 0xe4, 0xe4, 0xe4, 0xe4,
	0xe4, 0xe4, 0xe4, 0xe4, 0xe4, 0xec, 0xec, 0xec, 0xec, 0xec, 0xec, 0xec, 0xec, 0xec, 0xf5, 0xf5, 0xf5, 0xf5, 0xf5, 0xf5, 0xf5, 0xf5, 0xf5, 0xff, 0xff, 0xff, 0xff, 0xff, 0xff, 0xff, 0xff, 0xff,
	0x00, 0x01, 0x02, 0x03, 0x04, 0x05, 0x06, 0x07, 0x08, 0x08, 0x0a, 0x0b, 0x0d, 0x0d, 0x0f, 0x0f, 0x10, 0x10, 0x12, 0x12, 0x14, 0x14, 0x17, 0x17, 0x19, 0x19, 0x1b, 0x1b, 0x1b, 0x1e, 0x1e, 0x21,
	0x21, 0x21, 0x24, 0x24, 0x24, 0x27, 0x27, 0x27, 0x2a, 0x2a, 0x2a, 0x2d, 0x2d, 0x2d, 0x31, 0x31, 0x31, 0x31, 0x34, 0x34, 0x34, 0x34, 0x38, 0x38, 0x38, 0x3c, 0x3c, 0x3c, 0x3c, 0x40, 0x40, 0x40,
	0x40, 0x44, 0x44, 0x44, 0x44, 0x44, 0x48, 0x48, 0x48, 0x48, 0x4d, 0x4d, 0x4d, 0x4d, 0x52, 0x52, 0x52, 0x52, 0x52, 0x57, 0x57, 0x57, 0x57, 0x57, 0x5c, 0x5c, 0x5c, 0x5c, 0x5c, 0x61, 0x61, 0x61,
	0x61, 0x61, 0x66, 0x66, 0x66, 0x66, 0x66, 0x66, 0x6b, 0x6b, 0x6b, 0x6b, 0x6b, 0x71, 0x71, 0x71, 0x71, 0x71, 0x71, 0x77, 0x77, 0x77, 0x77, 0x77, 0x77, 0x7d, 0x7d, 0x7d, 0x7d, 0x7d, 0x7d, 0x83,
	0x83, 0x83, 0x83, 0x83, 0x83, 0x8a, 0x8a, 0x8a, 0x8a, 0x8a, 0x8a, 0x90, 0x90, 0x90, 0x90, 0x90, 0x90, 0x90, 0x97, 0x97, 0x97, 0x97, 0x97, 0x97, 0x9e, 0x9e, 0x9e, 0x9e, 0x9e, 0x9e, 0x9e, 0xa5,
	0xa5, 0xa5, 0xa5, 0xa5, 0xa5, 0xa5, 0xac, 0xac, 0xac, 0xac, 0xac, 0xac, 0xac, 0xac, 0xb3, 0xb3, 0xb3, 0xb3, 0xb3, 0xb3, 0xb3, 0xbb, 0xbb, 0xbb, 0xbb, 0xbb, 0xbb, 0xbb, 0xbb, 0xc3, 0xc3, 0xc3,
	0xc3, 0xc3, 0xc3, 0xc3, 0xcb, 0xcb, 0xcb, 0xcb, 0xcb, 0xcb, 0xcb, 0xcb, 0xd3, 0xd3, 0xd3, 0xd3, 0xd3, 0xd3, 0xd3, 0xd3, 0xd3, 0xdb, 0xdb, 0xdb, 0xdb, 0xdb, 0xdb, 0xdb, 0xdb, 0xe4, 0xe4, 0xe4,
	0xe4, 0xe4, 0xe4, 0xe4, 0xe4, 0xe4, 0xec, 0xec, 0xec, 0xec, 0xec, 0xec, 0xec, 0xec, 0xf5, 0xf5, 0xf5, 0xf5, 0xf5, 0xf5, 0xf5, 0xf5, 0xf5, 0xff, 0xff, 0xff, 0xff, 0xff, 0xff, 0xff, 0xff, 0xff,
	0x00, 0x00, 0x02, 0x03, 0x04, 0x05, 0x06, 0x07, 0x08, 0x08, 0x0a, 0x0b, 0x0b, 0x0d, 0x0f, 0x0f, 0x10, 0x10, 0x12, 0x12, 0x14, 0x14, 0x17, 0x17, 0x19, 0x19, 0x1b, 0x1b, 0x1b, 0x1e, 0x1e, 0x21,
	0x21, 0x21, 0x24, 0x24, 0x24, 0x27, 0x27, 0x27, 0x2a, 0x2a, 0x2a, 0x2d, 0x2d, 0x2d, 0x2d, 0x31, 0x31, 0x31, 0x34, 0x34, 0x34, 0x34, 0x38, 0x38, 0x38, 0x38, 0x3c, 0x3c, 0x3c, 0x40, 0x40, 0x40,
	0x40, 0x40, 0x44, 0x44, 0x44, 0x44, 0x48, 0x48, 0x48, 0x48, 0x4d, 0x4d, 0x4d, 0x4d, 0x4d, 0x52, 0x52, 0x52, 0x52, 0x57, 0x57, 0x57, 0x57, 0x57, 0x5c, 0x5c, 0x5c, 0x5c, 0x5c, 0x61, 0x61, 0x61,
	0x61, 0x61, 0x66, 0x66, 0x66, 0x66, 0x66, 0x66, 0x6b, 0x6b, 0x6b, 0x6b, 0x6b, 0x71, 0x71, 0x71, 0x71, 0x71, 0x71, 0x77, 0x77, 0x77, 0x77, 0x77, 0x77, 0x7d, 0x7d, 0x7d, 0x7d, 0x7d, 0x7d, 0x83,
	0x83, 0x83, 0x83, 0x83, 0x83, 0x8a, 0x8a, 0x8a, 0x8a, 0x8a, 0x8a, 0x8a, 0x90, 0x90, 0x90, 0x90, 0x90, 0x90, 0x97, 0x97, 0x97, 0x97, 0x97, 0x97, 0x97, 0x9e, 0x9e, 0x9e, 0x9e, 0x9e, 0x9e, 0x9e,
	0xa5, 0xa5, 0xa5, 0xa5, 0xa5, 0xa5, 0xa5, 0xac, 0xac, 0xac, 0xac, 0xac, 0xac, 0xac, 0xb3, 0xb3, 0xb3, 0xb3, 0xb3, 0xb3, 0xb3, 0xbb, 0xbb, 0xbb, 0xbb, 0xbb, 0xbb, 0xbb, 0xbb, 0xc3, 0xc3, 0xc3,
	0xc3, 0xc3, 0xc3, 0xc3, 0xc3, 0xcb, 0xcb, 0xcb, 0xcb, 0xcb, 0xcb, 0xcb, 0xcb, 0xd3, 0xd3, 0xd3, 0xd3, 0xd3, 0xd3, 0xd3, 0xd3, 0xdb, 0xdb, 0xdb, 0xdb, 0xdb, 0xdb, 0xdb, 0xdb, 0xdb, 0xe4, 0xe4,
	0xe4, 0xe4, 0xe4, 0xe4, 0xe4, 0xe4, 0xec, 0xec, 0xec, 0xec, 0xec, 0xec, 0xec, 0xec, 0xec, 0xf5, 0xf5, 0xf5, 0xf5, 0xf5, 0xf5, 0xf5, 0xf5, 0xf5, 0xff, 0xff, 0xff, 0xff, 0xff, 0xff, 0xff, 0xff,
	0x00, 0x00, 0x02, 0x03, 0x04, 0x05, 0x06, 0x07, 0x08, 0x08, 0x0a, 0x0b, 0x0b, 0x0d, 0x0f, 0x0f, 0x10, 0x10, 0x12, 0x12, 0x14, 0x14, 0x17, 0x17, 0x19, 0x19, 0x19, 0x1b, 0x1b, 0x1e, 0x1e, 0x1e,
	0x21, 0x21, 0x24, 0x24, 0x24, 0x27, 0x27, 0x27, 0x2a, 0x2a, 0x2a, 0x2a, 0x2d, 0x2d, 0x2d, 0x31, 0x31, 0x31, 0x34, 0x34, 0x34, 0x34, 0x38, 0x38, 0x38, 0x38, 0x3c, 0x3c, 0x3c, 0x3c, 0x40, 0x40,
	0x40, 0x40, 0x44, 0x44, 0x44, 0x44, 0x48, 0x48, 0x48, 0x48, 0x4d, 0x4d, 0x4d, 0x4d, 0x4d, 0x52, 0x52, 0x52, 0x52, 0x52, 0x57, 0x57, 0x57, 0x57, 0x57, 0x5c, 0x5c, 0x5c, 0x5c, 0x5c, 0x61, 0x61,
	0x61, 0x61, 0x61, 0x66, 0x66, 0x66, 0x66, 0x66, 0x6b, 0x6b, 0x6b, 0x6b, 0x6b, 0x6b, 0x71, 0x71, 0x71, 0x71, 0x71, 0x77, 0x77, 0x77, 0x77, 0x77, 0x77, 0x7d, 0x7d, 0x7d, 0x7d, 0x7d, 0x7d, 0x83,
	0x83, 0x83, 0x83, 0x83, 0x83, 0x83, 0x8a, 0x8a, 0x8a, 0x8a, 0x8a, 0x8a, 0x90, 0x90, 0x90, 0x90, 0x90, 0x90, 0x97, 0x97, 0x97, 0x97, 0x97, 0x97, 0x97, 0x9e, 0x9e, 0x9e, 0x9e, 0x9e, 0x9e, 0x9e,
	0xa5, 0xa5, 0xa5, 0xa5, 0xa5, 0xa5, 0xa5, 0xac, 0xac, 0xac, 0xac, 0xac, 0xac, 0xac, 0xac, 0xb3, 0xb3, 0xb3, 0xb3, 0xb3, 0xb3, 0xb3, 0xbb, 0xbb, 0xbb, 0xbb, 0xbb, 0xbb, 0xbb, 0xbb, 0xc3, 0xc3,
	0xc3, 0xc3, 0xc3, 0xc3, 0xc3, 0xcb, 0xcb, 0xcb, 0xcb, 0xcb, 0xcb, 0xcb, 0xcb, 0xd3, 0xd3, 0xd3, 0xd3, 0xd3, 0xd3, 0xd3, 0xd3, 0xd3, 0xdb, 0xdb, 0xdb, 0xdb, 0xdb, 0xdb, 0xdb, 0xdb, 0xe4, 0xe4,
	0xe4, 0xe4, 0xe4, 0xe4, 0xe4, 0xe4, 0xe4, 0xec, 0xec, 0xec, 0xec, 0xec, 0xec, 0xec, 0xec, 0xf5, 0xf5, 0xf5, 0xf5, 0xf5, 0xf5, 0xf5, 0xf5, 0xf5, 0xff, 0xff, 0xff, 0xff, 0xff, 0xff, 0xff, 0xff,
	0x00, 0x00, 0x02, 0x03, 0x04, 0x05, 0x06, 0x07, 0x07, 0x08, 0x0a, 0x0b, 0x0b, 0x0d, 0x0f, 0x0f, 0x10, 0x10, 0x12, 0x12, 0x14, 0x14, 0x17, 0x17, 0x19, 0x19, 0x19, 0x1b, 0x1b, 0x1e, 0x1e, 0x1e,
	0x21, 0x21, 0x21, 0x24, 0x24, 0x24, 0x27, 0x27, 0x27, 0x2a, 0x2a, 0x2a, 0x2d, 0x2d, 0x2d, 0x31, 0x31, 0x31, 0x31, 0x34, 0x34, 0x34, 0x38, 0x38, 0x38, 0x38, 0x3c, 0x3c, 0x3c, 0x3c, 0x40, 0x40,
	0x40, 0x40, 0x44, 0x44, 0x44, 0x44, 0x48, 0x48, 0x48, 0x48, 0x48, 0x4d, 0x4d, 0x4d, 0x4d, 0x52, 0x52, 0x52, 0x52, 0x52, 0x57, 0x57, 0x57, 0x57, 0x57, 0x5c, 0x5c, 0x5c, 0x5c, 0x5c, 0x61, 0x61,
	0x61, 0x61, 0x61, 0x66, 0x66, 0x66, 0x66, 0x66, 0x66, 0x6b, 0x6b, 0x6b, 0x6b, 0x6b, 0x71, 0x71, 0x71, 0x71, 0x71, 0x71, 0x77, 0x77, 0x77, 0x77, 0x77, 0x77, 0x7d, 0x7d, 0x7d, 0x7d, 0x7d, 0x7d,
	0x83, 0x83, 0x83, 0x83, 0x83, 0x83, 0x8a, 0x8a, 0x8a, 0x8a, 0x8a, 0x8a, 0x90, 0x90, 0x90, 0x90, 0x90, 0x90, 0x90, 0x97, 0x97, 0x97, 0x97, 0x97, 0x97, 0x97, 0x9e, 0x9e, 0x9e, 0x9e, 0x9e, 0x9e,
	0x9e, 0xa5, 0xa5, 0xa5, 0xa5, 0xa5, 0xa5, 0xa5, 0xac, 0xac, 0xac, 0xac, 0xac, 0xac, 0xac, 0xb3, 0xb3, 0xb3, 0xb3, 0xb3, 0xb3, 0xb3, 0xbb, 0xbb, 0xbb, 0xbb, 0xbb, 0xbb, 0xbb, 0xbb, 0xc3, 0xc3,
	0xc3, 0xc3, 0xc3, 0xc3, 0xc3, 0xc3, 0xcb, 0xcb, 0xcb, 0xcb, 0xcb, 0xcb, 0xcb, 0xcb, 0xd3, 0xd3, 0xd3, 0xd3, 0xd3, 0xd3, 0xd3, 0xd3, 0xdb, 0xdb, 0xdb, 0xdb, 0xdb, 0xdb, 0xdb, 0xdb, 0xdb, 0xe4,
	0xe4, 0xe4, 0xe4, 0xe4, 0xe4, 0xe4, 0xe4, 0xec, 0xec, 0xec, 0xec, 0xec, 0xec, 0xec, 0xec, 0xec, 0xf5, 0xf5, 0xf5, 0xf5, 0xf5, 0xf5, 0xf5, 0xf5, 0xf5, 0xff, 0xff, 0xff, 0xff, 0xff, 0xff, 0xff,
	0x00, 0x00, 0x01, 0x03, 0x03, 0x05, 0x06, 0x07, 0x07, 0x08, 0x0a, 0x0b, 0x0b, 0x0d, 0x0f, 0x0f, 0x10, 0x10, 0x12, 0x12, 0x14, 0x14, 0x17, 0x17, 0x19, 0x19, 0x19, 0x1b, 0x1b, 0x1e, 0x1e, 0x1e,
	0x21, 0x21, 0x21, 0x24, 0x24, 0x24, 0x27, 0x27, 0x27, 0x2a, 0x2a, 0x2a, 0x2d, 0x2d, 0x2d, 0x31, 0x31, 0x31, 0x31, 0x34, 0x34, 0x34, 0x34, 0x38, 0x38, 0x38, 0x3c, 0x3c, 0x3c, 0x3c, 0x40, 0x40,
	0x40, 0x40, 0x44, 0x44, 0x44, 0x44, 0x44, 0x48, 0x48, 0x48, 0x48, 0x4d, 0x4d, 0x4d, 0x4d, 0x4d, 0x52, 0x52, 0x52, 0x52, 0x57, 0x57, 0x57, 0x57, 0x57, 0x5c, 0x5c, 0x5c, 0x5c, 0x5c, 0x61, 0x61,
	0x61, 0x61, 0x61, 0x66, 0x66, 0x66, 0x66, 0x66, 0x66, 0x6b, 0x6b, 0x6b, 0x6b, 0x6b, 0x71, 0x71, 0x71, 0x71, 0x71, 0x71, 0x77, 0x77, 0x77, 0x77, 0x77, 0x77, 0x7d, 0x7d, 0x7d, 0x7d, 0x7d, 0x7d,
	0x83, 0x83, 0x83, 0x83, 0x83, 0x83, 0x8a, 0x8a, 0x8a, 0x8a, 0x8a, 0x8a, 0x8a, 0x90, 0x90, 0x90, 0x90, 0x90, 0x90, 0x97, 0x97, 0x97, 0x97, 0x97, 0x97, 0x97, 0x9e, 0x9e, 0x9e, 0x9e, 0x9e, 0x9e,
	0x9e, 0xa5, 0xa5, 0xa5, 0xa5, 0xa5, 0xa5, 0xa5, 0xac, 0xac, 0xac, 0xac, 0xac, 0xac, 0xac, 0xb3, 0xb3, 0xb3, 0xb3, 0xb3, 0xb3, 0xb3, 0xb3, 0xbb, 0xbb, 0xbb, 0xbb, 0xbb, 0xbb, 0xbb, 0xbb, 0xc3,
	0xc3, 0xc3, 0xc3, 0xc3, 0xc3, 0xc3, 0xcb, 0xcb, 0xcb, 0xcb, 0xcb, 0xcb, 0xcb, 0xcb, 0xd3, 0xd3, 0xd3, 0xd3, 0xd3, 0xd3, 0xd3, 0xd3, 0xd3, 0xdb, 0xdb, 0xdb, 0xdb, 0xdb, 0xdb, 0xdb, 0xdb, 0xe4,
	0xe4, 0xe4, 0xe4, 0xe4, 0xe4, 0xe4, 0xe4, 0xe4, 0xec, 0xec, 0xec, 0xec, 0xec, 0xec, 0xec, 0xec, 0xec, 0xf5, 0xf5, 0xf5, 0xf5, 0xf5, 0xf5, 0xf5, 0xf5, 0xff, 0xff, 0xff, 0xff, 0xff, 0xff, 0xff,
	0x00, 0x00, 0x01, 0x03, 0x03, 0x05, 0x06, 0x06, 0x07, 0x08, 0x0a, 0x0b, 0x0b, 0x0d, 0x0d, 0x0f, 0x10, 0x10, 0x12, 0x12, 0x14, 0x14, 0x17, 0x17, 0x17, 0x19, 0x19, 0x1b, 0x1b, 0x1e, 0x1e, 0x1e,
	0x21, 0x21, 0x21, 0x24, 0x24, 0x24, 0x27, 0x27, 0x27, 0x2a, 0x2a, 0x2a, 0x2d, 0x2d, 0x2d, 0x2d, 0x31, 0x31, 0x31, 0x34, 0x34, 0x34, 0x34, 0x38, 0x38, 0x38, 0x38, 0x3c, 0x3c, 0x3c, 0x40, 0x40,
	0x40, 0x40, 0x40, 0x44, 0x44, 0x44, 0x44, 0x48, 0x48, 0x48, 0x48, 0x4d, 0x4d, 0x4d, 0x4d, 0x4d, 0x52, 0x52, 0x52, 0x52, 0x52, 0x57, 0x57, 0x57, 0x57, 0x57, 0x5c, 0x5c, 0x5c, 0x5c, 0x5c, 0x61,
	0x61, 0x61, 0x61, 0x61, 0x66, 0x66, 0x66, 0x66, 0x66, 0x6b, 0x6b, 0x6b, 0x6b, 0x6b, 0x6b, 0x71, 0x71, 0x71, 0x71, 0x71, 0x77, 0x77, 0x77, 0x77, 0x77, 0x77, 0x7d, 0x7d, 0x7d, 0x7d, 0x7d, 0x7d,
	0x83, 0x83, 0x83, 0x83, 0x83, 0x83, 0x83, 0x8a, 0x8a, 0x8a, 0x8a, 0x8a, 0x8a, 0x90, 0x90, 0x90, 0x90, 0x90, 0x90, 0x90, 0x97, 0x97, 0x97, 0x97, 0x97, 0x97, 0x97, 0x9e, 0x9e, 0x9e, 0x9e, 0x9e,
	0x9e, 0xa5, 0xa5, 0xa5, 0xa5, 0xa5, 0xa5, 0xa5, 0xa5, 0xac, 0xac, 0xac, 0xac, 0xac, 0xac, 0xac, 0xb3, 0xb3, 0xb3, 0xb3, 0xb3, 0xb3, 0xb3, 0xbb, 0xbb, 0xbb, 0xbb, 0xbb, 0xbb, 0xbb, 0xbb, 0xc3,
	0xc3, 0xc3, 0xc3, 0xc3, 0xc3, 0xc3, 0xc3, 0xcb, 0xcb, 0xcb, 0xcb, 0xcb, 0xcb, 0xcb, 0xcb, 0xd3, 0xd3, 0xd3, 0xd3, 0xd3, 0xd3, 0xd3, 0xd3, 0xdb, 0xdb, 0xdb, 0xdb, 0xdb, 0xdb, 0xdb, 0xdb, 0xdb,
	0xe4, 0xe4, 0xe4, 0xe4, 0xe4, 0xe4, 0xe4, 0xe4, 0xec, 0xec, 0xec, 0xec, 0xec, 0xec, 0xec, 0xec, 0xec, 0xf5, 0xf5, 0xf5, 0xf5, 0xf5, 0xf5, 0xf5, 0xf5, 0xf5, 0xff, 0xff, 0xff, 0xff, 0xff, 0xff,
	0x00, 0x00, 0x01, 0x03, 0x03, 0x04, 0x05, 0x06, 0x07, 0x08, 0x0a, 0x0b, 0x0b, 0x0d, 0x0d, 0x0f, 0x10, 0x10, 0x12, 0x12, 0x14, 0x14, 0x17, 0x17, 0x17, 0x19, 0x19, 0x1b, 0x1b, 0x1b, 0x1e, 0x1e,
	0x21, 0x21, 0x21, 0x24, 0x24, 0x24, 0x27, 0x27, 0x27, 0x2a, 0x2a, 0x2a, 0x2d, 0x2d, 0x2d, 0x2d, 0x31, 0x31, 0x31, 0x34, 0x34, 0x34, 0x34, 0x38, 0x38, 0x38, 0x38, 0x3c, 0x3c, 0x3c, 0x3c, 0x40,
	0x40, 0x40, 0x40, 0x44, 0x44, 0x44, 0x44, 0x48, 0x48, 0x48, 0x48, 0x48, 0x4d, 0x4d, 0x4d, 0x4d, 0x52, 0x52, 0x52, 0x52, 0x52, 0x57, 0x57, 0x57, 0x57, 0x57, 0x5c, 0x5c, 0x5c, 0x5c, 0x5c, 0x61,
	0x61, 0x61, 0x61, 0x61, 0x66, 0x66, 0x66, 0x66, 0x66, 0x66, 0x6b, 0x6b, 0x6b, 0x6b, 0x6b, 0x71, 0x71, 0x71, 0x71, 0x71, 0x71, 0x77, 0x77, 0x77, 0x77, 0x77, 0x77, 0x7d, 0x7d, 0x7d, 0x7d, 0x7d,
	0x7d, 0x83, 0x83, 0x83, 0x83, 0x83, 0x83, 0x8a, 0x8a, 0x8a, 0x8a, 0x8a, 0x8a, 0x8a, 0x90, 0x90, 0x90, 0x90, 0x90, 0x90, 0x97, 0x97, 0x97, 0x97, 0x97, 0x97, 0x97, 0x9e, 0x9e, 0x9e, 0x9e, 0x9e,
	0x9e, 0x9e, 0xa5, 0xa5, 0xa5, 0xa5, 0xa5, 0xa5, 0xa5, 0xac, 0xac, 0xac, 0xac, 0xac, 0xac, 0xac, 0xb3, 0xb3, 0xb3, 0xb3, 0xb3, 0xb3, 0xb3, 0xb3, 0xbb, 0xbb, 0xbb, 0xbb, 0xbb, 0xbb, 0xbb, 0xbb,
	0xc3, 0xc3, 0xc3, 0xc3, 0xc3, 0xc3, 0xc3, 0xcb, 0xcb, 0xcb, 0xcb, 0xcb, 0xcb, 0xcb, 0xcb, 0xcb, 0xd3, 0xd3, 0xd3, 0xd3, 0xd3, 0xd3, 0xd3, 0xd3, 0xdb, 0xdb, 0xdb, 0xdb, 0xdb, 0xdb, 0xdb, 0xdb,
	0xe4, 0xe4, 0xe4, 0xe4, 0xe4, 0xe4, 0xe4, 0xe4, 0xe4, 0xec, 0xec, 0xec, 0xec, 0xec, 0xec, 0xec, 0xec, 0xec, 0xf5, 0xf5, 0xf5, 0xf5, 0xf5, 0xf5, 0xf5, 0xf5, 0xf5, 0xff, 0xff, 0xff, 0xff, 0xff,
	0x00, 0x00, 0x01, 0x03, 0x03, 0x04, 0x05, 0x06, 0x07, 0x08, 0x0a, 0x0a, 0x0b, 0x0d, 0x0d, 0x0f, 0x0f, 0x10, 0x12, 0x12, 0x14, 0x14, 0x14, 0x17, 0x17, 0x19, 0x19, 0x1b, 0x1b, 0x1b, 0x1e, 0x1e,
	0x1e, 0x21, 0x21, 0x24, 0x24, 0x24, 0x27, 0x27, 0x27, 0x2a, 0x2a, 0x2a, 0x2a, 0x2d, 0x2d, 0x2d, 0x31, 0x31, 0x31, 0x31, 0x34, 0x34, 0x34, 0x38, 0x38, 0x38, 0x38, 0x3c, 0x3c, 0x3c, 0x3c, 0x40,
	0x40, 0x40, 0x40, 0x44, 0x44, 0x44, 0x44, 0x48, 0x48, 0x48, 0x48, 0x48, 0x4d, 0x4d, 0x4d, 0x4d, 0x52, 0x52, 0x52, 0x52, 0x52, 0x57, 0x57, 0x57, 0x57, 0x57, 0x5c, 0x5c, 0x5c, 0x5c, 0x5c, 0x61,
	0x61, 0x61, 0x61, 0x61, 0x66, 0x66, 0x66, 0x66, 0x66, 0x66, 0x6b, 0x6b, 0x6b, 0x6b, 0x6b, 0x71, 0x71, 0x71, 0x71, 0x71, 0x71, 0x77, 0x77, 0x77, 0x77, 0x77, 0x77, 0x7d, 0x7d, 0x7d, 0x7d, 0x7d,
	0x7d, 0x83, 0x83, 0x83, 0x83, 0x83, 0x83, 0x83, 0x8a, 0x8a, 0x8a, 0x8a, 0x8a, 0x8a, 0x90, 0x90, 0x90, 0x90, 0x90, 0x90, 0x90, 0x97, 0x97, 0x97, 0x97, 0x97, 0x97, 0x9e, 0x9e, 0x9e, 0x9e, 0x9e,
	0x9e, 0x9e, 0xa5, 0xa5, 0xa5, 0xa5, 0xa5, 0xa5, 0xa5, 0xa5, 0xac, 0xac, 0xac, 0xac, 0xac, 0xac, 0xac, 0xb3, 0xb3, 0xb3, 0xb3, 0xb3, 0xb3, 0xb3, 0xbb, 0xbb, 0xbb, 0xbb, 0xbb, 0xbb, 0xbb, 0xbb,
	0xc3, 0xc3, 0xc3, 0xc3, 0xc3, 0xc3, 0xc3, 0xc3, 0xcb, 0xcb, 0xcb, 0xcb, 0xcb, 0xcb, 0xcb, 0xcb, 0xd3, 0xd3, 0xd3, 0xd3, 0xd3, 0xd3, 0xd3, 0xd3, 0xdb, 0xdb, 0xdb, 0xdb, 0xdb, 0xdb, 0xdb, 0xdb,
	0xdb, 0xe4, 0xe4, 0xe4, 0xe4, 0xe4, 0xe4, 0xe4, 0xe4, 0xec, 0xec, 0xec, 0xec, 0xec, 0xec, 0xec, 0xec, 0xec, 0xf5, 0xf5, 0xf5, 0xf5, 0xf5, 0xf5, 0xf5, 0xf5, 0xf5, 0xff, 0xff, 0xff, 0xff, 0xff,
	0x00, 0x00, 0x01, 0x03, 0x03, 0x04, 0x05, 0x06, 0x07, 0x08, 0x0a, 0x0a, 0x0b, 0x0d, 0x0d, 0x0f, 0x0f, 0x10, 0x10, 0x12, 0x12, 0x14, 0x14, 0x17, 0x17, 0x19, 0x19, 0x1b, 0x1b, 0x1b, 0x1e, 0x1e,
	0x1e, 0x21, 0x21, 0x21, 0x24, 0x24, 0x27, 0x27, 0x27, 0x27, 0x2a, 0x2a, 0x2a, 0x2d, 0x2d, 0x2d, 0x31, 0x31, 0x31, 0x31, 0x34, 0x34, 0x34, 0x38, 0x38, 0x38, 0x38, 0x3c, 0x3c, 0x3c, 0x3c, 0x40,
	0x40, 0x40, 0x40, 0x44, 0x44, 0x44, 0x44, 0x44, 0x48, 0x48, 0x48, 0x48, 0x4d, 0x4d, 0x4d, 0x4d, 0x4d, 0x52, 0x52, 0x52, 0x52, 0x52, 0x57, 0x57, 0x57, 0x57, 0x5c, 0x5c, 0x5c, 0x5c, 0x5c, 0x5c,
	0x61, 0x61, 0x61, 0x61, 0x61, 0x66, 0x66, 0x66, 0x66, 0x66, 0x6b, 0x6b, 0x6b, 0x6b, 0x6b, 0x6b, 0x71, 0x71, 0x71, 0x71, 0x71, 0x71, 0x77, 0x77, 0x77, 0x77, 0x77, 0x77, 0x7d, 0x7d, 0x7d, 0x7d,
	0x7d, 0x7d, 0x83, 0x83, 0x83, 0x83, 0x83, 0x83, 0x8a, 0x8a, 0x8a, 0x8a, 0x8a, 0x8a, 0x90, 0x90, 0x90, 0x90, 0x90, 0x90, 0x90, 0x97, 0x97, 0x97, 0x97, 0x97, 0x97, 0x97, 0x9e, 0x9e, 0x9e, 0x9e,
	0x9e, 0x9e, 0x9e, 0xa5, 0xa5, 0xa5, 0xa5, 0xa5, 0xa5, 0xa5, 0xac, 0xac, 0xac, 0xac, 0xac, 0xac, 0xac, 0xb3, 0xb3, 0xb3, 0xb3, 0xb3, 0xb3, 0xb3, 0xb3, 0xbb, 0xbb, 0xbb, 0xbb, 0xbb, 0xbb, 0xbb,
	0xbb, 0xc3, 0xc3, 0xc3, 0xc3, 0xc3, 0xc3, 0xc3, 0xcb, 0xcb, 0xcb, 0xcb, 0xcb, 0xcb, 0xcb, 0xcb, 0xcb, 0xd3, 0xd3, 0xd3, 0xd3, 0xd3, 0xd3, 0xd3, 0xd3, 0xdb, 0xdb, 0xdb, 0xdb, 0xdb, 0xdb, 0xdb,
	0xdb, 0xe4, 0xe4, 0xe4, 0xe4, 0xe4, 0xe4, 0xe4, 0xe4, 0xe4, 0xec, 0xec, 0xec, 0xec, 0xec, 0xec, 0xec, 0xec, 0xec, 0xf5, 0xf5, 0xf5, 0xf5, 0xf5, 0xf5, 0xf5, 0xf5, 0xf5, 0xff, 0xff, 0xff, 0xff,
	0x00, 0x00, 0x01, 0x03, 0x03, 0x04, 0x05, 0x06, 0x07, 0x08, 0x0a, 0x0a, 0x0b, 0x0d, 0x0d, 0x0f, 0x0f, 0x10, 0x10, 0x12, 0x12, 0x14, 0x14, 0x17, 0x17, 0x19, 0x19, 0x19, 0x1b, 0x1b, 0x1e, 0x1e,
	0x1e, 0x21, 0x21, 0x21, 0x24, 0x24, 0x24, 0x27, 0x27, 0x27, 0x2a, 0x2a, 0x2a, 0x2d, 0x2d, 0x2d, 0x31, 0x31, 0x31, 0x31, 0x34, 0x34, 0x34, 0x34, 0x38, 0x38, 0x38, 0x38, 0x3c, 0x3c, 0x3c, 0x40,
	0x40, 0x40, 0x40, 0x40, 0x44, 0x44, 0x44, 0x44, 0x48, 0x48, 0x48, 0x48, 0x4d, 0x4d, 0x4d, 0x4d, 0x4d, 0x52, 0x52, 0x52, 0x52, 0x52, 0x57, 0x57, 0x57, 0x57, 0x57, 0x5c, 0x5c, 0x5c, 0x5c, 0x5c,
	0x61, 0x61, 0x61, 0x61, 0x61, 0x66, 0x66, 0x66, 0x66, 0x66, 0x66, 0x6b, 0x6b, 0x6b, 0x6b, 0x6b, 0x71, 0x71, 0x71, 0x71, 0x71, 0x71, 0x77, 0x77, 0x77, 0x77, 0x77, 0x77, 0x7d, 0x7d, 0x7d, 0x7d,
	0x7d, 0x7d, 0x83, 0x83, 0x83, 0x83, 0x83, 0x83, 0x8a, 0x8a, 0x8a, 0x8a, 0x8a, 0x8a, 0x8a, 0x90, 0x90, 0x90, 0x90, 0x90, 0x90, 0x97, 0x97, 0x97, 0x97, 0x97, 0x97, 0x97, 0x9e, 0x9e, 0x9e, 0x9e,
	0x9e, 0x9e, 0x9e, 0xa5, 0xa5, 0xa5, 0xa5, 0xa5, 0xa5, 0xa5, 0xac, 0xac, 0xac, 0xac, 0xac, 0xac, 0xac, 0xac, 0xb3, 0xb3, 0xb3, 0xb3, 0xb3, 0xb3, 0xb3, 0xbb, 0xbb, 0xbb, 0xbb, 0xbb, 0xbb, 0xbb,
	0xbb, 0xc3, 0xc3, 0xc3, 0xc3, 0xc3, 0xc3, 0xc3, 0xc3, 0xcb, 0xcb, 0xcb, 0xcb, 0xcb, 0xcb, 0xcb, 0xcb, 0xd3, 0xd3, 0xd3, 0xd3, 0xd3, 0xd3, 0xd3, 0xd3, 0xdb, 0xdb, 0xdb, 0xdb, 0xdb, 0xdb, 0xdb,
	0xdb, 0xdb, 0xe4, 0xe4, 0xe4, 0xe4, 0xe4, 0xe4, 0xe4, 0xe4, 0xec, 0xec, 0xec, 0xec, 0xec, 0xec, 0xec, 0xec, 0xec, 0xf5, 0xf5, 0xf5, 0xf5, 0xf5, 0xf5, 0xf5, 0xf5, 0xf5, 0xff, 0xff, 0xff, 0xff,
	0x00, 0x00, 0x01, 0x03, 0x03, 0x04, 0x05, 0x06, 0x07, 0x08, 0x0a, 0x0a, 0x0b, 0x0d, 0x0d, 0x0f, 0x0f, 0x10, 0x10, 0x12, 0x12, 0x14, 0x14, 0x17, 0x17, 0x19, 0x19, 0x19, 0x1b, 0x1b, 0x1e, 0x1e,
	0x1e, 0x21, 0x21, 0x21, 0x24, 0x24, 0x24, 0x27, 0x27, 0x27, 0x2a, 0x2a, 0x2a, 0x2d, 0x2d, 0x2d, 0x2d, 0x31, 0x31, 0x31, 0x34, 0x34, 0x34, 0x34, 0x38, 0x38, 0x38, 0x38, 0x3c, 0x3c, 0x3c, 0x3c,
	0x40, 0x40, 0x40, 0x40, 0x44, 0x44, 0x44, 0x44, 0x48, 0x48, 0x48, 0x48, 0x48, 0x4d, 0x4d, 0x4d, 0x4d, 0x52, 0x52, 0x52, 0x52, 0x52, 0x57, 0x57, 0x57, 0x57, 0x57, 0x5c, 0x5c, 0x5c, 0x5c, 0x5c,
	0x61, 0x61, 0x61, 0x61, 0x61, 0x66, 0x66, 0x66, 0x66, 0x66, 0x66, 0x6b, 0x6b, 0x6b, 0x6b, 0x6b, 0x6b, 0x71, 0x71, 0x71, 0x71, 0x71, 0x77, 0x77, 0x77, 0x77, 0x77, 0x77, 0x7d, 0x7d, 0x7d, 0x7d,
	0x7d, 0x7d, 0x83, 0x83, 0x83, 0x83, 0x83, 0x83, 0x83, 0x8a, 0x8a, 0x8a, 0x8a, 0x8a, 0x8a, 0x90, 0x90, 0x90, 0x90, 0x90, 0x90, 0x90, 0x97, 0x97, 0x97, 0x97, 0x97, 0x97, 0x97, 0x9e, 0x9e, 0x9e,
	0x9e, 0x9e, 0x9e, 0x9e, 0xa5, 0xa5, 0xa5, 0xa5, 0xa5, 0xa5, 0xa5, 0xac, 0xac, 0xac, 0xac, 0xac, 0xac, 0xac, 0xb3, 0xb3, 0xb3, 0xb3, 0xb3, 0xb3, 0xb3, 0xb3, 0xbb, 0xbb, 0xbb, 0xbb, 0xbb, 0xbb,
	0xbb, 0xbb, 0xc3, 0xc3, 0xc3, 0xc3, 0xc3, 0xc3, 0xc3, 0xcb, 0xcb, 0xcb, 0xcb, 0xcb, 0xcb, 0xcb, 0xcb, 0xcb, 0xd3, 0xd3, 0xd3, 0xd3, 0xd3, 0xd3, 0xd3, 0xd3, 0xdb, 0xdb, 0xdb, 0xdb, 0xdb, 0xdb,
	0xdb, 0xdb, 0xe4, 0xe4, 0xe4, 0xe4, 0xe4, 0xe4, 0xe4, 0xe4, 0xe4, 0xec, 0xec, 0xec, 0xec, 0xec, 0xec, 0xec, 0xec, 0xec, 0xf5, 0xf5, 0xf5, 0xf5, 0xf5, 0xf5, 0xf5, 0xf5, 0xf5, 0xff, 0xff, 0xff,
	0x00, 0x00, 0x01, 0x03, 0x03, 0x04, 0x05, 0x06, 0x07, 0x08, 0x0a, 0x0a, 0x0b, 0x0b, 0x0d, 0x0f, 0x0f, 0x10, 0x10, 0x12, 0x12, 0x14, 0x14, 0x17, 0x17, 0x17, 0x19, 0x19, 0x1b, 0x1b, 0x1e, 0x1e,
	0x1e, 0x21, 0x21, 0x21, 0x24, 0x24, 0x24, 0x27, 0x27, 0x27, 0x2a, 0x2a, 0x2a, 0x2d, 0x2d, 0x2d, 0x2d, 0x31, 0x31, 0x31, 0x34, 0x34, 0x34, 0x34, 0x38, 0x38, 0x38, 0x38, 0x3c, 0x3c, 0x3c, 0x3c,
	0x40, 0x40, 0x40, 0x40, 0x44, 0x44, 0x44, 0x44, 0x44, 0x48, 0x48, 0x48, 0x48, 0x4d, 0x4d, 0x4d, 0x4d, 0x4d, 0x52, 0x52, 0x52, 0x52, 0x57, 0x57, 0x57, 0x57, 0x57, 0x5c, 0x5c, 0x5c, 0x5c, 0x5c,
	0x5c, 0x61, 0x61, 0x61, 0x61, 0x61, 0x66, 0x66, 0x66, 0x66, 0x66, 0x6b, 0x6b, 0x6b, 0x6b, 0x6b, 0x6b, 0x71, 0x71, 0x71, 0x71, 0x71, 0x71, 0x77, 0x77, 0x77, 0x77, 0x77, 0x77, 0x7d, 0x7d, 0x7d,
	0x7d, 0x7d, 0x7d, 0x83, 0x83, 0x83, 0x83, 0x83, 0x83, 0x8a, 0x8a, 0x8a, 0x8a, 0x8a, 0x8a, 0x8a, 0x90, 0x90, 0x90, 0x90, 0x90, 0x90, 0x97, 0x97, 0x97, 0x97, 0x97, 0x97, 0x97, 0x9e, 0x9e, 0x9e,
	0x9e, 0x9e, 0x9e, 0x9e, 0xa5, 0xa5, 0xa5, 0xa5, 0xa5, 0xa5, 0xa5, 0xac, 0xac, 0xac, 0xac, 0xac, 0xac, 0xac, 0xac, 0xb3, 0xb3, 0xb3, 0xb3, 0xb3, 0xb3, 0xb3, 0xbb, 0xbb, 0xbb, 0xbb, 0xbb, 0xbb,
	0xbb, 0xbb, 0xc3, 0xc3, 0xc3, 0xc3, 0xc3, 0xc3, 0xc3, 0xc3, 0xcb, 0xcb, 0xcb, 0xcb, 0xcb, 0xcb, 0xcb, 0xcb, 0xd3, 0xd3, 0xd3, 0xd3, 0xd3, 0xd3, 0xd3, 0xd3, 0xdb, 0xdb, 0xdb, 0xdb, 0xdb, 0xdb,
	0xdb, 0xdb, 0xdb, 0xe4, 0xe4, 0xe4, 0xe4, 0xe4, 0xe4, 0xe4, 0xe4, 0xe4, 0xec, 0xec, 0xec, 0xec, 0xec, 0xec, 0xec, 0xec, 0xf5, 0xf5, 0xf5, 0xf5, 0xf5, 0xf5, 0xf5, 0xf5, 0xf5, 0xff, 0xff, 0xff,
	0x00, 0x00, 0x01, 0x03, 0x03, 0x04, 0x05, 0x06, 0x07, 0x08, 0x08, 0x0a, 0x0b, 0x0b, 0x0d, 0x0f, 0x0f, 0x10, 0x10, 0x12, 0x12, 0x14, 0x14, 0x17, 0x17, 0x17, 0x19, 0x19, 0x1b, 0x1b, 0x1b, 0x1e,
	0x1e, 0x21, 0x21, 0x21, 0x24, 0x24, 0x24, 0x27, 0x27, 0x27, 0x2a, 0x2a, 0x2a, 0x2a, 0x2d, 0x2d, 0x2d, 0x31, 0x31, 0x31, 0x31, 0x34, 0x34, 0x34, 0x38, 0x38, 0x38, 0x38, 0x3c, 0x3c, 0x3c, 0x3c,
	0x40, 0x40, 0x40, 0x40, 0x44, 0x44, 0x44, 0x44, 0x44, 0x48, 0x48, 0x48, 0x48, 0x4d, 0x4d, 0x4d, 0x4d, 0x4d, 0x52, 0x52, 0x52, 0x52, 0x52, 0x57, 0x57, 0x57, 0x57, 0x57, 0x5c, 0x5c, 0x5c, 0x5c,
	0x5c, 0x61, 0x61, 0x61, 0x61, 0x61, 0x66, 0x66, 0x66, 0x66, 0x66, 0x66, 0x6b, 0x6b, 0x6b, 0x6b, 0x6b, 0x71, 0x71, 0x71, 0x71, 0x71, 0x71, 0x77, 0x77, 0x77, 0x77, 0x77, 0x77, 0x7d, 0x7d, 0x7d,
	0x7d, 0x7d, 0x7d, 0x83, 0x83, 0x83, 0x83, 0x83, 0x83, 0x83, 0x8a, 0x8a, 0x8a, 0x8a, 0x8a, 0x8a, 0x90, 0x90, 0x90, 0x90, 0x90, 0x90, 0x90, 0x97, 0x97, 0x97, 0x97, 0x97, 0x97, 0x97, 0x9e, 0x9e,
	0x9e, 0x9e, 0x9e, 0x9e, 0x9e, 0xa5, 0xa5, 0xa5, 0xa5, 0xa5, 0xa5, 0xa5, 0xac, 0xac, 0xac, 0xac, 0xac, 0xac, 0xac, 0xb3, 0xb3, 0xb3, 0xb3, 0xb3, 0xb3, 0xb3, 0xb3, 0xbb, 0xbb, 0xbb, 0xbb, 0xbb,
	0xbb, 0xbb, 0xbb, 0xc3, 0xc3, 0xc3, 0xc3, 0xc3, 0xc3, 0xc3, 0xcb, 0xcb, 0xcb, 0xcb, 0xcb, 0xcb, 0xcb, 0xcb, 0xcb, 0xd3, 0xd3, 0xd3, 0xd3, 0xd3, 0xd3, 0xd3, 0xd3, 0xdb, 0xdb, 0xdb, 0xdb, 0xdb,
	0xdb, 0xdb, 0xdb, 0xe4, 0xe4, 0xe4, 0xe4, 0xe4, 0xe4, 0xe4, 0xe4, 0xe4, 0xec, 0xec, 0xec, 0xec, 0xec, 0xec, 0xec, 0xec, 0xec, 0xf5, 0xf5, 0xf5, 0xf5, 0xf5, 0xf5, 0xf5, 0xf5, 0xf5, 0xff, 0xff,
	0x00, 0x00, 0x01, 0x03, 0x03, 0x04, 0x05, 0x06, 0x07, 0x08, 0x08, 0x0a, 0x0b, 0x0b, 0x0d, 0x0f, 0x0f, 0x10, 0x10, 0x12, 0x12, 0x14, 0x14, 0x17, 0x17, 0x17, 0x19, 0x19, 0x1b, 0x1b, 0x1b, 0x1e,
	0x1e, 0x1e, 0x21, 0x21, 0x24, 0x24, 0x24, 0x27, 0x27, 0x27, 0x27, 0x2a, 0x2a, 0x2a, 0x2d, 0x2d, 0x2d, 0x31, 0x31, 0x31, 0x31, 0x34, 0x34, 0x34, 0x34, 0x38, 0x38, 0x38, 0x3c, 0x3c, 0x3c, 0x3c,
	0x3c, 0x40, 0x40, 0x40, 0x40, 0x44, 0x44, 0x44, 0x44, 0x48, 0x48, 0x48, 0x48, 0x48, 0x4d, 0x4d, 0x4d, 0x4d, 0x52, 0x52, 0x52, 0x52, 0x52, 0x57, 0x57, 0x57, 0x57, 0x57, 0x5c, 0x5c, 0x5c, 0x5c,
	0x5c, 0x61, 0x61, 0x61, 0x61, 0x61, 0x66, 0x66, 0x66, 0x66, 0x66, 0x66, 0x6b, 0x6b, 0x6b, 0x6b, 0x6b, 0x6b, 0x71, 0x71, 0x71, 0x71, 0x71, 0x77, 0x77, 0x77, 0x77, 0x77, 0x77, 0x7d, 0x7d, 0x7d,
	0x7d, 0x7d, 0x7d, 0x7d, 0x83, 0x83, 0x83, 0x83, 0x83, 0x83, 0x8a, 0x8a, 0x8a, 0x8a, 0x8a, 0x8a, 0x90, 0x90, 0x90, 0x90, 0x90, 0x90, 0x90, 0x97, 0x97, 0x97, 0x97, 0x97, 0x97, 0x97, 0x9e, 0x9e,
	0x9e, 0x9e, 0x9e, 0x9e, 0x9e, 0xa5, 0xa5, 0xa5, 0xa5, 0xa5, 0xa5, 0xa5, 0xac, 0xac, 0xac, 0xac, 0xac, 0xac, 0xac, 0xac, 0xb3, 0xb3, 0xb3, 0xb3, 0xb3, 0xb3, 0xb3, 0xbb, 0xbb, 0xbb, 0xbb, 0xbb,
	0xbb, 0xbb, 0xbb, 0xc3, 0xc3, 0xc3, 0xc3, 0xc3, 0xc3, 0xc3, 0xc3, 0xcb, 0xcb, 0xcb, 0xcb, 0xcb, 0xcb, 0xcb, 0xcb, 0xd3, 0xd3, 0xd3, 0xd3, 0xd3, 0xd3, 0xd3, 0xd3, 0xdb, 0xdb, 0xdb, 0xdb, 0xdb,
	0xdb, 0xdb, 0xdb, 0xdb, 0xe4, 0xe4, 0xe4, 0xe4, 0xe4, 0xe4, 0xe4, 0xe4, 0xe4, 0xec, 0xec, 0xec, 0xec, 0xec, 0xec, 0xec, 0xec, 0xec, 0xf5, 0xf5, 0xf5, 0xf5, 0xf5, 0xf5, 0xf5, 0xf5, 0xf5, 0xff,
	0x00, 0x00, 0x01, 0x02, 0x03, 0x04, 0x05, 0x06, 0x07, 0x08, 0x08, 0x0a, 0x0b, 0x0b, 0x0d, 0x0d, 0x0f, 0x10, 0x10, 0x12, 0x12, 0x14, 0x14, 0x14, 0x17, 0x17, 0x19, 0x19, 0x1b, 0x1b, 0x1b, 0x1e,
	0x1e, 0x1e, 0x21, 0x21, 0x21, 0x24, 0x24, 0x24, 0x27, 0x27, 0x27, 0x2a, 0x2a, 0x2a, 0x2d, 0x2d, 0x2d, 0x2d, 0x31, 0x31, 0x31, 0x34, 0x34, 0x34, 0x34, 0x38, 0x38, 0x38, 0x38, 0x3c, 0x3c, 0x3c,
	0x3c, 0x40, 0x40, 0x40, 0x40, 0x44, 0x44, 0x44, 0x44, 0x48, 0x48, 0x48, 0x48, 0x48, 0x4d, 0x4d, 0x4d, 0x4d, 0x4d, 0x52, 0x52, 0x52, 0x52, 0x57, 0x57, 0x57, 0x57, 0x57, 0x5c, 0x5c, 0x5c, 0x5c,
	0x5c, 0x61, 0x61, 0x61, 0x61, 0x61, 0x61, 0x66, 0x66, 0x66, 0x66, 0x66, 0x6b, 0x6b, 0x6b, 0x6b, 0x6b, 0x6b, 0x71, 0x71, 0x71, 0x71, 0x71, 0x71, 0x77, 0x77, 0x77, 0x77, 0x77, 0x77, 0x7d, 0x7d,
	0x7d, 0x7d, 0x7d, 0x7d, 0x83, 0x83, 0x83, 0x83, 0x83, 0x83, 0x8a, 0x8a, 0x8a, 0x8a, 0x8a, 0x8a, 0x8a, 0x90, 0x90, 0x90, 0x90, 0x90, 0x90, 0x90, 0x97, 0x97, 0x97, 0x97, 0x97, 0x97, 0x9e, 0x9e,
	0x9e, 0x9e, 0x9e, 0x9e, 0x9e, 0xa5, 0xa5, 0xa5, 0xa5, 0xa5, 0xa5, 0xa5, 0xa5, 0xac, 0xac, 0xac, 0xac, 0xac, 0xac, 0xac, 0xb3, 0xb3, 0xb3, 0xb3, 0xb3, 0xb3, 0xb3, 0xb3, 0xbb, 0xbb, 0xbb, 0xbb,
	0xbb, 0xbb, 0xbb, 0xbb, 0xc3, 0xc3, 0xc3, 0xc3, 0xc3, 0xc3, 0xc3, 0xcb, 0xcb, 0xcb, 0xcb, 0xcb, 0xcb, 0xcb, 0xcb, 0xcb, 0xd3, 0xd3, 0xd3, 0xd3, 0xd3, 0xd3, 0xd3, 0xd3, 0xdb, 0xdb, 0xdb, 0xdb,
	0xdb, 0xdb, 0xdb, 0xdb, 0xe4, 0xe4, 0xe4, 0xe4, 0xe4, 0xe4, 0xe4, 0xe4, 0xe4, 0xec, 0xec, 0xec, 0xec, 0xec, 0xec, 0xec, 0xec, 0xec, 0xf5, 0xf5, 0xf5, 0xf5, 0xf5, 0xf5, 0xf5, 0xf5, 0xf5, 0xff,
]);

const RGB343_RED_BLUE_LUT = new Uint8Array([
	0x00, 0x04, 0x04, 0x04, 0x04, 0x10, 0x10, 0x10, 0x10, 0x10, 0x10, 0x10, 0x10, 0x10, 0x10, 0x10, 0x10, 0x10, 0x27, 0x27, 0x27, 0x27, 0x27, 0x27, 0x27, 0x27, 0x27, 0x27, 0x27, 0x27, 0x27, 0x27,
	0x27, 0x27, 0x27, 0x27, 0x27, 0x27, 0x27, 0x27, 0x27, 0x48, 0x48, 0x48, 0x48, 0x48, 0x48, 0x48, 0x48, 0x48, 0x48, 0x48, 0x48, 0x48, 0x48, 0x48, 0x48, 0x48, 0x48, 0x48, 0x48, 0x48, 0x48, 0x48,
	0x48, 0x48, 0x48, 0x48, 0x48, 0x48, 0x48, 0x48, 0x48, 0x48, 0x48, 0x77, 0x77, 0x77, 0x77, 0x77, 0x77, 0x77, 0x77, 0x77, 0x77, 0x77, 0x77, 0x77, 0x77, 0x77, 0x77, 0x77, 0x77, 0x77, 0x77, 0x77,
	0x77, 0x77, 0x77, 0x77, 0x77, 0x77, 0x77, 0x77, 0x77, 0x77, 0x77, 0x77, 0x77, 0x77, 0x77, 0x77, 0x77, 0x77, 0x77, 0x77, 0x77, 0x77, 0x77, 0x77, 0x77, 0x77, 0xb3, 0xb3, 0xb3, 0xb3, 0xb3, 0xb3,
	0xb3, 0xb3, 0xb3, 0xb3, 0xb3, 0xb3, 0xb3, 0xb3, 0xb3, 0xb3, 0xb3, 0xb3, 0xb3, 0xb3, 0xb3, 0xb3, 0xb3, 0xb3, 0xb3, 0xb3, 0xb3, 0xb3, 0xb3, 0xb3, 0xb3, 0xb3, 0xb3, 0xb3, 0xb3, 0xb3, 0xb3, 0xb3,
	0xb3, 0xb3, 0xb3, 0xb3, 0xb3, 0xb3, 0xb3, 0xb3, 0xb3, 0xb3, 0xb3, 0xb3, 0xb3, 0xb3, 0xb3, 0xb3, 0xb3, 0xb3, 0xb3, 0xb3, 0xb3, 0xb3, 0xff, 0xff, 0xff, 0xff, 0xff, 0xff, 0xff, 0xff, 0xff, 0xff,
	0xff, 0xff, 0xff, 0xff, 0xff, 0xff, 0xff, 0xff, 0xff, 0xff, 0xff, 0xff, 0xff, 0xff, 0xff, 0xff, 0xff, 0xff, 0xff, 0xff, 0xff, 0xff, 0xff, 0xff, 0xff, 0xff, 0xff, 0xff, 0xff, 0xff, 0xff, 0xff,
	0xff, 0xff, 0xff, 0xff, 0xff, 0xff, 0xff, 0xff, 0xff, 0xff, 0xff, 0xff, 0xff, 0xff, 0xff, 0xff, 0xff, 0xff, 0xff, 0xff, 0xff, 0xff, 0xff, 0xff, 0xff, 0xff, 0xff, 0xff, 0xff, 0xff, 0xff, 0xff,
	0x00, 0x04, 0x04, 0x04, 0x04, 0x04, 0x10, 0x10, 0x10, 0x10, 0x10, 0x10, 0x10, 0x10, 0x10, 0x10, 0x10, 0x10, 0x10, 0x27, 0x27, 0x27, 0x27, 0x27, 0x27, 0x27, 0x27, 0x27, 0x27, 0x27, 0x27, 0x27,
	0x27, 0x27, 0x27, 0x27, 0x27, 0x27, 0x27, 0x27, 0x27, 0x27, 0x48, 0x48, 0x48, 0x48, 0x48, 0x48, 0x48, 0x48, 0x48, 0x48, 0x48, 0x48, 0x48, 0x48, 0x48, 0x48, 0x48, 0x48, 0x48, 0x48, 0x48, 0x48,
	0x48, 0x48, 0x48, 0x48, 0x48, 0x48, 0x48, 0x48, 0x48, 0x48, 0x48, 0x48, 0x48, 0x77, 0x77, 0x77, 0x77, 0x77, 0x77, 0x77, 0x77, 0x77, 0x77, 0x77, 0x77, 0x77, 0x77, 0x77, 0x77, 0x77, 0x77, 0x77,
	0x77, 0x77, 0x77, 0x77, 0x77, 0x77, 0x77, 0x77, 0x77, 0x77, 0x77, 0x77, 0x77, 0x77, 0x77, 0x77, 0x77, 0x77, 0x77, 0x77, 0x77, 0x77, 0x77, 0x77, 0x77, 0x77, 0x77, 0x77, 0x77, 0xb3, 0xb3, 0xb3,
	0xb3, 0xb3, 0xb3, 0xb3, 0xb3, 0xb3, 0xb3, 0xb3, 0xb3, 0xb3, 0xb3, 0xb3, 0xb3, 0xb3, 0xb3, 0xb3, 0xb3, 0xb3, 0xb3, 0xb3, 0xb3, 0xb3, 0xb3, 0xb3, 0xb3, 0xb3, 0xb3, 0xb3, 0xb3, 0xb3, 0xb3, 0xb3,
	0xb3, 0xb3, 0xb3, 0xb3, 0xb3, 0xb3, 0xb3, 0xb3, 0xb3, 0xb3, 0xb3, 0xb3, 0xb3, 0xb3, 0xb3, 0xb3, 0xb3, 0xb3, 0xb3, 0xb3, 0xb3, 0xb3, 0xb3, 0xb3, 0xb3, 0xb3, 0xb3, 0xff, 0xff, 0xff, 0xff, 0xff,
	0xff, 0xff, 0xff, 0xff, 0xff, 0xff, 0xff, 0xff, 0xff, 0xff, 0xff, 0xff, 0xff, 0xff, 0xff, 0xff, 0xff, 0xff, 0xff, 0xff, 0xff, 0xff, 0xff, 0xff, 0xff, 0xff, 0xff, 0xff, 0xff, 0xff, 0xff, 0xff,
	0xff, 0xff, 0xff, 0xff, 0xff, 0xff, 0xff, 0xff, 0xff, 0xff, 0xff, 0xff, 0xff, 0xff, 0xff, 0xff, 0xff, 0xff, 0xff, 0xff, 0xff, 0xff, 0xff, 0xff, 0xff, 0xff, 0xff, 0xff, 0xff, 0xff, 0xff, 0xff,
	0x00, 0x04, 0x04, 0x04, 0x04, 0x04, 0x10, 0x10, 0x10, 0x10, 0x10, 0x10, 0x10, 0x10, 0x10, 0x10, 0x10, 0x10, 0x10, 0x10, 0x27, 0x27, 0x27, 0x27, 0x27, 0x27, 0x27, 0x27, 0x27, 0x27, 0x27, 0x27,
	0x27, 0x27, 0x27, 0x27, 0x27, 0x27, 0x27, 0x27, 0x27, 0x27, 0x27, 0x27, 0x48, 0x48, 0x48, 0x48, 0x48, 0x48, 0x48, 0x48, 0x48, 0x48, 0x48, 0x48, 0x48, 0x48, 0x48, 0x48, 0x48, 0x48, 0x48, 0x48,
	0x48, 0x48, 0x48, 0x48, 0x48, 0x48, 0x48, 0x48, 0x48, 0x48, 0x48, 0x48, 0x48, 0x48, 0x48, 0x48, 0x77, 0x77, 0x77, 0x77, 0x77, 0x77, 0x77, 0x77, 0x77, 0x77, 0x77, 0x77, 0x77, 0x77, 0x77, 0x77,
	0x77, 0x77, 0x77, 0x77, 0x77, 0x77, 0x77, 0x77, 0x77, 0x77, 0x77, 0x77, 0x77, 0x77, 0x77, 0x77, 0x77, 0x77, 0x77, 0x77, 0x77, 0x77, 0x77, 0x77, 0x77, 0x77, 0x77, 0x77, 0x77, 0x77, 0x77, 0x77,
	0xb3, 0xb3, 0xb3, 0xb3, 0xb3, 0xb3, 0xb3, 0xb3, 0xb3, 0xb3, 0xb3, 0xb3, 0xb3, 0xb3, 0xb3, 0xb3, 0xb3, 0xb3, 0xb3, 0xb3, 0xb3, 0xb3, 0xb3, 0xb3, 0xb3, 0xb3, 0xb3, 0xb3, 0xb3, 0xb3, 0xb3, 0xb3,
	0xb3, 0xb3, 0xb3, 0xb3, 0xb3, 0xb3, 0xb3, 0xb3, 0xb3, 0xb3, 0xb3, 0xb3, 0xb3, 0xb3, 0xb3, 0xb3, 0xb3, 0xb3, 0xb3, 0xb3, 0xb3, 0xb3, 0xb3, 0xb3, 0xb3, 0xb3, 0xb3, 0xb3, 0xb3, 0xb3, 0xb3, 0xff,
	0xff, 0xff, 0xff, 0xff, 0xff, 0xff, 0xff, 0xff, 0xff, 0xff, 0xff, 0xff, 0xff, 0xff, 0xff, 0xff, 0xff, 0xff, 0xff, 0xff, 0xff, 0xff, 0xff, 0xff, 0xff, 0xff, 0xff, 0xff, 0xff, 0xff, 0xff, 0xff,
	0xff, 0xff, 0xff, 0xff, 0xff, 0xff, 0xff, 0xff, 0xff, 0xff, 0xff, 0xff, 0xff, 0xff, 0xff, 0xff, 0xff, 0xff, 0xff, 0xff, 0xff, 0xff, 0xff, 0xff, 0xff, 0xff, 0xff, 0xff, 0xff, 0xff, 0xff, 0xff,
	0x00, 0x04, 0x04, 0x04, 0x04, 0x04, 0x04, 0x10, 0x10, 0x10, 0x10, 0x10, 0x10, 0x10, 0x10, 0x10, 0x10, 0x10, 0x10, 0x10, 0x10, 0x27, 0x27, 0x27, 0x27, 0x27, 0x27, 0x27, 0x27, 0x27, 0x27, 0x27,
	0x27, 0x27, 0x27, 0x27, 0x27, 0x27, 0x27, 0x27, 0x27, 0x27, 0x27, 0x27, 0x27, 0x27, 0x48, 0x48, 0x48, 0x48, 0x48, 0x48, 0x48, 0x48, 0x48, 0x48, 0x48, 0x48, 0x48, 0x48, 0x48, 0x48, 0x48, 0x48,
	0x48, 0x48, 0x48, 0x48, 0x48, 0x48, 0x48, 0x48, 0x48, 0x48, 0x48, 0x48, 0x48, 0x48, 0x48, 0x48, 0x48, 0x48, 0x48, 0x77, 0x77, 0x77, 0x77, 0x77, 0x77, 0x77, 0x77, 0x77, 0x77, 0x77, 0x77, 0x77,
	0x77, 0x77, 0x77, 0x77, 0x77, 0x77, 0x77, 0x77, 0x77, 0x77, 0x77, 0x77, 0x77, 0x77, 0x77, 0x77, 0x77, 0x77, 0x77, 0x77, 0x77, 0x77, 0x77, 0x77, 0x77, 0x77, 0x77, 0x77, 0x77, 0x77, 0x77, 0x77,
	0x77, 0x77, 0x77, 0x77, 0xb3, 0xb3, 0xb3, 0xb3, 0xb3, 0xb3, 0xb3, 0xb3, 0xb3, 0xb3, 0xb3, 0xb3, 0xb3, 0xb3, 0xb3, 0xb3, 0xb3, 0xb3, 0xb3, 0xb3, 0xb3, 0xb3, 0xb3, 0xb3, 0xb3, 0xb3, 0xb3, 0xb3,
	0xb3, 0xb3, 0xb3, 0xb3, 0xb3, 0xb3, 0xb3, 0xb3, 0xb3, 0xb3, 0xb3, 0xb3, 0xb3, 0xb3, 0xb3, 0xb3, 0xb3, 0xb3, 0xb3, 0xb3, 0xb3, 0xb3, 0xb3, 0xb3, 0xb3, 0xb3, 0xb3, 0xb3, 0xb3, 0xb3, 0xb3, 0xb3,
	0xb3, 0xb3, 0xb3, 0xb3, 0xff, 0xff, 0xff, 0xff, 0xff, 0xff, 0xff, 0xff, 0xff, 0xff, 0xff, 0xff, 0xff, 0xff, 0xff, 0xff, 0xff, 0xff, 0xff, 0xff, 0xff, 0xff, 0xff, 0xff, 0xff, 0xff, 0xff, 0xff,
	0xff, 0xff, 0xff, 0xff, 0xff, 0xff, 0xff, 0xff, 0xff, 0xff, 0xff, 0xff, 0xff, 0xff, 0xff, 0xff, 0xff, 0xff, 0xff, 0xff, 0xff, 0xff, 0xff, 0xff, 0xff, 0xff, 0xff, 0xff, 0xff, 0xff, 0xff, 0xff,
	0x00, 0x04, 0x04, 0x04, 0x04, 0x04, 0x04, 0x04, 0x10, 0x10, 0x10, 0x10, 0x10, 0x10, 0x10, 0x10, 0x10, 0x10, 0x10, 0x10, 0x10, 0x10, 0x10, 0x27, 0x27, 0x27, 0x27, 0x27, 0x27, 0x27, 0x27, 0x27,
	0x27, 0x27, 0x27, 0x27, 0x27, 0x27, 0x27, 0x27, 0x27, 0x27, 0x27, 0x27, 0x27, 0x27, 0x27, 0x27, 0x48, 0x48, 0x48, 0x48, 0x48, 0x48, 0x48, 0x48, 0x48, 0x48, 0x48, 0x48, 0x48, 0x48, 0x48, 0x48,
	0x48, 0x48, 0x48, 0x48, 0x48, 0x48, 0x48, 0x48, 0x48, 0x48, 0x48, 0x48, 0x48, 0x48, 0x48, 0x48, 0x48, 0x48, 0x48, 0x48, 0x48, 0x77, 0x77, 0x77, 0x77, 0x77, 0x77, 0x77, 0x77, 0x77, 0x77, 0x77,
	0x77, 0x77, 0x77, 0x77, 0x77, 0x77, 0x77, 0x77, 0x77, 0x77, 0x77, 0x77, 0x77, 0x77, 0x77, 0x77, 0x77, 0x77, 0x77, 0x77, 0x77, 0x77, 0x77, 0x77, 0x77, 0x77, 0x77, 0x77, 0x77, 0x77, 0x77, 0x77,
	0x77, 0x77, 0x77, 0x77, 0x77, 0x77, 0x77, 0x77, 0xb3, 0xb3, 0xb3, 0xb3, 0xb3, 0xb3, 0xb3, 0xb3, 0xb3, 0xb3, 0xb3, 0xb3, 0xb3, 0xb3, 0xb3, 0xb3, 0xb3, 0xb3, 0xb3, 0xb3, 0xb3, 0xb3, 0xb3, 0xb3,
	0xb3, 0xb3, 0xb3, 0xb3, 0xb3, 0xb3, 0xb3, 0xb3, 0xb3, 0xb3, 0xb3, 0xb3, 0xb3, 0xb3, 0xb3, 0xb3, 0xb3, 0xb3, 0xb3, 0xb3, 0xb3, 0xb3, 0xb3, 0xb3, 0xb3, 0xb3, 0xb3, 0xb3, 0xb3, 0xb3, 0xb3, 0xb3,
	0xb3, 0xb3, 0xb3, 0xb3, 0xb3, 0xb3, 0xb3, 0xb3, 0xff, 0xff, 0xff, 0xff, 0xff, 0xff, 0xff, 0xff, 0xff, 0xff, 0xff, 0xff, 0xff, 0xff, 0xff, 0xff, 0xff, 0xff, 0xff, 0xff, 0xff, 0xff, 0xff, 0xff,
	0xff, 0xff, 0xff, 0xff, 0xff, 0xff, 0xff, 0xff, 0xff, 0xff, 0xff, 0xff, 0xff, 0xff, 0xff, 0xff, 0xff, 0xff, 0xff, 0xff, 0xff, 0xff, 0xff, 0xff, 0xff, 0xff, 0xff, 0xff, 0xff, 0xff, 0xff, 0xff,
	0x00, 0x04, 0x04, 0x04, 0x04, 0x04, 0x04, 0x04, 0x10, 0x10, 0x10, 0x10, 0x10, 0x10, 0x10, 0x10, 0x10, 0x10, 0x10, 0x10, 0x10, 0x10, 0x10, 0x10, 0x27, 0x27, 0x27, 0x27, 0x27, 0x27, 0x27, 0x27,
	0x27, 0x27, 0x27, 0x27, 0x27, 0x27, 0x27, 0x27, 0x27, 0x27, 0x27, 0x27, 0x27, 0x27, 0x27, 0x27, 0x27, 0x27, 0x48, 0x48, 0x48, 0x48, 0x48, 0x48, 0x48, 0x48, 0x48, 0x48, 0x48, 0x48, 0x48, 0x48,
	0x48, 0x48, 0x48, 0x48, 0x48, 0x48, 0x48, 0x48, 0x48, 0x48, 0x48, 0x48, 0x48, 0x48, 0x48, 0x48, 0x48, 0x48, 0x48, 0x48, 0x48, 0x48, 0x48, 0x48, 0x77, 0x77, 0x77, 0x77, 0x77, 0x77, 0x77, 0x77,
	0x77, 0x77, 0x77, 0x77, 0x77, 0x77, 0x77, 0x77, 0x77, 0x77, 0x77, 0x77, 0x77, 0x77, 0x77, 0x77, 0x77, 0x77, 0x77, 0x77, 0x77, 0x77, 0x77, 0x77, 0x77, 0x77, 0x77, 0x77, 0x77, 0x77, 0x77, 0x77,
	0x77, 0x77, 0x77, 0x77, 0x77, 0x77, 0x77, 0x77, 0x77, 0x77, 0x77, 0xb3, 0xb3, 0xb3, 0xb3, 0xb3, 0xb3, 0xb3, 0xb3, 0xb3, 0xb3, 0xb3, 0xb3, 0xb3, 0xb3, 0xb3, 0xb3, 0xb3, 0xb3, 0xb3, 0xb3, 0xb3,
	0xb3, 0xb3, 0xb3, 0xb3, 0xb3, 0xb3, 0xb3, 0xb3, 0xb3, 0xb3, 0xb3, 0xb3, 0xb3, 0xb3, 0xb3, 0xb3, 0xb3, 0xb3, 0xb3, 0xb3, 0xb3, 0xb3, 0xb3, 0xb3, 0xb3, 0xb3, 0xb3, 0xb3, 0xb3, 0xb3, 0xb3, 0xb3,
	0xb3, 0xb3, 0xb3, 0xb3, 0xb3, 0xb3, 0xb3, 0xb3, 0xb3, 0xb3, 0xb3, 0xb3, 0xff, 0xff, 0xff, 0xff, 0xff, 0xff, 0xff, 0xff, 0xff, 0xff, 0xff, 0xff, 0xff, 0xff, 0xff, 0xff, 0xff, 0xff, 0xff, 0xff,
	0xff, 0xff, 0xff, 0xff, 0xff, 0xff, 0xff, 0xff, 0xff, 0xff, 0xff, 0xff, 0xff, 0xff, 0xff, 0xff, 0xff, 0xff, 0xff, 0xff, 0xff, 0xff, 0xff, 0xff, 0xff, 0xff, 0xff, 0xff, 0xff, 0xff, 0xff, 0xff,
	0x00, 0x00, 0x04, 0x04, 0x04, 0x04, 0x04, 0x04, 0x04, 0x10, 0x10, 0x10, 0x10, 0x10, 0x10, 0x10, 0x10, 0x10, 0x10, 0x10, 0x10, 0x10, 0x10, 0x10, 0x10, 0x27, 0x27, 0x27, 0x27, 0x27, 0x27, 0x27,
	0x27, 0x27, 0x27, 0x27, 0x27, 0x27, 0x27, 0x27, 0x27, 0x27, 0x27, 0x27, 0x27, 0x27, 0x27, 0x27, 0x27, 0x27, 0x27, 0x27, 0x48, 0x48, 0x48, 0x48, 0x48, 0x48, 0x48, 0x48, 0x48, 0x48, 0x48, 0x48,
	0x48, 0x48, 0x48, 0x48, 0x48, 0x48, 0x48, 0x48, 0x48, 0x48, 0x48, 0x48, 0x48, 0x48, 0x48, 0x48, 0x48, 0x48, 0x48, 0x48, 0x48, 0x48, 0x48, 0x48, 0x48, 0x48, 0x48, 0x77, 0x77, 0x77, 0x77, 0x77,
	0x77, 0x77, 0x77, 0x77, 0x77, 0x77, 0x77, 0x77, 0x77, 0x77, 0x77, 0x77, 0x77, 0x77, 0x77, 0x77, 0x77, 0x77, 0x77, 0x77, 0x77, 0x77, 0x77, 0x77, 0x77, 0x77, 0x77, 0x77, 0x77, 0x77, 0x77, 0x77,
	0x77, 0x77, 0x77, 0x77, 0x77, 0x77, 0x77, 0x77, 0x77, 0x77, 0x77, 0x77, 0x77, 0x77, 0x77, 0xb3, 0xb3, 0xb3, 0xb3, 0xb3, 0xb3, 0xb3, 0xb3, 0xb3, 0xb3, 0xb3, 0xb3, 0xb3, 0xb3, 0xb3, 0xb3, 0xb3,
	0xb3, 0xb3, 0xb3, 0xb3, 0xb3, 0xb3, 0xb3, 0xb3, 0xb3, 0xb3, 0xb3, 0xb3, 0xb3, 0xb3, 0xb3, 0xb3, 0xb3, 0xb3, 0xb3, 0xb3, 0xb3, 0xb3, 0xb3, 0xb3, 0xb3, 0xb3, 0xb3, 0xb3, 0xb3, 0xb3, 0xb3, 0xb3,
	0xb3, 0xb3, 0xb3, 0xb3, 0xb3, 0xb3, 0xb3, 0xb3, 0xb3, 0xb3, 0xb3, 0xb3, 0xb3, 0xb3, 0xb3, 0xb3, 0xb3, 0xff, 0xff, 0xff, 0xff, 0xff, 0xff, 0xff, 0xff, 0xff, 0xff, 0xff, 0xff, 0xff, 0xff, 0xff,
	0xff, 0xff, 0xff, 0xff, 0xff, 0xff, 0xff, 0xff, 0xff, 0xff, 0xff, 0xff, 0xff, 0xff, 0xff, 0xff, 0xff, 0xff, 0xff, 0xff, 0xff, 0xff, 0xff, 0xff, 0xff, 0xff, 0xff, 0xff, 0xff, 0xff, 0xff, 0xff,
	0x00, 0x00, 0x04, 0x04, 0x04, 0x04, 0x04, 0x04, 0x04, 0x04, 0x10, 0x10, 0x10, 0x10, 0x10, 0x10, 0x10, 0x10, 0x10, 0x10, 0x10, 0x10, 0x10, 0x10, 0x10, 0x10, 0x10, 0x27, 0x27, 0x27, 0x27, 0x27,
	0x27, 0x27, 0x27, 0x27, 0x27, 0x27, 0x27, 0x27, 0x27, 0x27, 0x27, 0x27, 0x27, 0x27, 0x27, 0x27, 0x27, 0x27, 0x27, 0x27, 0x27, 0x27, 0x48, 0x48, 0x48, 0x48, 0x48, 0x48, 0x48, 0x48, 0x48, 0x48,
	0x48, 0x48, 0x48, 0x48, 0x48, 0x48, 0x48, 0x48, 0x48, 0x48, 0x48, 0x48, 0x48, 0x48, 0x48, 0x48, 0x48, 0x48, 0x48, 0x48, 0x48, 0x48, 0x48, 0x48, 0x48, 0x48, 0x48, 0x48, 0x48, 0x48, 0x77, 0x77,
	0x77, 0x77, 0x77, 0x77, 0x77, 0x77, 0x77, 0x77, 0x77, 0x77, 0x77, 0x77, 0x77, 0x77, 0x77, 0x77, 0x77, 0x77, 0x77, 0x77, 0x77, 0x77, 0x77, 0x77, 0x77, 0x77, 0x77, 0x77, 0x77, 0x77, 0x77, 0x77,
	0x77, 0x77, 0x77, 0x77, 0x77, 0x77, 0x77, 0x77, 0x77, 0x77, 0x77, 0x77, 0x77, 0x77, 0x77, 0x77, 0x77, 0x77, 0xb3, 0xb3, 0xb3, 0xb3, 0xb3, 0xb3, 0xb3, 0xb3, 0xb3, 0xb3, 0xb3, 0xb3, 0xb3, 0xb3,
	0xb3, 0xb3, 0xb3, 0xb3, 0xb3, 0xb3, 0xb3, 0xb3, 0xb3, 0xb3, 0xb3, 0xb3, 0xb3, 0xb3, 0xb3, 0xb3, 0xb3, 0xb3, 0xb3, 0xb3, 0xb3, 0xb3, 0xb3, 0xb3, 0xb3, 0xb3, 0xb3, 0xb3, 0xb3, 0xb3, 0xb3, 0xb3,
	0xb3, 0xb3, 0xb3, 0xb3, 0xb3, 0xb3, 0xb3, 0xb3, 0xb3, 0xb3, 0xb3, 0xb3, 0xb3, 0xb3, 0xb3, 0xb3, 0xb3, 0xb3, 0xb3, 0xb3, 0xb3, 0xb3, 0xff, 0xff, 0xff, 0xff, 0xff, 0xff, 0xff, 0xff, 0xff, 0xff,
	0xff, 0xff, 0xff, 0xff, 0xff, 0xff, 0xff, 0xff, 0xff, 0xff, 0xff, 0xff, 0xff, 0xff, 0xff, 0xff, 0xff, 0xff, 0xff, 0xff, 0xff, 0xff, 0xff, 0xff, 0xff, 0xff, 0xff, 0xff, 0xff, 0xff, 0xff, 0xff,
	0x00, 0x00, 0x04, 0x04, 0x04, 0x04, 0x04, 0x04, 0x04, 0x04, 0x10, 0x10, 0x10, 0x10, 0x10, 0x10, 0x10, 0x10, 0x10, 0x10, 0x10, 0x10, 0x10, 0x10, 0x10, 0x10, 0x10, 0x10, 0x27, 0x27, 0x27, 0x27,
	0x27, 0x27, 0x27, 0x27, 0x27, 0x27, 0x27, 0x27, 0x27, 0x27, 0x27, 0x27, 0x27, 0x27, 0x27, 0x27, 0x27, 0x27, 0x27, 0x27, 0x27, 0x27, 0x27, 0x27, 0x48, 0x48, 0x48, 0x48, 0x48, 0x48, 0x48, 0x48,
	0x48, 0x48, 0x48, 0x48, 0x48, 0x48, 0x48, 0x48, 0x48, 0x48, 0x48, 0x48, 0x48, 0x48, 0x48, 0x48, 0x48, 0x48, 0x48, 0x48, 0x48, 0x48, 0x48, 0x48, 0x48, 0x48, 0x48, 0x48, 0x48, 0x48, 0x48, 0x48,
	0x48, 0x77, 0x77, 0x77, 0x77, 0x77, 0x77, 0x77, 0x77, 0x77, 0x77, 0x77, 0x77, 0x77, 0x77, 0x77, 0x77, 0x77, 0x77, 0x77, 0x77, 0x77, 0x77, 0x77, 0x77, 0x77, 0x77, 0x77, 0x77, 0x77, 0x77, 0x77,
	0x77, 0x77, 0x77, 0x77, 0x77, 0x77, 0x77, 0x77, 0x77, 0x77, 0x77, 0x77, 0x77, 0x77, 0x77, 0x77, 0x77, 0x77, 0x77, 0x77, 0x77, 0x77, 0xb3, 0xb3, 0xb3, 0xb3, 0xb3, 0xb3, 0xb3, 0xb3, 0xb3, 0xb3,
	0xb3, 0xb3, 0xb3, 0xb3, 0xb3, 0xb3, 0xb3, 0xb3, 0xb3, 0xb3, 0xb3, 0xb3, 0xb3, 0xb3, 0xb3, 0xb3, 0xb3, 0xb3, 0xb3, 0xb3, 0xb3, 0xb3, 0xb3, 0xb3, 0xb3, 0xb3, 0xb3, 0xb3, 0xb3, 0xb3, 0xb3, 0xb3,
	0xb3, 0xb3, 0xb3, 0xb3, 0xb3, 0xb3, 0xb3, 0xb3, 0xb3, 0xb3, 0xb3, 0xb3, 0xb3, 0xb3, 0xb3, 0xb3, 0xb3, 0xb3, 0xb3, 0xb3, 0xb3, 0xb3, 0xb3, 0xb3, 0xb3, 0xb3, 0xff, 0xff, 0xff, 0xff, 0xff, 0xff,
	0xff, 0xff, 0xff, 0xff, 0xff, 0xff, 0xff, 0xff, 0xff, 0xff, 0xff, 0xff, 0xff, 0xff, 0xff, 0xff, 0xff, 0xff, 0xff, 0xff, 0xff, 0xff, 0xff, 0xff, 0xff, 0xff, 0xff, 0xff, 0xff, 0xff, 0xff, 0xff,
	0x00, 0x00, 0x00, 0x04, 0x04, 0x04, 0x04, 0x04, 0x04, 0x04, 0x04, 0x10, 0x10, 0x10, 0x10, 0x10, 0x10, 0x10, 0x10, 0x10, 0x10, 0x10, 0x10, 0x10, 0x10, 0x10, 0x10, 0x10, 0x10, 0x27, 0x27, 0x27,
	0x27, 0x27, 0x27, 0x27, 0x27, 0x27, 0x27, 0x27, 0x27, 0x27, 0x27, 0x27, 0x27, 0x27, 0x27, 0x27, 0x27, 0x27, 0x27, 0x27, 0x27, 0x27, 0x27, 0x27, 0x27, 0x27, 0x48, 0x48, 0x48, 0x48, 0x48, 0x48,
	0x48, 0x48, 0x48, 0x48, 0x48, 0x48, 0x48, 0x48, 0x48, 0x48, 0x48, 0x48, 0x48, 0x48, 0x48, 0x48, 0x48, 0x48, 0x48, 0x48, 0x48, 0x48, 0x48, 0x48, 0x48, 0x48, 0x48, 0x48, 0x48, 0x48, 0x48, 0x48,
	0x48, 0x48, 0x48, 0x77, 0x77, 0x77, 0x77, 0x77, 0x77, 0x77, 0x77, 0x77, 0x77, 0x77, 0x77, 0x77, 0x77, 0x77, 0x77, 0x77, 0x77, 0x77, 0x77, 0x77, 0x77, 0x77, 0x77, 0x77, 0x77, 0x77, 0x77, 0x77,
	0x77, 0x77, 0x77, 0x77, 0x77, 0x77, 0x77, 0x77, 0x77, 0x77, 0x77, 0x77, 0x77, 0x77, 0x77, 0x77, 0x77, 0x77, 0x77, 0x77, 0x77, 0x77, 0x77, 0x77, 0x77, 0x77, 0xb3, 0xb3, 0xb3, 0xb3, 0xb3, 0xb3,
	0xb3, 0xb3, 0xb3, 0xb3, 0xb3, 0xb3, 0xb3, 0xb3, 0xb3, 0xb3, 0xb3, 0xb3, 0xb3, 0xb3, 0xb3, 0xb3, 0xb3, 0xb3, 0xb3, 0xb3, 0xb3, 0xb3, 0xb3, 0xb3, 0xb3, 0xb3, 0xb3, 0xb3, 0xb3, 0xb3, 0xb3, 0xb3,
	0xb3, 0xb3, 0xb3, 0xb3, 0xb3, 0xb3, 0xb3, 0xb3, 0xb3, 0xb3, 0xb3, 0xb3, 0xb3, 0xb3, 0xb3, 0xb3, 0xb3, 0xb3, 0xb3, 0xb3, 0xb3, 0xb3, 0xb3, 0xb3, 0xb3, 0xb3, 0xb3, 0xb3, 0xb3, 0xb3, 0xb3, 0xff,
	0xff, 0xff, 0xff, 0xff, 0xff, 0xff, 0xff, 0xff, 0xff, 0xff, 0xff, 0xff, 0xff, 0xff, 0xff, 0xff, 0xff, 0xff, 0xff, 0xff, 0xff, 0xff, 0xff, 0xff, 0xff, 0xff, 0xff, 0xff, 0xff, 0xff, 0xff, 0xff,
	0x00, 0x00, 0x00, 0x04, 0x04, 0x04, 0x04, 0x04, 0x04, 0x04, 0x04, 0x04, 0x10, 0x10, 0x10, 0x10, 0x10, 0x10, 0x10, 0x10, 0x10, 0x10, 0x10, 0x10, 0x10, 0x10, 0x10, 0x10, 0x10, 0x10, 0x10, 0x27,
	0x27, 0x27, 0x27, 0x27, 0x27, 0x27, 0x27, 0x27, 0x27, 0x27, 0x27, 0x27, 0x27, 0x27, 0x27, 0x27, 0x27, 0x27, 0x27, 0x27, 0x27, 0x27, 0x27, 0x27, 0x27, 0x27, 0x27, 0x27, 0x48, 0x48, 0x48, 0x48,
	0x48, 0x48, 0x48, 0x48, 0x48, 0x48, 0x48, 0x48, 0x48, 0x48, 0x48, 0x48, 0x48, 0x48, 0x48, 0x48, 0x48, 0x48, 0x48, 0x48, 0x48, 0x48, 0x48, 0x48, 0x48, 0x48, 0x48, 0x48, 0x48, 0x48, 0x48, 0x48,
	0x48, 0x48, 0x48, 0x48, 0x48, 0x48, 0x77, 0x77, 0x77, 0x77, 0x77, 0x77, 0x77, 0x77, 0x77, 0x77, 0x77, 0x77, 0x77, 0x77, 0x77, 0x77, 0x77, 0x77, 0x77, 0x77, 0x77, 0x77, 0x77, 0x77, 0x77, 0x77,
	0x77, 0x77, 0x77, 0x77, 0x77, 0x77, 0x77, 0x77, 0x77, 0x77, 0x77, 0x77, 0x77, 0x77, 0x77, 0x77, 0x77, 0x77, 0x77, 0x77, 0x77, 0x77, 0x77, 0x77, 0x77, 0x77, 0x77, 0x77, 0x77, 0x77, 0xb3, 0xb3,
	0xb3, 0xb3, 0xb3, 0xb3, 0xb3, 0xb3, 0xb3, 0xb3, 0xb3, 0xb3, 0xb3, 0xb3, 0xb3, 0xb3, 0xb3, 0xb3, 0xb3, 0xb3, 0xb3, 0xb3, 0xb3, 0xb3, 0xb3, 0xb3, 0xb3, 0xb3, 0xb3, 0xb3, 0xb3, 0xb3, 0xb3, 0xb3,
	0xb3, 0xb3, 0xb3, 0xb3, 0xb3, 0xb3, 0xb3, 0xb3, 0xb3, 0xb3, 0xb3, 0xb3, 0xb3, 0xb3, 0xb3, 0xb3, 0xb3, 0xb3, 0xb3, 0xb3, 0xb3, 0xb3, 0xb3, 0xb3, 0xb3, 0xb3, 0xb3, 0xb3, 0xb3, 0xb3, 0xb3, 0xb3,
	0xb3, 0xb3, 0xb3, 0xb3, 0xff, 0xff, 0xff, 0xff, 0xff, 0xff, 0xff, 0xff, 0xff, 0xff, 0xff, 0xff, 0xff, 0xff, 0xff, 0xff, 0xff, 0xff, 0xff, 0xff, 0xff, 0xff, 0xff, 0xff, 0xff, 0xff, 0xff, 0xff,
	0x00, 0x00, 0x00, 0x04, 0x04, 0x04, 0x04, 0x04, 0x04, 0x04, 0x04, 0x04, 0x04, 0x10, 0x10, 0x10, 0x10, 0x10, 0x10, 0x10, 0x10, 0x10, 0x10, 0x10, 0x10, 0x10, 0x10, 0x10, 0x10, 0x10, 0x10, 0x10,
	0x27, 0x27, 0x27, 0x27, 0x27, 0x27, 0x27, 0x27, 0x27, 0x27, 0x27, 0x27, 0x27, 0x27, 0x27, 0x27, 0x27, 0x27, 0x27, 0x27, 0x27, 0x27, 0x27, 0x27, 0x27, 0x27, 0x27, 0x27, 0x27, 0x27, 0x27, 0x48,
	0x48, 0x48, 0x48, 0x48, 0x48, 0x48, 0x48, 0x48, 0x48, 0x48, 0x48, 0x48, 0x48, 0x48, 0x48, 0x48, 0x48, 0x48, 0x48, 0x48, 0x48, 0x48, 0x48, 0x48, 0x48, 0x48, 0x48, 0x48, 0x48, 0x48, 0x48, 0x48,
	0x48, 0x48, 0x48, 0x48, 0x48, 0x48, 0x48, 0x48, 0x48, 0x48, 0x77, 0x77, 0x77, 0x77, 0x77, 0x77, 0x77, 0x77, 0x77, 0x77, 0x77, 0x77, 0x77, 0x77, 0x77, 0x77, 0x77, 0x77, 0x77, 0x77, 0x77, 0x77,
	0x77, 0x77, 0x77, 0x77, 0x77, 0x77, 0x77, 0x77, 0x77, 0x77, 0x77, 0x77, 0x77, 0x77, 0x77, 0x77, 0x77, 0x77, 0x77, 0x77, 0x77, 0x77, 0x77, 0x77, 0x77, 0x77, 0x77, 0x77, 0x77, 0x77, 0x77, 0x77,
	0x77, 0x77, 0xb3, 0xb3, 0xb3, 0xb3, 0xb3, 0xb3, 0xb3, 0xb3, 0xb3, 0xb3, 0xb3, 0xb3, 0xb3, 0xb3, 0xb3, 0xb3, 0xb3, 0xb3, 0xb3, 0xb3, 0xb3, 0xb3, 0xb3, 0xb3, 0xb3, 0xb3, 0xb3, 0xb3, 0xb3, 0xb3,
	0xb3, 0xb3, 0xb3, 0xb3, 0xb3, 0xb3, 0xb3, 0xb3, 0xb3, 0xb3, 0xb3, 0xb3, 0xb3, 0xb3, 0xb3, 0xb3, 0xb3, 0xb3, 0xb3, 0xb3, 0xb3, 0xb3, 0xb3, 0xb3, 0xb3, 0xb3, 0xb3, 0xb3, 0xb3, 0xb3, 0xb3, 0xb3,
	0xb3, 0xb3, 0xb3, 0xb3, 0xb3, 0xb3, 0xb3, 0xb3, 0xb3, 0xff, 0xff, 0xff, 0xff, 0xff, 0xff, 0xff, 0xff, 0xff, 0xff, 0xff, 0xff, 0xff, 0xff, 0xff, 0xff, 0xff, 0xff, 0xff, 0xff, 0xff, 0xff, 0xff,
	0x00, 0x00, 0x00, 0x00, 0x04, 0x04, 0x04, 0x04, 0x04, 0x04, 0x04, 0x04, 0x04, 0x04, 0x10, 0x10, 0x10, 0x10, 0x10, 0x10, 0x10, 0x10, 0x10, 0x10, 0x10, 0x10, 0x10, 0x10, 0x10, 0x10, 0x10, 0x10,
	0x10, 0x10, 0x27, 0x27, 0x27, 0x27, 0x27, 0x27, 0x27, 0x27, 0x27, 0x27, 0x27, 0x27, 0x27, 0x27, 0x27, 0x27, 0x27, 0x27, 0x27, 0x27, 0x27, 0x27, 0x27, 0x27, 0x27, 0x27, 0x27, 0x27, 0x27, 0x27,
	0x27, 0x48, 0x48, 0x48, 0x48, 0x48, 0x48, 0x48, 0x48, 0x48, 0x48, 0x48, 0x48, 0x48, 0x48, 0x48, 0x48, 0x48, 0x48, 0x48, 0x48, 0x48, 0x48, 0x48, 0x48, 0x48, 0x48, 0x48, 0x48, 0x48, 0x48, 0x48,
	0x48, 0x48, 0x48, 0x48, 0x48, 0x48, 0x48, 0x48, 0x48, 0x48, 0x48, 0x48, 0x48, 0x77, 0x77, 0x77, 0x77, 0x77, 0x77, 0x77, 0x77, 0x77, 0x77, 0x77, 0x77, 0x77, 0x77, 0x77, 0x77, 0x77, 0x77, 0x77,
	0x77, 0x77, 0x77, 0x77, 0x77, 0x77, 0x77, 0x77, 0x77, 0x77, 0x77, 0x77, 0x77, 0x77, 0x77, 0x77, 0x77, 0x77, 0x77, 0x77, 0x77, 0x77, 0x77, 0x77, 0x77, 0x77, 0x77, 0x77, 0x77, 0x77, 0x77, 0x77,
	0x77, 0x77, 0x77, 0x77, 0x77, 0x77, 0xb3, 0xb3, 0xb3, 0xb3, 0xb3, 0xb3, 0xb3, 0xb3, 0xb3, 0xb3, 0xb3, 0xb3, 0xb3, 0xb3, 0xb3, 0xb3, 0xb3, 0xb3, 0xb3, 0xb3, 0xb3, 0xb3, 0xb3, 0xb3, 0xb3, 0xb3,
	0xb3, 0xb3, 0xb3, 0xb3, 0xb3, 0xb3, 0xb3, 0xb3, 0xb3, 0xb3, 0xb3, 0xb3, 0xb3, 0xb3, 0xb3, 0xb3, 0xb3, 0xb3, 0xb3, 0xb3, 0xb3, 0xb3, 0xb3, 0xb3, 0xb3, 0xb3, 0xb3, 0xb3, 0xb3, 0xb3, 0xb3, 0xb3,
	0xb3, 0xb3, 0xb3, 0xb3, 0xb3, 0xb3, 0xb3, 0xb3, 0xb3, 0xb3, 0xb3, 0xb3, 0xb3, 0xb3, 0xff, 0xff, 0xff, 0xff, 0xff, 0xff, 0xff, 0xff, 0xff, 0xff, 0xff, 0xff, 0xff, 0xff, 0xff, 0xff, 0xff, 0xff,
	0x00, 0x00, 0x00, 0x00, 0x04, 0x04, 0x04, 0x04, 0x04, 0x04, 0x04, 0x04, 0x04, 0x04, 0x04, 0x10, 0x10, 0x10, 0x10, 0x10, 0x10, 0x10, 0x10, 0x10, 0x10, 0x10, 0x10, 0x10, 0x10, 0x10, 0x10, 0x10,
	0x10, 0x10, 0x10, 0x10, 0x27, 0x27, 0x27, 0x27, 0x27, 0x27, 0x27, 0x27, 0x27, 0x27, 0x27, 0x27, 0x27, 0x27, 0x27, 0x27, 0x27, 0x27, 0x27, 0x27, 0x27, 0x27, 0x27, 0x27, 0x27, 0x27, 0x27, 0x27,
	0x27, 0x27, 0x27, 0x48, 0x48, 0x48, 0x48, 0x48, 0x48, 0x48, 0x48, 0x48, 0x48, 0x48, 0x48, 0x48, 0x48, 0x48, 0x48, 0x48, 0x48, 0x48, 0x48, 0x48, 0x48, 0x48, 0x48, 0x48, 0x48, 0x48, 0x48, 0x48,
	0x48, 0x48, 0x48, 0x48, 0x48, 0x48, 0x48, 0x48, 0x48, 0x48, 0x48, 0x48, 0x48, 0x48, 0x48, 0x48, 0x77, 0x77, 0x77, 0x77, 0x77, 0x77, 0x77, 0x77, 0x77, 0x77, 0x77, 0x77, 0x77, 0x77, 0x77, 0x77,
	0x77, 0x77, 0x77, 0x77, 0x77, 0x77, 0x77, 0x77, 0x77, 0x77, 0x77, 0x77, 0x77, 0x77, 0x77, 0x77, 0x77, 0x77, 0x77, 0x77, 0x77, 0x77, 0x77, 0x77, 0x77, 0x77, 0x77, 0x77, 0x77, 0x77, 0x77, 0x77,
	0x77, 0x77, 0x77, 0x77, 0x77, 0x77, 0x77, 0x77, 0x77, 0x77, 0xb3, 0xb3, 0xb3, 0xb3, 0xb3, 0xb3, 0xb3, 0xb3, 0xb3, 0xb3, 0xb3, 0xb3, 0xb3, 0xb3, 0xb3, 0xb3, 0xb3, 0xb3, 0xb3, 0xb3, 0xb3, 0xb3,
	0xb3, 0xb3, 0xb3, 0xb3, 0xb3, 0xb3, 0xb3, 0xb3, 0xb3, 0xb3, 0xb3, 0xb3, 0xb3, 0xb3, 0xb3, 0xb3, 0xb3, 0xb3, 0xb3, 0xb3, 0xb3, 0xb3, 0xb3, 0xb3, 0xb3, 0xb3, 0xb3, 0xb3, 0xb3, 0xb3, 0xb3, 0xb3,
	0xb3, 0xb3, 0xb3, 0xb3, 0xb3, 0xb3, 0xb3, 0xb3, 0xb3, 0xb3, 0xb3, 0xb3, 0xb3, 0xb3, 0xb3, 0xb3, 0xb3, 0xb3, 0xb3, 0xff, 0xff, 0xff, 0xff, 0xff, 0xff, 0xff, 0xff, 0xff, 0xff, 0xff, 0xff, 0xff,
	0x00, 0x00, 0x00, 0x00, 0x04, 0x04, 0x04, 0x04, 0x04, 0x04, 0x04, 0x04, 0x04, 0x04, 0x04, 0x04, 0x10, 0x10, 0x10, 0x10, 0x10, 0x10, 0x10, 0x10, 0x10, 0x10, 0x10, 0x10, 0x10, 0x10, 0x10, 0x10,
	0x10, 0x10, 0x10, 0x10, 0x10, 0x27, 0x27, 0x27, 0x27, 0x27, 0x27, 0x27, 0x27, 0x27, 0x27, 0x27, 0x27, 0x27, 0x27, 0x27, 0x27, 0x27, 0x27, 0x27, 0x27, 0x27, 0x27, 0x27, 0x27, 0x27, 0x27, 0x27,
	0x27, 0x27, 0x27, 0x27, 0x27, 0x27, 0x48, 0x48, 0x48, 0x48, 0x48, 0x48, 0x48, 0x48, 0x48, 0x48, 0x48, 0x48, 0x48, 0x48, 0x48, 0x48, 0x48, 0x48, 0x48, 0x48, 0x48, 0x48, 0x48, 0x48, 0x48, 0x48,
	0x48, 0x48, 0x48, 0x48, 0x48, 0x48, 0x48, 0x48, 0x48, 0x48, 0x48, 0x48, 0x48, 0x48, 0x48, 0x48, 0x48, 0x48, 0x48, 0x77, 0x77, 0x77, 0x77, 0x77, 0x77, 0x77, 0x77, 0x77, 0x77, 0x77, 0x77, 0x77,
	0x77, 0x77, 0x77, 0x77, 0x77, 0x77, 0x77, 0x77, 0x77, 0x77, 0x77, 0x77, 0x77, 0x77, 0x77, 0x77, 0x77, 0x77, 0x77, 0x77, 0x77, 0x77, 0x77, 0x77, 0x77, 0x77, 0x77, 0x77, 0x77, 0x77, 0x77, 0x77,
	0x77, 0x77, 0x77, 0x77, 0x77, 0x77, 0x77, 0x77, 0x77, 0x77, 0x77, 0x77, 0x77, 0x77, 0xb3, 0xb3, 0xb3, 0xb3, 0xb3, 0xb3, 0xb3, 0xb3, 0xb3, 0xb3, 0xb3, 0xb3, 0xb3, 0xb3, 0xb3, 0xb3, 0xb3, 0xb3,
	0xb3, 0xb3, 0xb3, 0xb3, 0xb3, 0xb3, 0xb3, 0xb3, 0xb3, 0xb3, 0xb3, 0xb3, 0xb3, 0xb3, 0xb3, 0xb3, 0xb3, 0xb3, 0xb3, 0xb3, 0xb3, 0xb3, 0xb3, 0xb3, 0xb3, 0xb3, 0xb3, 0xb3, 0xb3, 0xb3, 0xb3, 0xb3,
	0xb3, 0xb3, 0xb3, 0xb3, 0xb3, 0xb3, 0xb3, 0xb3, 0xb3, 0xb3, 0xb3, 0xb3, 0xb3, 0xb3, 0xb3, 0xb3, 0xb3, 0xb3, 0xb3, 0xb3, 0xb3, 0xb3, 0xb3, 0xb3, 0xff, 0xff, 0xff, 0xff, 0xff, 0xff, 0xff, 0xff,
	0x00, 0x00, 0x00, 0x00, 0x00, 0x04, 0x04, 0x04, 0x04, 0x04, 0x04, 0x04, 0x04, 0x04, 0x04, 0x04, 0x04, 0x10, 0x10, 0x10, 0x10, 0x10, 0x10, 0x10, 0x10, 0x10, 0x10, 0x10, 0x10, 0x10, 0x10, 0x10,
	0x10, 0x10, 0x10, 0x10, 0x10, 0x10, 0x10, 0x27, 0x27, 0x27, 0x27, 0x27, 0x27, 0x27, 0x27, 0x27, 0x27, 0x27, 0x27, 0x27, 0x27, 0x27, 0x27, 0x27, 0x27, 0x27, 0x27, 0x27, 0x27, 0x27, 0x27, 0x27,
	0x27, 0x27, 0x27, 0x27, 0x27, 0x27, 0x27, 0x27, 0x48, 0x48, 0x48, 0x48, 0x48, 0x48, 0x48, 0x48, 0x48, 0x48, 0x48, 0x48, 0x48, 0x48, 0x48, 0x48, 0x48, 0x48, 0x48, 0x48, 0x48, 0x48, 0x48, 0x48,
	0x48, 0x48, 0x48, 0x48, 0x48, 0x48, 0x48, 0x48, 0x48, 0x48, 0x48, 0x48, 0x48, 0x48, 0x48, 0x48, 0x48, 0x48, 0x48, 0x48, 0x48, 0x48, 0x77, 0x77, 0x77, 0x77, 0x77, 0x77, 0x77, 0x77, 0x77, 0x77,
	0x77, 0x77, 0x77, 0x77, 0x77, 0x77, 0x77, 0x77, 0x77, 0x77, 0x77, 0x77, 0x77, 0x77, 0x77, 0x77, 0x77, 0x77, 0x77, 0x77, 0x77, 0x77, 0x77, 0x77, 0x77, 0x77, 0x77, 0x77, 0x77, 0x77, 0x77, 0x77,
	0x77, 0x77, 0x77, 0x77, 0x77, 0x77, 0x77, 0x77, 0x77, 0x77, 0x77, 0x77, 0x77, 0x77, 0x77, 0x77, 0x77, 0x77, 0xb3, 0xb3, 0xb3, 0xb3, 0xb3, 0xb3, 0xb3, 0xb3, 0xb3, 0xb3, 0xb3, 0xb3, 0xb3, 0xb3,
	0xb3, 0xb3, 0xb3, 0xb3, 0xb3, 0xb3, 0xb3, 0xb3, 0xb3, 0xb3, 0xb3, 0xb3, 0xb3, 0xb3, 0xb3, 0xb3, 0xb3, 0xb3, 0xb3, 0xb3, 0xb3, 0xb3, 0xb3, 0xb3, 0xb3, 0xb3, 0xb3, 0xb3, 0xb3, 0xb3, 0xb3, 0xb3,
	0xb3, 0xb3, 0xb3, 0xb3, 0xb3, 0xb3, 0xb3, 0xb3, 0xb3, 0xb3, 0xb3, 0xb3, 0xb3, 0xb3, 0xb3, 0xb3, 0xb3, 0xb3, 0xb3, 0xb3, 0xb3, 0xb3, 0xb3, 0xb3, 0xb3, 0xb3, 0xb3, 0xb3, 0xb3, 0xff, 0xff, 0xff,
]);

const RGB343_GREEN_LUT = new Uint8Array([
	0x00, 0x01, 0x04, 0x04, 0x04, 0x08, 0x08, 0x08, 0x08, 0x0e, 0x0e, 0x0e, 0x0e, 0x0e, 0x0e, 0x17, 0x17, 0x17, 0x17, 0x17, 0x17, 0x17, 0x17, 0x17, 0x21, 0x21, 0x21, 0x21, 0x21, 0x21, 0x21, 0x21,
	0x21, 0x21, 0x21, 0x2f, 0x2f, 0x2f, 0x2f, 0x2f, 0x2f, 0x2f, 0x2f, 0x2f, 0x2f, 0x2f, 0x2f, 0x2f, 0x3e, 0x3e, 0x3e, 0x3e, 0x3e, 0x3e, 0x3e, 0x3e, 0x3e, 0x3e, 0x3e, 0x3e, 0x3e, 0x3e, 0x3e, 0x3e,
	0x51, 0x51, 0x51, 0x51, 0x51, 0x51, 0x51, 0x51, 0x51, 0x51, 0x51, 0x51, 0x51, 0x51, 0x51, 0x51, 0x51, 0x51, 0x66, 0x66, 0x66, 0x66, 0x66, 0x66, 0x66, 0x66, 0x66, 0x66, 0x66, 0x66, 0x66, 0x66,
	0x66, 0x66, 0x66, 0x66, 0x66, 0x66, 0x66, 0x66, 0x7e, 0x7e, 0x7e, 0x7e, 0x7e, 0x7e, 0x7e, 0x7e, 0x7e, 0x7e, 0x7e, 0x7e, 0x7e, 0x7e, 0x7e, 0x7e, 0x7e, 0x7e, 0x7e, 0x7e, 0x7e, 0x7e, 0x7e, 0x7e,
	0x99, 0x99, 0x99, 0x99, 0x99, 0x99, 0x99, 0x99, 0x99, 0x99, 0x99, 0x99, 0x99, 0x99, 0x99, 0x99, 0x99, 0x99, 0x99, 0x99, 0x99, 0x99, 0x99, 0x99, 0x99, 0x99, 0x99, 0xb8, 0xb8, 0xb8, 0xb8, 0xb8,
	0xb8, 0xb8, 0xb8, 0xb8, 0xb8, 0xb8, 0xb8, 0xb8, 0xb8, 0xb8, 0xb8, 0xb8, 0xb8, 0xb8, 0xb8, 0xb8, 0xb8, 0xb8, 0xb8, 0xb8, 0xb8, 0xb8, 0xb8, 0xb8, 0xb8, 0xb8, 0xda, 0xda, 0xda, 0xda, 0xda, 0xda,
	0xda, 0xda, 0xda, 0xda, 0xda, 0xda, 0xda, 0xda, 0xda, 0xda, 0xda, 0xda, 0xda, 0xda, 0xda, 0xda, 0xda, 0xda, 0xda, 0xda, 0xda, 0xda, 0xda, 0xda, 0xda, 0xda, 0xda, 0xda, 0xff, 0xff, 0xff, 0xff,
	0xff, 0xff, 0xff, 0xff, 0xff, 0xff, 0xff, 0xff, 0xff, 0xff, 0xff, 0xff, 0xff, 0xff, 0xff, 0xff, 0xff, 0xff, 0xff, 0xff, 0xff, 0xff, 0xff, 0xff, 0xff, 0xff, 0xff, 0xff, 0xff, 0xff, 0xff, 0xff,
	0x00, 0x01, 0x04, 0x04, 0x04, 0x08, 0x08, 0x08, 0x08, 0x0e, 0x0e, 0x0e, 0x0e, 0x0e, 0x0e, 0x0e, 0x17, 0x17, 0x17, 0x17, 0x17, 0x17, 0x17, 0x17, 0x17, 0x21, 0x21, 0x21, 0x21, 0x21, 0x21, 0x21,
	0x21, 0x21, 0x21, 0x21, 0x2f, 0x2f, 0x2f, 0x2f, 0x2f, 0x2f, 0x2f, 0x2f, 0x2f, 0x2f, 0x2f, 0x2f, 0x2f, 0x3e, 0x3e, 0x3e, 0x3e, 0x3e, 0x3e, 0x3e, 0x3e, 0x3e, 0x3e, 0x3e, 0x3e, 0x3e, 0x3e, 0x3e,
	0x3e, 0x51, 0x51, 0x51, 0x51, 0x51, 0x51, 0x51, 0x51, 0x51, 0x51, 0x51, 0x51, 0x51, 0x51, 0x51, 0x51, 0x51, 0x51, 0x51, 0x66, 0x66, 0x66, 0x66, 0x66, 0x66, 0x66, 0x66, 0x66, 0x66, 0x66, 0x66,
	0x66, 0x66, 0x66, 0x66, 0x66, 0x66, 0x66, 0x66, 0x66, 0x7e, 0x7e, 0x7e, 0x7e, 0x7e, 0x7e, 0x7e, 0x7e, 0x7e, 0x7e, 0x7e, 0x7e, 0x7e, 0x7e, 0x7e, 0x7e, 0x7e, 0x7e, 0x7e, 0x7e, 0x7e, 0x7e, 0x7e,
	0x7e, 0x7e, 0x99, 0x99, 0x99, 0x99, 0x99, 0x99, 0x99, 0x99, 0x99, 0x99, 0x99, 0x99, 0x99, 0x99, 0x99, 0x99, 0x99, 0x99, 0x99, 0x99, 0x99, 0x99, 0x99, 0x99, 0x99, 0x99, 0x99, 0xb8, 0xb8, 0xb8,
	0xb8, 0xb8, 0xb8, 0xb8, 0xb8, 0xb8, 0xb8, 0xb8, 0xb8, 0xb8, 0xb8, 0xb8, 0xb8, 0xb8, 0xb8, 0xb8, 0xb8, 0xb8, 0xb8, 0xb8, 0xb8, 0xb8, 0xb8, 0xb8, 0xb8, 0xb8, 0xb8, 0xb8, 0xda, 0xda, 0xda, 0xda,
	0xda, 0xda, 0xda, 0xda, 0xda, 0xda, 0xda, 0xda, 0xda, 0xda, 0xda, 0xda, 0xda, 0xda, 0xda, 0xda, 0xda, 0xda, 0xda, 0xda, 0xda, 0xda, 0xda, 0xda, 0xda, 0xda, 0xda, 0xda, 0xda, 0xda, 0xff, 0xff,
	0xff, 0xff, 0xff, 0xff, 0xff, 0xff, 0xff, 0xff, 0xff, 0xff, 0xff, 0xff, 0xff, 0xff, 0xff, 0xff, 0xff, 0xff, 0xff, 0xff, 0xff, 0xff, 0xff, 0xff, 0xff, 0xff, 0xff, 0xff, 0xff, 0xff, 0xff, 0xff,
	0x00, 0x01, 0x04, 0x04, 0x04, 0x08, 0x08, 0x08, 0x08, 0x08, 0x0e, 0x0e, 0x0e, 0x0e, 0x0e, 0x0e, 0x17, 0x17, 0x17, 0x17, 0x17, 0x17, 0x17, 0x17, 0x17, 0x21, 0x21, 0x21, 0x21, 0x21, 0x21, 0x21,
	0x21, 0x21, 0x21, 0x21, 0x2f, 0x2f, 0x2f, 0x2f, 0x2f, 0x2f, 0x2f, 0x2f, 0x2f, 0x2f, 0x2f, 0x2f, 0x2f, 0x2f, 0x3e, 0x3e, 0x3e, 0x3e, 0x3e, 0x3e, 0x3e, 0x3e, 0x3e, 0x3e, 0x3e, 0x3e, 0x3e, 0x3e,
	0x3e, 0x3e, 0x51, 0x51, 0x51, 0x51, 0x51, 0x51, 0x51, 0x51, 0x51, 0x51, 0x51, 0x51, 0x51, 0x51, 0x51, 0x51, 0x51, 0x51, 0x51, 0x66, 0x66, 0x66, 0x66, 0x66, 0x66, 0x66, 0x66, 0x66, 0x66, 0x66,
	0x66, 0x66, 0x66, 0x66, 0x66, 0x66, 0x66, 0x66, 0x66, 0x66, 0x66, 0x7e, 0x7e, 0x7e, 0x7e, 0x7e, 0x7e, 0x7e, 0x7e, 0x7e, 0x7e, 0x7e, 0x7e, 0x7e, 0x7e, 0x7e, 0x7e, 0x7e, 0x7e, 0x7e, 0x7e, 0x7e,
	0x7e, 0x7e, 0x7e, 0x99, 0x99, 0x99, 0x99, 0x99, 0x99, 0x99, 0x99, 0x99, 0x99, 0x99, 0x99, 0x99, 0x99, 0x99, 0x99, 0x99, 0x99, 0x99, 0x99, 0x99, 0x99, 0x99, 0x99, 0x99, 0x99, 0x99, 0x99, 0xb8,
	0xb8, 0xb8, 0xb8, 0xb8, 0xb8, 0xb8, 0xb8, 0xb8, 0xb8, 0xb8, 0xb8, 0xb8, 0xb8, 0xb8, 0xb8, 0xb8, 0xb8, 0xb8, 0xb8, 0xb8, 0xb8, 0xb8, 0xb8, 0xb8, 0xb8, 0xb8, 0xb8, 0xb8, 0xb8, 0xb8, 0xda, 0xda,
	0xda, 0xda, 0xda, 0xda, 0xda, 0xda, 0xda, 0xda, 0xda, 0xda, 0xda, 0xda, 0xda, 0xda, 0xda, 0xda, 0xda, 0xda, 0xda, 0xda, 0xda, 0xda, 0xda, 0xda, 0xda, 0xda, 0xda, 0xda, 0xda, 0xda, 0xda, 0xda,
	0xff, 0xff, 0xff, 0xff, 0xff, 0xff, 0xff, 0xff, 0xff, 0xff, 0xff, 0xff, 0xff, 0xff, 0xff, 0xff, 0xff, 0xff, 0xff, 0xff, 0xff, 0xff, 0xff, 0xff, 0xff, 0xff, 0xff, 0xff, 0xff, 0xff, 0xff, 0xff,
	0x00, 0x01, 0x04, 0x04, 0x04, 0x08, 0x08, 0x08, 0x08, 0x08, 0x0e, 0x0e, 0x0e, 0x0e, 0x0e, 0x0e, 0x0e, 0x17, 0x17, 0x17, 0x17, 0x17, 0x17, 0x17, 0x17, 0x17, 0x21, 0x21, 0x21, 0x21, 0x21, 0x21,
	0x21, 0x21, 0x21, 0x21, 0x21, 0x2f, 0x2f, 0x2f, 0x2f, 0x2f, 0x2f, 0x2f, 0x2f, 0x2f, 0x2f, 0x2f, 0x2f, 0x2f, 0x2f, 0x3e, 0x3e, 0x3e, 0x3e, 0x3e, 0x3e, 0x3e, 0x3e, 0x3e, 0x3e, 0x3e, 0x3e, 0x3e,
	0x3e, 0x3e, 0x3e, 0x51, 0x51, 0x51, 0x51, 0x51, 0x51, 0x51, 0x51, 0x51, 0x51, 0x51, 0x51, 0x51, 0x51, 0x51, 0x51, 0x51, 0x51, 0x51, 0x66, 0x66, 0x66, 0x66, 0x66, 0x66, 0x66, 0x66, 0x66, 0x66,
	0x66, 0x66, 0x66, 0x66, 0x66, 0x66, 0x66, 0x66, 0x66, 0x66, 0x66, 0x66, 0x7e, 0x7e, 0x7e, 0x7e, 0x7e, 0x7e, 0x7e, 0x7e, 0x7e, 0x7e, 0x7e, 0x7e, 0x7e, 0x7e, 0x7e, 0x7e, 0x7e, 0x7e, 0x7e, 0x7e,
	0x7e, 0x7e, 0x7e, 0x7e, 0x7e, 0x99, 0x99, 0x99, 0x99, 0x99, 0x99, 0x99, 0x99, 0x99, 0x99, 0x99, 0x99, 0x99, 0x99, 0x99, 0x99, 0x99, 0x99, 0x99, 0x99, 0x99, 0x99, 0x99, 0x99, 0x99, 0x99, 0x99,
	0x99, 0xb8, 0xb8, 0xb8, 0xb8, 0xb8, 0xb8, 0xb8, 0xb8, 0xb8, 0xb8, 0xb8, 0xb8, 0xb8, 0xb8, 0xb8, 0xb8, 0xb8, 0xb8, 0xb8, 0xb8, 0xb8, 0xb8, 0xb8, 0xb8, 0xb8, 0xb8, 0xb8, 0xb8, 0xb8, 0xb8, 0xb8,
	0xda, 0xda, 0xda, 0xda, 0xda, 0xda, 0xda, 0xda, 0xda, 0xda, 0xda, 0xda, 0xda, 0xda, 0xda, 0xda, 0xda, 0xda, 0xda, 0xda, 0xda, 0xda, 0xda, 0xda, 0xda, 0xda, 0xda, 0xda, 0xda, 0xda, 0xda, 0xda,
	0xda, 0xda, 0xff, 0xff, 0xff, 0xff, 0xff, 0xff, 0xff, 0xff, 0xff, 0xff, 0xff, 0xff, 0xff, 0xff, 0xff, 0xff, 0xff, 0xff, 0xff, 0xff, 0xff, 0xff, 0xff, 0xff, 0xff, 0xff, 0xff, 0xff, 0xff, 0xff,
	0x00, 0x01, 0x01, 0x04, 0x04, 0x04, 0x08, 0x08, 0x08, 0x08, 0x0e, 0x0e, 0x0e, 0x0e, 0x0e, 0x0e, 0x0e, 0x17, 0x17, 0x17, 0x17, 0x17, 0x17, 0x17, 0x17, 0x17, 0x21, 0x21, 0x21, 0x21, 0x21, 0x21,
	0x21, 0x21, 0x21, 0x21, 0x21, 0x21, 0x2f, 0x2f, 0x2f, 0x2f, 0x2f, 0x2f, 0x2f, 0x2f, 0x2f, 0x2f, 0x2f, 0x2f, 0x2f, 0x2f, 0x3e, 0x3e, 0x3e, 0x3e, 0x3e, 0x3e, 0x3e, 0x3e, 0x3e, 0x3e, 0x3e, 0x3e,
	0x3e, 0x3e, 0x3e, 0x3e, 0x51, 0x51, 0x51, 0x51, 0x51, 0x51, 0x51, 0x51, 0x51, 0x51, 0x51, 0x51, 0x51, 0x51, 0x51, 0x51, 0x51, 0x51, 0x51, 0x66, 0x66, 0x66, 0x66, 0x66, 0x66, 0x66, 0x66, 0x66,
	0x66, 0x66, 0x66, 0x66, 0x66, 0x66, 0x66, 0x66, 0x66, 0x66, 0x66, 0x66, 0x66, 0x66, 0x7e, 0x7e, 0x7e, 0x7e, 0x7e, 0x7e, 0x7e, 0x7e, 0x7e, 0x7e, 0x7e, 0x7e, 0x7e, 0x7e, 0x7e, 0x7e, 0x7e, 0x7e,
	0x7e, 0x7e, 0x7e, 0x7e, 0x7e, 0x7e, 0x7e, 0x99, 0x99, 0x99, 0x99, 0x99, 0x99, 0x99, 0x99, 0x99, 0x99, 0x99, 0x99, 0x99, 0x99, 0x99, 0x99, 0x99, 0x99, 0x99, 0x99, 0x99, 0x99, 0x99, 0x99, 0x99,
	0x99, 0x99, 0x99, 0xb8, 0xb8, 0xb8, 0xb8, 0xb8, 0xb8, 0xb8, 0xb8, 0xb8, 0xb8, 0xb8, 0xb8, 0xb8, 0xb8, 0xb8, 0xb8, 0xb8, 0xb8, 0xb8, 0xb8, 0xb8, 0xb8, 0xb8, 0xb8, 0xb8, 0xb8, 0xb8, 0xb8, 0xb8,
	0xb8, 0xb8, 0xda, 0xda, 0xda, 0xda, 0xda, 0xda, 0xda, 0xda, 0xda, 0xda, 0xda, 0xda, 0xda, 0xda, 0xda, 0xda, 0xda, 0xda, 0xda, 0xda, 0xda, 0xda, 0xda, 0xda, 0xda, 0xda, 0xda, 0xda, 0xda, 0xda,
	0xda, 0xda, 0xda, 0xda, 0xda, 0xff, 0xff, 0xff, 0xff, 0xff, 0xff, 0xff, 0xff, 0xff, 0xff, 0xff, 0xff, 0xff, 0xff, 0xff, 0xff, 0xff, 0xff, 0xff, 0xff, 0xff, 0xff, 0xff, 0xff, 0xff, 0xff, 0xff,
	0x00, 0x01, 0x01, 0x04, 0x04, 0x04, 0x08, 0x08, 0x08, 0x08, 0x08, 0x0e, 0x0e, 0x0e, 0x0e, 0x0e, 0x0e, 0x0e, 0x17, 0x17, 0x17, 0x17, 0x17, 0x17, 0x17, 0x17, 0x17, 0x21, 0x21, 0x21, 0x21, 0x21,
	0x21, 0x21, 0x21, 0x21, 0x21, 0x21, 0x21, 0x2f, 0x2f, 0x2f, 0x2f, 0x2f, 0x2f, 0x2f, 0x2f, 0x2f, 0x2f, 0x2f, 0x2f, 0x2f, 0x2f, 0x3e, 0x3e, 0x3e, 0x3e, 0x3e, 0x3e, 0x3e, 0x3e, 0x3e, 0x3e, 0x3e,
	0x3e, 0x3e, 0x3e, 0x3e, 0x3e, 0x51, 0x51, 0x51, 0x51, 0x51, 0x51, 0x51, 0x51, 0x51, 0x51, 0x51, 0x51, 0x51, 0x51, 0x51, 0x51, 0x51, 0x51, 0x51, 0x51, 0x66, 0x66, 0x66, 0x66, 0x66, 0x66, 0x66,
	0x66, 0x66, 0x66, 0x66, 0x66, 0x66, 0x66, 0x66, 0x66, 0x66, 0x66, 0x66, 0x66, 0x66, 0x66, 0x7e, 0x7e, 0x7e, 0x7e, 0x7e, 0x7e, 0x7e, 0x7e, 0x7e, 0x7e, 0x7e, 0x7e, 0x7e, 0x7e, 0x7e, 0x7e, 0x7e,
	0x7e, 0x7e, 0x7e, 0x7e, 0x7e, 0x7e, 0x7e, 0x7e, 0x99, 0x99, 0x99, 0x99, 0x99, 0x99, 0x99, 0x99, 0x99, 0x99, 0x99, 0x99, 0x99, 0x99, 0x99, 0x99, 0x99, 0x99, 0x99, 0x99, 0x99, 0x99, 0x99, 0x99,
	0x99, 0x99, 0x99, 0x99, 0x99, 0xb8, 0xb8, 0xb8, 0xb8, 0xb8, 0xb8, 0xb8, 0xb8, 0xb8, 0xb8, 0xb8, 0xb8, 0xb8, 0xb8, 0xb8, 0xb8, 0xb8, 0xb8, 0xb8, 0xb8, 0xb8, 0xb8, 0xb8, 0xb8, 0xb8, 0xb8, 0xb8,
	0xb8, 0xb8, 0xb8, 0xb8, 0xda, 0xda, 0xda, 0xda, 0xda, 0xda, 0xda, 0xda, 0xda, 0xda, 0xda, 0xda, 0xda, 0xda, 0xda, 0xda, 0xda, 0xda, 0xda, 0xda, 0xda, 0xda, 0xda, 0xda, 0xda, 0xda, 0xda, 0xda,
	0xda, 0xda, 0xda, 0xda, 0xda, 0xda, 0xda, 0xff, 0xff, 0xff, 0xff, 0xff, 0xff, 0xff, 0xff, 0xff, 0xff, 0xff, 0xff, 0xff, 0xff, 0xff, 0xff, 0xff, 0xff, 0xff, 0xff, 0xff, 0xff, 0xff, 0xff, 0xff,
	0x00, 0x01, 0x01, 0x04, 0x04, 0x04, 0x08, 0x08, 0x08, 0x08, 0x08, 0x0e, 0x0e, 0x0e, 0x0e, 0x0e, 0x0e, 0x0e, 0x17, 0x17, 0x17, 0x17, 0x17, 0x17, 0x17, 0x17, 0x17, 0x17, 0x21, 0x21, 0x21, 0x21,
	0x21, 0x21, 0x21, 0x21, 0x21, 0x21, 0x21, 0x2f, 0x2f, 0x2f, 0x2f, 0x2f, 0x2f, 0x2f, 0x2f, 0x2f, 0x2f, 0x2f, 0x2f, 0x2f, 0x2f, 0x2f, 0x3e, 0x3e, 0x3e, 0x3e, 0x3e, 0x3e, 0x3e, 0x3e, 0x3e, 0x3e,
	0x3e, 0x3e, 0x3e, 0x3e, 0x3e, 0x3e, 0x51, 0x51, 0x51, 0x51, 0x51, 0x51, 0x51, 0x51, 0x51, 0x51, 0x51, 0x51, 0x51, 0x51, 0x51, 0x51, 0x51, 0x51, 0x51, 0x51, 0x66, 0x66, 0x66, 0x66, 0x66, 0x66,
	0x66, 0x66, 0x66, 0x66, 0x66, 0x66, 0x66, 0x66, 0x66, 0x66, 0x66, 0x66, 0x66, 0x66, 0x66, 0x66, 0x7e, 0x7e, 0x7e, 0x7e, 0x7e, 0x7e, 0x7e, 0x7e, 0x7e, 0x7e, 0x7e, 0x7e, 0x7e, 0x7e, 0x7e, 0x7e,
	0x7e, 0x7e, 0x7e, 0x7e, 0x7e, 0x7e, 0x7e, 0x7e, 0x7e, 0x7e, 0x99, 0x99, 0x99, 0x99, 0x99, 0x99, 0x99, 0x99, 0x99, 0x99, 0x99, 0x99, 0x99, 0x99, 0x99, 0x99, 0x99, 0x99, 0x99, 0x99, 0x99, 0x99,
	0x99, 0x99, 0x99, 0x99, 0x99, 0x99, 0xb8, 0xb8, 0xb8, 0xb8, 0xb8, 0xb8, 0xb8, 0xb8, 0xb8, 0xb8, 0xb8, 0xb8, 0xb8, 0xb8, 0xb8, 0xb8, 0xb8, 0xb8, 0xb8, 0xb8, 0xb8, 0xb8, 0xb8, 0xb8, 0xb8, 0xb8,
	0xb8, 0xb8, 0xb8, 0xb8, 0xb8, 0xb8, 0xda, 0xda, 0xda, 0xda, 0xda, 0xda, 0xda, 0xda, 0xda, 0xda, 0xda, 0xda, 0xda, 0xda, 0xda, 0xda, 0xda, 0xda, 0xda, 0xda, 0xda, 0xda, 0xda, 0xda, 0xda, 0xda,
	0xda, 0xda, 0xda, 0xda, 0xda, 0xda, 0xda, 0xda, 0xda, 0xff, 0xff, 0xff, 0xff, 0xff, 0xff, 0xff, 0xff, 0xff, 0xff, 0xff, 0xff, 0xff, 0xff, 0xff, 0xff, 0xff, 0xff, 0xff, 0xff, 0xff, 0xff, 0xff,
	0x00, 0x01, 0x01, 0x04, 0x04, 0x04, 0x08, 0x08, 0x08, 0x08, 0x08, 0x08, 0x0e, 0x0e, 0x0e, 0x0e, 0x0e, 0x0e, 0x0e, 0x17, 0x17, 0x17, 0x17, 0x17, 0x17, 0x17, 0x17, 0x17, 0x21, 0x21, 0x21, 0x21,
	0x21, 0x21, 0x21, 0x21, 0x21, 0x21, 0x21, 0x21, 0x2f, 0x2f, 0x2f, 0x2f, 0x2f, 0x2f, 0x2f, 0x2f, 0x2f, 0x2f, 0x2f, 0x2f, 0x2f, 0x2f, 0x2f, 0x3e, 0x3e, 0x3e, 0x3e, 0x3e, 0x3e, 0x3e, 0x3e, 0x3e,
	0x3e, 0x3e, 0x3e, 0x3e, 0x3e, 0x3e, 0x3e, 0x3e, 0x51, 0x51, 0x51, 0x51, 0x51, 0x51, 0x51, 0x51, 0x51, 0x51, 0x51, 0x51, 0x51, 0x51, 0x51, 0x51, 0x51, 0x51, 0x51, 0x66, 0x66, 0x66, 0x66, 0x66,
	0x66, 0x66, 0x66, 0x66, 0x66, 0x66, 0x66, 0x66, 0x66, 0x66, 0x66, 0x66, 0x66, 0x66, 0x66, 0x66, 0x66, 0x66, 0x7e, 0x7e, 0x7e, 0x7e, 0x7e, 0x7e, 0x7e, 0x7e, 0x7e, 0x7e, 0x7e, 0x7e, 0x7e, 0x7e,
	0x7e, 0x7e, 0x7e, 0x7e, 0x7e, 0x7e, 0x7e, 0x7e, 0x7e, 0x7e, 0x7e, 0x7e, 0x99, 0x99, 0x99, 0x99, 0x99, 0x99, 0x99, 0x99, 0x99, 0x99, 0x99, 0x99, 0x99, 0x99, 0x99, 0x99, 0x99, 0x99, 0x99, 0x99,
	0x99, 0x99, 0x99, 0x99, 0x99, 0x99, 0x99, 0x99, 0xb8, 0xb8, 0xb8, 0xb8, 0xb8, 0xb8, 0xb8, 0xb8, 0xb8, 0xb8, 0xb8, 0xb8, 0xb8, 0xb8, 0xb8, 0xb8, 0xb8, 0xb8, 0xb8, 0xb8, 0xb8, 0xb8, 0xb8, 0xb8,
	0xb8, 0xb8, 0xb8, 0xb8, 0xb8, 0xb8, 0xb8, 0xb8, 0xda, 0xda, 0xda, 0xda, 0xda, 0xda, 0xda, 0xda, 0xda, 0xda, 0xda, 0xda, 0xda, 0xda, 0xda, 0xda, 0xda, 0xda, 0xda, 0xda, 0xda, 0xda, 0xda, 0xda,
	0xda, 0xda, 0xda, 0xda, 0xda, 0xda, 0xda, 0xda, 0xda, 0xda, 0xda, 0xff, 0xff, 0xff, 0xff, 0xff, 0xff, 0xff, 0xff, 0xff, 0xff, 0xff, 0xff, 0xff, 0xff, 0xff, 0xff, 0xff, 0xff, 0xff, 0xff, 0xff,
	0x00, 0x01, 0x01, 0x04, 0x04, 0x04, 0x04, 0x08, 0x08, 0x08, 0x08, 0x08, 0x0e, 0x0e, 0x0e, 0x0e, 0x0e, 0x0e, 0x0e, 0x17, 0x17, 0x17, 0x17, 0x17, 0x17, 0x17, 0x17, 0x17, 0x17, 0x21, 0x21, 0x21,
	0x21, 0x21, 0x21, 0x21, 0x21, 0x21, 0x21, 0x21, 0x21, 0x2f, 0x2f, 0x2f, 0x2f, 0x2f, 0x2f, 0x2f, 0x2f, 0x2f, 0x2f, 0x2f, 0x2f, 0x2f, 0x2f, 0x2f, 0x3e, 0x3e, 0x3e, 0x3e, 0x3e, 0x3e, 0x3e, 0x3e,
	0x3e, 0x3e, 0x3e, 0x3e, 0x3e, 0x3e, 0x3e, 0x3e, 0x3e, 0x51, 0x51, 0x51, 0x51, 0x51, 0x51, 0x51, 0x51, 0x51, 0x51, 0x51, 0x51, 0x51, 0x51, 0x51, 0x51, 0x51, 0x51, 0x51, 0x51, 0x66, 0x66, 0x66,
	0x66, 0x66, 0x66, 0x66, 0x66, 0x66, 0x66, 0x66, 0x66, 0x66, 0x66, 0x66, 0x66, 0x66, 0x66, 0x66, 0x66, 0x66, 0x66, 0x7e, 0x7e, 0x7e, 0x7e, 0x7e, 0x7e, 0x7e, 0x7e, 0x7e, 0x7e, 0x7e, 0x7e, 0x7e,
	0x7e, 0x7e, 0x7e, 0x7e, 0x7e, 0x7e, 0x7e, 0x7e, 0x7e, 0x7e, 0x7e, 0x7e, 0x7e, 0x99, 0x99, 0x99, 0x99, 0x99, 0x99, 0x99, 0x99, 0x99, 0x99, 0x99, 0x99, 0x99, 0x99, 0x99, 0x99, 0x99, 0x99, 0x99,
	0x99, 0x99, 0x99, 0x99, 0x99, 0x99, 0x99, 0x99, 0x99, 0x99, 0xb8, 0xb8, 0xb8, 0xb8, 0xb8, 0xb8, 0xb8, 0xb8, 0xb8, 0xb8, 0xb8, 0xb8, 0xb8, 0xb8, 0xb8, 0xb8, 0xb8, 0xb8, 0xb8, 0xb8, 0xb8, 0xb8,
	0xb8, 0xb8, 0xb8, 0xb8, 0xb8, 0xb8, 0xb8, 0xb8, 0xb8, 0xb8, 0xda, 0xda, 0xda, 0xda, 0xda, 0xda, 0xda, 0xda, 0xda, 0xda, 0xda, 0xda, 0xda, 0xda, 0xda, 0xda, 0xda, 0xda, 0xda, 0xda, 0xda, 0xda,
	0xda, 0xda, 0xda, 0xda, 0xda, 0xda, 0xda, 0xda, 0xda, 0xda, 0xda, 0xda, 0xda, 0xda, 0xff, 0xff, 0xff, 0xff, 0xff, 0xff, 0xff, 0xff, 0xff, 0xff, 0xff, 0xff, 0xff, 0xff, 0xff, 0xff, 0xff, 0xff,
	0x00, 0x01, 0x01, 0x04, 0x04, 0x04, 0x04, 0x08, 0x08, 0x08, 0x08, 0x08, 0x0e, 0x0e, 0x0e, 0x0e, 0x0e, 0x0e, 0x0e, 0x0e, 0x17, 0x17, 0x17, 0x17, 0x17, 0x17, 0x17, 0x17, 0x17, 0x17, 0x21, 0x21,
	0x21, 0x21, 0x21, 0x21, 0x21, 0x21, 0x21, 0x21, 0x21, 0x21, 0x2f, 0x2f, 0x2f, 0x2f, 0x2f, 0x2f, 0x2f, 0x2f, 0x2f, 0x2f, 0x2f, 0x2f, 0x2f, 0x2f, 0x2f, 0x3e, 0x3e, 0x3e, 0x3e, 0x3e, 0x3e, 0x3e,
	0x3e, 0x3e, 0x3e, 0x3e, 0x3e, 0x3e, 0x3e, 0x3e, 0x3e, 0x3e, 0x51, 0x51, 0x51, 0x51, 0x51, 0x51, 0x51, 0x51, 0x51, 0x51, 0x51, 0x51, 0x51, 0x51, 0x51, 0x51, 0x51, 0x51, 0x51, 0x51, 0x66, 0x66,
	0x66, 0x66, 0x66, 0x66, 0x66, 0x66, 0x66, 0x66, 0x66, 0x66, 0x66, 0x66, 0x66, 0x66, 0x66, 0x66, 0x66, 0x66, 0x66, 0x66, 0x66, 0x7e, 0x7e, 0x7e, 0x7e, 0x7e, 0x7e, 0x7e, 0x7e, 0x7e, 0x7e, 0x7e,
	0x7e, 0x7e, 0x7e, 0x7e, 0x7e, 0x7e, 0x7e, 0x7e, 0x7e, 0x7e, 0x7e, 0x7e, 0x7e, 0x7e, 0x7e, 0x99, 0x99, 0x99, 0x99, 0x99, 0x99, 0x99, 0x99, 0x99, 0x99, 0x99, 0x99, 0x99, 0x99, 0x99, 0x99, 0x99,
	0x99, 0x99, 0x99, 0x99, 0x99, 0x99, 0x99, 0x99, 0x99, 0x99, 0x99, 0x99, 0xb8, 0xb8, 0xb8, 0xb8, 0xb8, 0xb8, 0xb8, 0xb8, 0xb8, 0xb8, 0xb8, 0xb8, 0xb8, 0xb8, 0xb8, 0xb8, 0xb8, 0xb8, 0xb8, 0xb8,
	0xb8, 0xb8, 0xb8, 0xb8, 0xb8, 0xb8, 0xb8, 0xb8, 0xb8, 0xb8, 0xb8, 0xb8, 0xda, 0xda, 0xda, 0xda, 0xda, 0xda, 0xda, 0xda, 0xda, 0xda, 0xda, 0xda, 0xda, 0xda, 0xda, 0xda, 0xda, 0xda, 0xda, 0xda,
	0xda, 0xda, 0xda, 0xda, 0xda, 0xda, 0xda, 0xda, 0xda, 0xda, 0xda, 0xda, 0xda, 0xda, 0xda, 0xda, 0xff, 0xff, 0xff, 0xff, 0xff, 0xff, 0xff, 0xff, 0xff, 0xff, 0xff, 0xff, 0xff, 0xff, 0xff, 0xff,
	0x00, 0x01, 0x01, 0x04, 0x04, 0x04, 0x04, 0x08, 0x08, 0x08, 0x08, 0x08, 0x08, 0x0e, 0x0e, 0x0e, 0x0e, 0x0e, 0x0e, 0x0e, 0x0e, 0x17, 0x17, 0x17, 0x17, 0x17, 0x17, 0x17, 0x17, 0x17, 0x21, 0x21,
	0x21, 0x21, 0x21, 0x21, 0x21, 0x21, 0x21, 0x21, 0x21, 0x21, 0x21, 0x2f, 0x2f, 0x2f, 0x2f, 0x2f, 0x2f, 0x2f, 0x2f, 0x2f, 0x2f, 0x2f, 0x2f, 0x2f, 0x2f, 0x2f, 0x3e, 0x3e, 0x3e, 0x3e, 0x3e, 0x3e,
	0x3e, 0x3e, 0x3e, 0x3e, 0x3e, 0x3e, 0x3e, 0x3e, 0x3e, 0x3e, 0x3e, 0x51, 0x51, 0x51, 0x51, 0x51, 0x51, 0x51, 0x51, 0x51, 0x51, 0x51, 0x51, 0x51, 0x51, 0x51, 0x51, 0x51, 0x51, 0x51, 0x51, 0x66,
	0x66, 0x66, 0x66, 0x66, 0x66, 0x66, 0x66, 0x66, 0x66, 0x66, 0x66, 0x66, 0x66, 0x66, 0x66, 0x66, 0x66, 0x66, 0x66, 0x66, 0x66, 0x66, 0x66, 0x7e, 0x7e, 0x7e, 0x7e, 0x7e, 0x7e, 0x7e, 0x7e, 0x7e,
	0x7e, 0x7e, 0x7e, 0x7e, 0x7e, 0x7e, 0x7e, 0x7e, 0x7e, 0x7e, 0x7e, 0x7e, 0x7e, 0x7e, 0x7e, 0x7e, 0x7e, 0x99, 0x99, 0x99, 0x99, 0x99, 0x99, 0x99, 0x99, 0x99, 0x99, 0x99, 0x99, 0x99, 0x99, 0x99,
	0x99, 0x99, 0x99, 0x99, 0x99, 0x99, 0x99, 0x99, 0x99, 0x99, 0x99, 0x99, 0x99, 0x99, 0xb8, 0xb8, 0xb8, 0xb8, 0xb8, 0xb8, 0xb8, 0xb8, 0xb8, 0xb8, 0xb8, 0xb8, 0xb8, 0xb8, 0xb8, 0xb8, 0xb8, 0xb8,
	0xb8, 0xb8, 0xb8, 0xb8, 0xb8, 0xb8, 0xb8, 0xb8, 0xb8, 0xb8, 0xb8, 0xb8, 0xb8, 0xb8, 0xb8, 0xda, 0xda, 0xda, 0xda, 0xda, 0xda, 0xda, 0xda, 0xda, 0xda, 0xda, 0xda, 0xda, 0xda, 0xda, 0xda, 0xda,
	0xda, 0xda, 0xda, 0xda, 0xda, 0xda, 0xda, 0xda, 0xda, 0xda, 0xda, 0xda, 0xda, 0xda, 0xda, 0xda, 0xda, 0xda, 0xff, 0xff, 0xff, 0xff, 0xff, 0xff, 0xff, 0xff, 0xff, 0xff, 0xff, 0xff, 0xff, 0xff,
	0x00, 0x01, 0x01, 0x01, 0x04, 0x04, 0x04, 0x04, 0x08, 0x08, 0x08, 0x08, 0x08, 0x0e, 0x0e, 0x0e, 0x0e, 0x0e, 0x0e, 0x0e, 0x0e, 0x17, 0x17, 0x17, 0x17, 0x17, 0x17, 0x17, 0x17, 0x17, 0x17, 0x21,
	0x21, 0x21, 0x21, 0x21, 0x21, 0x21, 0x21, 0x21, 0x21, 0x21, 0x21, 0x21, 0x2f, 0x2f, 0x2f, 0x2f, 0x2f, 0x2f, 0x2f, 0x2f, 0x2f, 0x2f, 0x2f, 0x2f, 0x2f, 0x2f, 0x2f, 0x3e, 0x3e, 0x3e, 0x3e, 0x3e,
	0x3e, 0x3e, 0x3e, 0x3e, 0x3e, 0x3e, 0x3e, 0x3e, 0x3e, 0x3e, 0x3e, 0x3e, 0x51, 0x51, 0x51, 0x51, 0x51, 0x51, 0x51, 0x51, 0x51, 0x51, 0x51, 0x51, 0x51, 0x51, 0x51, 0x51, 0x51, 0x51, 0x51, 0x51,
	0x51, 0x66, 0x66, 0x66, 0x66, 0x66, 0x66, 0x66, 0x66, 0x66, 0x66, 0x66, 0x66, 0x66, 0x66, 0x66, 0x66, 0x66, 0x66, 0x66, 0x66, 0x66, 0x66, 0x66, 0x7e, 0x7e, 0x7e, 0x7e, 0x7e, 0x7e, 0x7e, 0x7e,
	0x7e, 0x7e, 0x7e, 0x7e, 0x7e, 0x7e, 0x7e, 0x7e, 0x7e, 0x7e, 0x7e, 0x7e, 0x7e, 0x7e, 0x7e, 0x7e, 0x7e, 0x7e, 0x99, 0x99, 0x99, 0x99, 0x99, 0x99, 0x99, 0x99, 0x99, 0x99, 0x99, 0x99, 0x99, 0x99,
	0x99, 0x99, 0x99, 0x99, 0x99, 0x99, 0x99, 0x99, 0x99, 0x99, 0x99, 0x99, 0x99, 0x99, 0x99, 0x99, 0xb8, 0xb8, 0xb8, 0xb8, 0xb8, 0xb8, 0xb8, 0xb8, 0xb8, 0xb8, 0xb8, 0xb8, 0xb8, 0xb8, 0xb8, 0xb8,
	0xb8, 0xb8, 0xb8, 0xb8, 0xb8, 0xb8, 0xb8, 0xb8, 0xb8, 0xb8, 0xb8, 0xb8, 0xb8, 0xb8, 0xb8, 0xb8, 0xb8, 0xda, 0xda, 0xda, 0xda, 0xda, 0xda, 0xda, 0xda, 0xda, 0xda, 0xda, 0xda, 0xda, 0xda, 0xda,
	0xda, 0xda, 0xda, 0xda, 0xda, 0xda, 0xda, 0xda, 0xda, 0xda, 0xda, 0xda, 0xda, 0xda, 0xda, 0xda, 0xda, 0xda, 0xda, 0xda, 0xda, 0xff, 0xff, 0xff, 0xff, 0xff, 0xff, 0xff, 0xff, 0xff, 0xff, 0xff,
	0x00, 0x00, 0x01, 0x01, 0x04, 0x04, 0x04, 0x04, 0x08, 0x08, 0x08, 0x08, 0x08, 0x08, 0x0e, 0x0e, 0x0e, 0x0e, 0x0e, 0x0e, 0x0e, 0x0e, 0x17, 0x17, 0x17, 0x17, 0x17, 0x17, 0x17, 0x17, 0x17, 0x17,
	0x21, 0x21, 0x21, 0x21, 0x21, 0x21, 0x21, 0x21, 0x21, 0x21, 0x21, 0x21, 0x2f, 0x2f, 0x2f, 0x2f, 0x2f, 0x2f, 0x2f, 0x2f, 0x2f, 0x2f, 0x2f, 0x2f, 0x2f, 0x2f, 0x2f, 0x2f, 0x3e, 0x3e, 0x3e, 0x3e,
	0x3e, 0x3e, 0x3e, 0x3e, 0x3e, 0x3e, 0x3e, 0x3e, 0x3e, 0x3e, 0x3e, 0x3e, 0x3e, 0x51, 0x51, 0x51, 0x51, 0x51, 0x51, 0x51, 0x51, 0x51, 0x51, 0x51, 0x51, 0x51, 0x51, 0x51, 0x51, 0x51, 0x51, 0x51,
	0x51, 0x51, 0x66, 0x66, 0x66, 0x66, 0x66, 0x66, 0x66, 0x66, 0x66, 0x66, 0x66, 0x66, 0x66, 0x66, 0x66, 0x66, 0x66, 0x66, 0x66, 0x66, 0x66, 0x66, 0x66, 0x66, 0x7e, 0x7e, 0x7e, 0x7e, 0x7e, 0x7e,
	0x7e, 0x7e, 0x7e, 0x7e, 0x7e, 0x7e, 0x7e, 0x7e, 0x7e, 0x7e, 0x7e, 0x7e, 0x7e, 0x7e, 0x7e, 0x7e, 0x7e, 0x7e, 0x7e, 0x7e, 0x99, 0x99, 0x99, 0x99, 0x99, 0x99, 0x99, 0x99, 0x99, 0x99, 0x99, 0x99,
	0x99, 0x99, 0x99, 0x99, 0x99, 0x99, 0x99, 0x99, 0x99, 0x99, 0x99, 0x99, 0x99, 0x99, 0x99, 0x99, 0x99, 0x99, 0xb8, 0xb8, 0xb8, 0xb8, 0xb8, 0xb8, 0xb8, 0xb8, 0xb8, 0xb8, 0xb8, 0xb8, 0xb8, 0xb8,
	0xb8, 0xb8, 0xb8, 0xb8, 0xb8, 0xb8, 0xb8, 0xb8, 0xb8, 0xb8, 0xb8, 0xb8, 0xb8, 0xb8, 0xb8, 0xb8, 0xb8, 0xb8, 0xb8, 0xda, 0xda, 0xda, 0xda, 0xda, 0xda, 0xda, 0xda, 0xda, 0xda, 0xda, 0xda, 0xda,
	0xda, 0xda, 0xda, 0xda, 0xda, 0xda, 0xda, 0xda, 0xda, 0xda, 0xda, 0xda, 0xda, 0xda, 0xda, 0xda, 0xda, 0xda, 0xda, 0xda, 0xda, 0xda, 0xda, 0xff, 0xff, 0xff, 0xff, 0xff, 0xff, 0xff, 0xff, 0xff,
	0x00, 0x00, 0x01, 0x01, 0x04, 0x04, 0x04, 0x04, 0x08, 0x08, 0x08, 0x08, 0x08, 0x08, 0x0e, 0x0e, 0x0e, 0x0e, 0x0e, 0x0e, 0x0e, 0x0e, 0x17, 0x17, 0x17, 0x17, 0x17, 0x17, 0x17, 0x17, 0x17, 0x17,
	0x17, 0x21, 0x21, 0x21, 0x21, 0x21, 0x21, 0x21, 0x21, 0x21, 0x21, 0x21, 0x21, 0x2f, 0x2f, 0x2f, 0x2f, 0x2f, 0x2f, 0x2f, 0x2f, 0x2f, 0x2f, 0x2f, 0x2f, 0x2f, 0x2f, 0x2f, 0x2f, 0x3e, 0x3e, 0x3e,
	0x3e, 0x3e, 0x3e, 0x3e, 0x3e, 0x3e, 0x3e, 0x3e, 0x3e, 0x3e, 0x3e, 0x3e, 0x3e, 0x3e, 0x3e, 0x51, 0x51, 0x51, 0x51, 0x51, 0x51, 0x51, 0x51, 0x51, 0x51, 0x51, 0x51, 0x51, 0x51, 0x51, 0x51, 0x51,
	0x51, 0x51, 0x51, 0x66, 0x66, 0x66, 0x66, 0x66, 0x66, 0x66, 0x66, 0x66, 0x66, 0x66, 0x66, 0x66, 0x66, 0x66, 0x66, 0x66, 0x66, 0x66, 0x66, 0x66, 0x66, 0x66, 0x66, 0x7e, 0x7e, 0x7e, 0x7e, 0x7e,
	0x7e, 0x7e, 0x7e, 0x7e, 0x7e, 0x7e, 0x7e, 0x7e, 0x7e, 0x7e, 0x7e, 0x7e, 0x7e, 0x7e, 0x7e, 0x7e, 0x7e, 0x7e, 0x7e, 0x7e, 0x7e, 0x7e, 0x99, 0x99, 0x99, 0x99, 0x99, 0x99, 0x99, 0x99, 0x99, 0x99,
	0x99, 0x99, 0x99, 0x99, 0x99, 0x99, 0x99, 0x99, 0x99, 0x99, 0x99, 0x99, 0x99, 0x99, 0x99, 0x99, 0x99, 0x99, 0x99, 0x99, 0xb8, 0xb8, 0xb8, 0xb8, 0xb8, 0xb8, 0xb8, 0xb8, 0xb8, 0xb8, 0xb8, 0xb8,
	0xb8, 0xb8, 0xb8, 0xb8, 0xb8, 0xb8, 0xb8, 0xb8, 0xb8, 0xb8, 0xb8, 0xb8, 0xb8, 0xb8, 0xb8, 0xb8, 0xb8, 0xb8, 0xb8, 0xb8, 0xb8, 0xda, 0xda, 0xda, 0xda, 0xda, 0xda, 0xda, 0xda, 0xda, 0xda, 0xda,
	0xda, 0xda, 0xda, 0xda, 0xda, 0xda, 0xda, 0xda, 0xda, 0xda, 0xda, 0xda, 0xda, 0xda, 0xda, 0xda, 0xda, 0xda, 0xda, 0xda, 0xda, 0xda, 0xda, 0xda, 0xda, 0xff, 0xff, 0xff, 0xff, 0xff, 0xff, 0xff,
	0x00, 0x00, 0x01, 0x01, 0x04, 0x04, 0x04, 0x04, 0x08, 0x08, 0x08, 0x08, 0x08, 0x08, 0x08, 0x0e, 0x0e, 0x0e, 0x0e, 0x0e, 0x0e, 0x0e, 0x0e, 0x17, 0x17, 0x17, 0x17, 0x17, 0x17, 0x17, 0x17, 0x17,
	0x17, 0x21, 0x21, 0x21, 0x21, 0x21, 0x21, 0x21, 0x21, 0x21, 0x21, 0x21, 0x21, 0x21, 0x2f, 0x2f, 0x2f, 0x2f, 0x2f, 0x2f, 0x2f, 0x2f, 0x2f, 0x2f, 0x2f, 0x2f, 0x2f, 0x2f, 0x2f, 0x2f, 0x3e, 0x3e,
	0x3e, 0x3e, 0x3e, 0x3e, 0x3e, 0x3e, 0x3e, 0x3e, 0x3e, 0x3e, 0x3e, 0x3e, 0x3e, 0x3e, 0x3e, 0x3e, 0x51, 0x51, 0x51, 0x51, 0x51, 0x51, 0x51, 0x51, 0x51, 0x51, 0x51, 0x51, 0x51, 0x51, 0x51, 0x51,
	0x51, 0x51, 0x51, 0x51, 0x51, 0x66, 0x66, 0x66, 0x66, 0x66, 0x66, 0x66, 0x66, 0x66, 0x66, 0x66, 0x66, 0x66, 0x66, 0x66, 0x66, 0x66, 0x66, 0x66, 0x66, 0x66, 0x66, 0x66, 0x66, 0x7e, 0x7e, 0x7e,
	0x7e, 0x7e, 0x7e, 0x7e, 0x7e, 0x7e, 0x7e, 0x7e, 0x7e, 0x7e, 0x7e, 0x7e, 0x7e, 0x7e, 0x7e, 0x7e, 0x7e, 0x7e, 0x7e, 0x7e, 0x7e, 0x7e, 0x7e, 0x7e, 0x99, 0x99, 0x99, 0x99, 0x99, 0x99, 0x99, 0x99,
	0x99, 0x99, 0x99, 0x99, 0x99, 0x99, 0x99, 0x99, 0x99, 0x99, 0x99, 0x99, 0x99, 0x99, 0x99, 0x99, 0x99, 0x99, 0x99, 0x99, 0x99, 0x99, 0xb8, 0xb8, 0xb8, 0xb8, 0xb8, 0xb8, 0xb8, 0xb8, 0xb8, 0xb8,
	0xb8, 0xb8, 0xb8, 0xb8, 0xb8, 0xb8, 0xb8, 0xb8, 0xb8, 0xb8, 0xb8, 0xb8, 0xb8, 0xb8, 0xb8, 0xb8, 0xb8, 0xb8, 0xb8, 0xb8, 0xb8, 0xb8, 0xb8, 0xda, 0xda, 0xda, 0xda, 0xda, 0xda, 0xda, 0xda, 0xda,
	0xda, 0xda, 0xda, 0xda, 0xda, 0xda, 0xda, 0xda, 0xda, 0xda, 0xda, 0xda, 0xda, 0xda, 0xda, 0xda, 0xda, 0xda, 0xda, 0xda, 0xda, 0xda, 0xda, 0xda, 0xda, 0xda, 0xda, 0xda, 0xff, 0xff, 0xff, 0xff,
	0x00, 0x00, 0x01, 0x01, 0x04, 0x04, 0x04, 0x04, 0x04, 0x08, 0x08, 0x08, 0x08, 0x08, 0x08, 0x0e, 0x0e, 0x0e, 0x0e, 0x0e, 0x0e, 0x0e, 0x0e, 0x17, 0x17, 0x17, 0x17, 0x17, 0x17, 0x17, 0x17, 0x17,
	0x17, 0x17, 0x21, 0x21, 0x21, 0x21, 0x21, 0x21, 0x21, 0x21, 0x21, 0x21, 0x21, 0x21, 0x21, 0x2f, 0x2f, 0x2f, 0x2f, 0x2f, 0x2f, 0x2f, 0x2f, 0x2f, 0x2f, 0x2f, 0x2f, 0x2f, 0x2f, 0x2f, 0x2f, 0x3e,
	0x3e, 0x3e, 0x3e, 0x3e, 0x3e, 0x3e, 0x3e, 0x3e, 0x3e, 0x3e, 0x3e, 0x3e, 0x3e, 0x3e, 0x3e, 0x3e, 0x3e, 0x51, 0x51, 0x51, 0x51, 0x51, 0x51, 0x51, 0x51, 0x51, 0x51, 0x51, 0x51, 0x51, 0x51, 0x51,
	0x51, 0x51, 0x51, 0x51, 0x51, 0x51, 0x66, 0x66, 0x66, 0x66, 0x66, 0x66, 0x66, 0x66, 0x66, 0x66, 0x66, 0x66, 0x66, 0x66, 0x66, 0x66, 0x66, 0x66, 0x66, 0x66, 0x66, 0x66, 0x66, 0x66, 0x7e, 0x7e,
	0x7e, 0x7e, 0x7e, 0x7e, 0x7e, 0x7e, 0x7e, 0x7e, 0x7e, 0x7e, 0x7e, 0x7e, 0x7e, 0x7e, 0x7e, 0x7e, 0x7e, 0x7e, 0x7e, 0x7e, 0x7e, 0x7e, 0x7e, 0x7e, 0x7e, 0x7e, 0x99, 0x99, 0x99, 0x99, 0x99, 0x99,
	0x99, 0x99, 0x99, 0x99, 0x99, 0x99, 0x99, 0x99, 0x99, 0x99, 0x99, 0x99, 0x99, 0x99, 0x99, 0x99, 0x99, 0x99, 0x99, 0x99, 0x99, 0x99, 0x99, 0x99, 0xb8, 0xb8, 0xb8, 0xb8, 0xb8, 0xb8, 0xb8, 0xb8,
	0xb8, 0xb8, 0xb8, 0xb8, 0xb8, 0xb8, 0xb8, 0xb8, 0xb8, 0xb8, 0xb8, 0xb8, 0xb8, 0xb8, 0xb8, 0xb8, 0xb8, 0xb8, 0xb8, 0xb8, 0xb8, 0xb8, 0xb8, 0xb8, 0xb8, 0xda, 0xda, 0xda, 0xda, 0xda, 0xda, 0xda,
	0xda, 0xda, 0xda, 0xda, 0xda, 0xda, 0xda, 0xda, 0xda, 0xda, 0xda, 0xda, 0xda, 0xda, 0xda, 0xda, 0xda, 0xda, 0xda, 0xda, 0xda, 0xda, 0xda, 0xda, 0xda, 0xda, 0xda, 0xda, 0xda, 0xda, 0xff, 0xff,
]);

const RGB565_TEXTURE_LUT = new Uint8Array([
	0x00, 0x00, 0x00, 0xff, 0x01, 0x01, 0x01, 0xff, 0x02, 0x02, 0x02, 0xff, 0x03, 0x03, 0x03, 0xff, 0x05, 0x04, 0x05, 0xff, 0x05, 0x05, 0x05, 0xff, 0x07, 0x06, 0x07, 0xff, 0x07, 0x07, 0x07, 0xff,
	0x07, 0x08, 0x07, 0xff, 0x0a, 0x0a, 0x0a, 0xff, 0x0a, 0x0a, 0x0a, 0xff, 0x0d, 0x0b, 0x0d, 0xff, 0x0d, 0x0d, 0x0d, 0xff, 0x0d, 0x0d, 0x0d, 0xff, 0x11, 0x0f, 0x11, 0xff, 0x11, 0x0f, 0x11, 0xff,
	0x11, 0x10, 0x11, 0xff, 0x11, 0x12, 0x11, 0xff, 0x15, 0x12, 0x15, 0xff, 0x15, 0x14, 0x15, 0xff, 0x15, 0x14, 0x15, 0xff, 0x15, 0x14, 0x15, 0xff, 0x1a, 0x17, 0x1a, 0xff, 0x1a, 0x17, 0x1a, 0xff,
	0x1a, 0x19, 0x1a, 0xff, 0x1a, 0x19, 0x1a, 0xff, 0x1a, 0x1b, 0x1a, 0xff, 0x1f, 0x1b, 0x1f, 0xff, 0x1f, 0x1b, 0x1f, 0xff, 0x1f, 0x1e, 0x1f, 0xff, 0x1f, 0x1e, 0x1f, 0xff, 0x1f, 0x21, 0x1f, 0xff,
	0x25, 0x21, 0x25, 0xff, 0x25, 0x21, 0x25, 0xff, 0x25, 0x24, 0x25, 0xff, 0x25, 0x24, 0x25, 0xff, 0x25, 0x24, 0x25, 0xff, 0x25, 0x27, 0x25, 0xff, 0x2b, 0x27, 0x2b, 0xff, 0x2b, 0x27, 0x2b, 0xff,
	0x2b, 0x2a, 0x2b, 0xff, 0x2b, 0x2a, 0x2b, 0xff, 0x2b, 0x2a, 0x2b, 0xff, 0x2b, 0x2d, 0x2b, 0xff, 0x2b, 0x2d, 0x2b, 0xff, 0x32, 0x2d, 0x32, 0xff, 0x32, 0x31, 0x32, 0xff, 0x32, 0x31, 0x32, 0xff,
	0x32, 0x31, 0x32, 0xff, 0x32, 0x31, 0x32, 0xff, 0x32, 0x34, 0x32, 0xff, 0x32, 0x34, 0x32, 0xff, 0x3a, 0x34, 0x3a, 0xff, 0x3a, 0x38, 0x3a, 0xff, 0x3a, 0x38, 0x3a, 0xff, 0x3a, 0x38, 0x3a, 0xff,
	0x3a, 0x38, 0x3a, 0xff, 0x3a, 0x3c, 0x3a, 0xff, 0x3a, 0x3c, 0x3a, 0xff, 0x42, 0x3c, 0x42, 0xff, 0x42, 0x3c, 0x42, 0xff, 0x42, 0x40, 0x42, 0xff, 0x42, 0x40, 0x42, 0xff, 0x42, 0x40, 0x42, 0xff,
	0x42, 0x40, 0x42, 0xff, 0x42, 0x44, 0x42, 0xff, 0x42, 0x44, 0x42, 0xff, 0x4b, 0x44, 0x4b, 0xff, 0x4b, 0x44, 0x4b, 0xff, 0x4b, 0x48, 0x4b, 0xff, 0x4b, 0x48, 0x4b, 0xff, 0x4b, 0x48, 0x4b, 0xff,
	0x4b, 0x48, 0x4b, 0xff, 0x4b, 0x48, 0x4b, 0xff, 0x4b, 0x4d, 0x4b, 0xff, 0x4b, 0x4d, 0x4b, 0xff, 0x55, 0x4d, 0x55, 0xff, 0x55, 0x4d, 0x55, 0xff, 0x55, 0x52, 0x55, 0xff, 0x55, 0x52, 0x55, 0xff,
	0x55, 0x52, 0x55, 0xff, 0x55, 0x52, 0x55, 0xff, 0x55, 0x52, 0x55, 0xff, 0x55, 0x57, 0x55, 0xff, 0x55, 0x57, 0x55, 0xff, 0x55, 0x57, 0x55, 0xff, 0x5f, 0x57, 0x5f, 0xff, 0x5f, 0x57, 0x5f, 0xff,
	0x5f, 0x5c, 0x5f, 0xff, 0x5f, 0x5c, 0x5f, 0xff, 0x5f, 0x5c, 0x5f, 0xff, 0x5f, 0x5c, 0x5f, 0xff, 0x5f, 0x5c, 0x5f, 0xff, 0x5f, 0x61, 0x5f, 0xff, 0x5f, 0x61, 0x5f, 0xff, 0x5f, 0x61, 0x5f, 0xff,
	0x6a, 0x61, 0x6a, 0xff, 0x6a, 0x61, 0x6a, 0xff, 0x6a, 0x66, 0x6a, 0xff, 0x6a, 0x66, 0x6a, 0xff, 0x6a, 0x66, 0x6a, 0xff, 0x6a, 0x66, 0x6a, 0xff, 0x6a, 0x66, 0x6a, 0xff, 0x6a, 0x6b, 0x6a, 0xff,
	0x6a, 0x6b, 0x6a, 0xff, 0x6a, 0x6b, 0x6a, 0xff, 0x6a, 0x6b, 0x6a, 0xff, 0x75, 0x6b, 0x75, 0xff, 0x75, 0x6b, 0x75, 0xff, 0x75, 0x71, 0x75, 0xff, 0x75, 0x71, 0x75, 0xff, 0x75, 0x71, 0x75, 0xff,
	0x75, 0x71, 0x75, 0xff, 0x75, 0x71, 0x75, 0xff, 0x75, 0x77, 0x75, 0xff, 0x75, 0x77, 0x75, 0xff, 0x75, 0x77, 0x75, 0xff, 0x75, 0x77, 0x75, 0xff, 0x75, 0x77, 0x75, 0xff, 0x82, 0x77, 0x82, 0xff,
	0x82, 0x7d, 0x82, 0xff, 0x82, 0x7d, 0x82, 0xff, 0x82, 0x7d, 0x82, 0xff, 0x82, 0x7d, 0x82, 0xff, 0x82, 0x7d, 0x82, 0xff, 0x82, 0x7d, 0x82, 0xff, 0x82, 0x83, 0x82, 0xff, 0x82, 0x83, 0x82, 0xff,
	0x82, 0x83, 0x82, 0xff, 0x82, 0x83, 0x82, 0xff, 0x82, 0x83, 0x82, 0xff, 0x8f, 0x83, 0x8f, 0xff, 0x8f, 0x8a, 0x8f, 0xff, 0x8f, 0x8a, 0x8f, 0xff, 0x8f, 0x8a, 0x8f, 0xff, 0x8f, 0x8a, 0x8f, 0xff,
	0x8f, 0x8a, 0x8f, 0xff, 0x8f, 0x8a, 0x8f, 0xff, 0x8f, 0x8a, 0x8f, 0xff, 0x8f, 0x90, 0x8f, 0xff, 0x8f, 0x90, 0x8f, 0xff, 0x8f, 0x90, 0x8f, 0xff, 0x8f, 0x90, 0x8f, 0xff, 0x8f, 0x90, 0x8f, 0xff,
	0x9c, 0x90, 0x9c, 0xff, 0x9c, 0x97, 0x9c, 0xff, 0x9c, 0x97, 0x9c, 0xff, 0x9c, 0x97, 0x9c, 0xff, 0x9c, 0x97, 0x9c, 0xff, 0x9c, 0x97, 0x9c, 0xff, 0x9c, 0x97, 0x9c, 0xff, 0x9c, 0x97, 0x9c, 0xff,
	0x9c, 0x9e, 0x9c, 0xff, 0x9c, 0x9e, 0x9c, 0xff, 0x9c, 0x9e, 0x9c, 0xff, 0x9c, 0x9e, 0x9c, 0xff, 0x9c, 0x9e, 0x9c, 0xff, 0x9c, 0x9e, 0x9c, 0xff, 0xab, 0x9e, 0xab, 0xff, 0xab, 0xa5, 0xab, 0xff,
	0xab, 0xa5, 0xab, 0xff, 0xab, 0xa5, 0xab, 0xff, 0xab, 0xa5, 0xab, 0xff, 0xab, 0xa5, 0xab, 0xff, 0xab, 0xa5, 0xab, 0xff, 0xab, 0xa5, 0xab, 0xff, 0xab, 0xac, 0xab, 0xff, 0xab, 0xac, 0xab, 0xff,
	0xab, 0xac, 0xab, 0xff, 0xab, 0xac, 0xab, 0xff, 0xab, 0xac, 0xab, 0xff, 0xab, 0xac, 0xab, 0xff, 0xba, 0xac, 0xba, 0xff, 0xba, 0xb3, 0xba, 0xff, 0xba, 0xb3, 0xba, 0xff, 0xba, 0xb3, 0xba, 0xff,
	0xba, 0xb3, 0xba, 0xff, 0xba, 0xb3, 0xba, 0xff, 0xba, 0xb3, 0xba, 0xff, 0xba, 0xb3, 0xba, 0xff, 0xba, 0xb3, 0xba, 0xff, 0xba, 0xbb, 0xba, 0xff, 0xba, 0xbb, 0xba, 0xff, 0xba, 0xbb, 0xba, 0xff,
	0xba, 0xbb, 0xba, 0xff, 0xba, 0xbb, 0xba, 0xff, 0xba, 0xbb, 0xba, 0xff, 0xca, 0xbb, 0xca, 0xff, 0xca, 0xc3, 0xca, 0xff, 0xca, 0xc3, 0xca, 0xff, 0xca, 0xc3, 0xca, 0xff, 0xca, 0xc3, 0xca, 0xff,
	0xca, 0xc3, 0xca, 0xff, 0xca, 0xc3, 0xca, 0xff, 0xca, 0xc3, 0xca, 0xff, 0xca, 0xc3, 0xca, 0xff, 0xca, 0xcb, 0xca, 0xff, 0xca, 0xcb, 0xca, 0xff, 0xca, 0xcb, 0xca, 0xff, 0xca, 0xcb, 0xca, 0xff,
	0xca, 0xcb, 0xca, 0xff, 0xca, 0xcb, 0xca, 0xff, 0xca, 0xcb, 0xca, 0xff, 0xdb, 0xcb, 0xdb, 0xff, 0xdb, 0xd3, 0xdb, 0xff, 0xdb, 0xd3, 0xdb, 0xff, 0xdb, 0xd3, 0xdb, 0xff, 0xdb, 0xd3, 0xdb, 0xff,
	0xdb, 0xd3, 0xdb, 0xff, 0xdb, 0xd3, 0xdb, 0xff, 0xdb, 0xd3, 0xdb, 0xff, 0xdb, 0xd3, 0xdb, 0xff, 0xdb, 0xdb, 0xdb, 0xff, 0xdb, 0xdb, 0xdb, 0xff, 0xdb, 0xdb, 0xdb, 0xff, 0xdb, 0xdb, 0xdb, 0xff,
	0xdb, 0xdb, 0xdb, 0xff, 0xdb, 0xdb, 0xdb, 0xff, 0xdb, 0xdb, 0xdb, 0xff, 0xdb, 0xdb, 0xdb, 0xff, 0xec, 0xe4, 0xec, 0xff, 0xec, 0xe4, 0xec, 0xff, 0xec, 0xe4, 0xec, 0xff, 0xec, 0xe4, 0xec, 0xff,
	0xec, 0xe4, 0xec, 0xff, 0xec, 0xe4, 0xec, 0xff, 0xec, 0xe4, 0xec, 0xff, 0xec, 0xe4, 0xec, 0xff, 0xec, 0xe4, 0xec, 0xff, 0xec, 0xec, 0xec, 0xff, 0xec, 0xec, 0xec, 0xff, 0xec, 0xec, 0xec, 0xff,
	0xec, 0xec, 0xec, 0xff, 0xec, 0xec, 0xec, 0xff, 0xec, 0xec, 0xec, 0xff, 0xec, 0xec, 0xec, 0xff, 0xec, 0xec, 0xec, 0xff, 0xec, 0xec, 0xec, 0xff, 0xff, 0xf5, 0xff, 0xff, 0xff, 0xf5, 0xff, 0xff,
	0xff, 0xf5, 0xff, 0xff, 0xff, 0xf5, 0xff, 0xff, 0xff, 0xf5, 0xff, 0xff, 0xff, 0xf5, 0xff, 0xff, 0xff, 0xf5, 0xff, 0xff, 0xff, 0xf5, 0xff, 0xff, 0xff, 0xf5, 0xff, 0xff, 0xff, 0xff, 0xff, 0xff,
	0xff, 0xff, 0xff, 0xff, 0xff, 0xff, 0xff, 0xff, 0xff, 0xff, 0xff, 0xff, 0xff, 0xff, 0xff, 0xff, 0xff, 0xff, 0xff, 0xff, 0xff, 0xff, 0xff, 0xff, 0xff, 0xff, 0xff, 0xff, 0xff, 0xff, 0xff, 0xff,
	0x00, 0x00, 0x00, 0xff, 0x01, 0x01, 0x01, 0xff, 0x02, 0x02, 0x02, 0xff, 0x03, 0x03, 0x03, 0xff, 0x03, 0x04, 0x03, 0xff, 0x05, 0x05, 0x05, 0xff, 0x07, 0x06, 0x07, 0xff, 0x07, 0x07, 0x07, 0xff,
	0x07, 0x08, 0x07, 0xff, 0x0a, 0x08, 0x0a, 0xff, 0x0a, 0x0a, 0x0a, 0xff, 0x0d, 0x0b, 0x0d, 0xff, 0x0d, 0x0d, 0x0d, 0xff, 0x0d, 0x0d, 0x0d, 0xff, 0x0d, 0x0f, 0x0d, 0xff, 0x11, 0x0f, 0x11, 0xff,
	0x11, 0x10, 0x11, 0xff, 0x11, 0x10, 0x11, 0xff, 0x15, 0x12, 0x15, 0xff, 0x15, 0x12, 0x15, 0xff, 0x15, 0x14, 0x15, 0xff, 0x15, 0x14, 0x15, 0xff, 0x15, 0x17, 0x15, 0xff, 0x1a, 0x17, 0x1a, 0xff,
	0x1a, 0x19, 0x1a, 0xff, 0x1a, 0x19, 0x1a, 0xff, 0x1a, 0x1b, 0x1a, 0xff, 0x1f, 0x1b, 0x1f, 0xff, 0x1f, 0x1b, 0x1f, 0xff, 0x1f, 0x1e, 0x1f, 0xff, 0x1f, 0x1e, 0x1f, 0xff, 0x1f, 0x21, 0x1f, 0xff,
	0x1f, 0x21, 0x1f, 0xff, 0x25, 0x21, 0x25, 0xff, 0x25, 0x24, 0x25, 0xff, 0x25, 0x24, 0x25, 0xff, 0x25, 0x24, 0x25, 0xff, 0x25, 0x27, 0x25, 0xff, 0x25, 0x27, 0x25, 0xff, 0x2b, 0x27, 0x2b, 0xff,
	0x2b, 0x2a, 0x2b, 0xff, 0x2b, 0x2a, 0x2b, 0xff, 0x2b, 0x2a, 0x2b, 0xff, 0x2b, 0x2d, 0x2b, 0xff, 0x2b, 0x2d, 0x2b, 0xff, 0x32, 0x2d, 0x32, 0xff, 0x32, 0x31, 0x32, 0xff, 0x32, 0x31, 0x32, 0xff,
	0x32, 0x31, 0x32, 0xff, 0x32, 0x31, 0x32, 0xff, 0x32, 0x34, 0x32, 0xff, 0x32, 0x34, 0x32, 0xff, 0x3a, 0x34, 0x3a, 0xff, 0x3a, 0x34, 0x3a, 0xff, 0x3a, 0x38, 0x3a, 0xff, 0x3a, 0x38, 0x3a, 0xff,
	0x3a, 0x38, 0x3a, 0xff, 0x3a, 0x3c, 0x3a, 0xff, 0x3a, 0x3c, 0x3a, 0xff, 0x3a, 0x3c, 0x3a, 0xff, 0x42, 0x3c, 0x42, 0xff, 0x42, 0x40, 0x42, 0xff, 0x42, 0x40, 0x42, 0xff, 0x42, 0x40, 0x42, 0xff,
	0x42, 0x40, 0x42, 0xff, 0x42, 0x44, 0x42, 0xff, 0x42, 0x44, 0x42, 0xff, 0x42, 0x44, 0x42, 0xff, 0x4b, 0x44, 0x4b, 0xff, 0x4b, 0x44, 0x4b, 0xff, 0x4b, 0x48, 0x4b, 0xff, 0x4b, 0x48, 0x4b, 0xff,
	0x4b, 0x48, 0x4b, 0xff, 0x4b, 0x48, 0x4b, 0xff, 0x4b, 0x4d, 0x4b, 0xff, 0x4b, 0x4d, 0x4b, 0xff, 0x4b, 0x4d, 0x4b, 0xff, 0x55, 0x4d, 0x55, 0xff, 0x55, 0x52, 0x55, 0xff, 0x55, 0x52, 0x55, 0xff,
	0x55, 0x52, 0x55, 0xff, 0x55, 0x52, 0x55, 0xff, 0x55, 0x52, 0x55, 0xff, 0x55, 0x57, 0x55, 0xff, 0x55, 0x57, 0x55, 0xff, 0x55, 0x57, 0x55, 0xff, 0x55, 0x57, 0x55, 0xff, 0x5f, 0x57, 0x5f, 0xff,
	0x5f, 0x5c, 0x5f, 0xff, 0x5f, 0x5c, 0x5f, 0xff, 0x5f, 0x5c, 0x5f, 0xff, 0x5f, 0x5c, 0x5f, 0xff, 0x5f, 0x5c, 0x5f, 0xff, 0x5f, 0x61, 0x5f, 0xff, 0x5f, 0x61, 0x5f, 0xff, 0x5f, 0x61, 0x5f, 0xff,
	0x5f, 0x61, 0x5f, 0xff, 0x6a, 0x61, 0x6a, 0xff, 0x6a, 0x66, 0x6a, 0xff, 0x6a, 0x66, 0x6a, 0xff, 0x6a, 0x66, 0x6a, 0xff, 0x6a, 0x66, 0x6a, 0xff, 0x6a, 0x66, 0x6a, 0xff, 0x6a, 0x66, 0x6a, 0xff,
	0x6a, 0x6b, 0x6a, 0xff, 0x6a, 0x6b, 0x6a, 0xff, 0x6a, 0x6b, 0x6a, 0xff, 0x6a, 0x6b, 0x6a, 0xff, 0x75, 0x6b, 0x75, 0xff, 0x75, 0x71, 0x75, 0xff, 0x75, 0x71, 0x75, 0xff, 0x75, 0x71, 0x75, 0xff,
	0x75, 0x71, 0x75, 0xff, 0x75, 0x71, 0x75, 0xff, 0x75, 0x71, 0x75, 0xff, 0x75, 0x77, 0x75, 0xff, 0x75, 0x77, 0x75, 0xff, 0x75, 0x77, 0x75, 0xff, 0x75, 0x77, 0x75, 0xff, 0x82, 0x77, 0x82, 0xff,
	0x82, 0x77, 0x82, 0xff, 0x82, 0x7d, 0x82, 0xff, 0x82, 0x7d, 0x82, 0xff, 0x82, 0x7d, 0x82, 0xff, 0x82, 0x7d, 0x82, 0xff, 0x82, 0x7d, 0x82, 0xff, 0x82, 0x7d, 0x82, 0xff, 0x82, 0x83, 0x82, 0xff,
	0x82, 0x83, 0x82, 0xff, 0x82, 0x83, 0x82, 0xff, 0x82, 0x83, 0x82, 0xff, 0x82, 0x83, 0x82, 0xff, 0x8f, 0x83, 0x8f, 0xff, 0x8f, 0x8a, 0x8f, 0xff, 0x8f, 0x8a, 0x8f, 0xff, 0x8f, 0x8a, 0x8f, 0xff,
	0x8f, 0x8a, 0x8f, 0xff, 0x8f, 0x8a, 0x8f, 0xff, 0x8f, 0x8a, 0x8f, 0xff, 0x8f, 0x90, 0x8f, 0xff, 0x8f, 0x90, 0x8f, 0xff, 0x8f, 0x90, 0x8f, 0xff, 0x8f, 0x90, 0x8f, 0xff, 0x8f, 0x90, 0x8f, 0xff,
	0x8f, 0x90, 0x8f, 0xff, 0x9c, 0x90, 0x9c, 0xff, 0x9c, 0x97, 0x9c, 0xff, 0x9c, 0x97, 0x9c, 0xff, 0x9c, 0x97, 0x9c, 0xff, 0x9c, 0x97, 0x9c, 0xff, 0x9c, 0x97, 0x9c, 0xff, 0x9c, 0x97, 0x9c, 0xff,
	0x9c, 0x9e, 0x9c, 0xff, 0x9c, 0x9e, 0x9c, 0xff, 0x9c, 0x9e, 0x9c, 0xff, 0x9c, 0x9e, 0x9c, 0xff, 0x9c, 0x9e, 0x9c, 0xff, 0x9c, 0x9e, 0x9c, 0xff, 0x9c, 0x9e, 0x9c, 0xff, 0xab, 0xa5, 0xab, 0xff,
	0xab, 0xa5, 0xab, 0xff, 0xab, 0xa5, 0xab, 0xff, 0xab, 0xa5, 0xab, 0xff, 0xab, 0xa5, 0xab, 0xff, 0xab, 0xa5, 0xab, 0xff, 0xab, 0xa5, 0xab, 0xff, 0xab, 0xac, 0xab, 0xff, 0xab, 0xac, 0xab, 0xff,
	0xab, 0xac, 0xab, 0xff, 0xab, 0xac, 0xab, 0xff, 0xab, 0xac, 0xab, 0xff, 0xab, 0xac, 0xab, 0xff, 0xab, 0xac, 0xab, 0xff, 0xba, 0xac, 0xba, 0xff, 0xba, 0xb3, 0xba, 0xff, 0xba, 0xb3, 0xba, 0xff,
	0xba, 0xb3, 0xba, 0xff, 0xba, 0xb3, 0xba, 0xff, 0xba, 0xb3, 0xba, 0xff, 0xba, 0xb3, 0xba, 0xff, 0xba, 0xb3, 0xba, 0xff, 0xba, 0xbb, 0xba, 0xff, 0xba, 0xbb, 0xba, 0xff, 0xba, 0xbb, 0xba, 0xff,
	0xba, 0xbb, 0xba, 0xff, 0xba, 0xbb, 0xba, 0xff, 0xba, 0xbb, 0xba, 0xff, 0xba, 0xbb, 0xba, 0xff, 0xca, 0xbb, 0xca, 0xff, 0xca, 0xc3, 0xca, 0xff, 0xca, 0xc3, 0xca, 0xff, 0xca, 0xc3, 0xca, 0xff,
	0xca, 0xc3, 0xca, 0xff, 0xca, 0xc3, 0xca, 0xff, 0xca, 0xc3, 0xca, 0xff, 0xca, 0xc3, 0xca, 0xff, 0xca, 0xcb, 0xca, 0xff, 0xca, 0xcb, 0xca, 0xff, 0xca, 0xcb, 0xca, 0xff, 0xca, 0xcb, 0xca, 0xff,
	0xca, 0xcb, 0xca, 0xff, 0xca, 0xcb, 0xca, 0xff, 0xca, 0xcb, 0xca, 0xff, 0xca, 0xcb, 0xca, 0xff, 0xdb, 0xd3, 0xdb, 0xff, 0xdb, 0xd3, 0xdb, 0xff, 0xdb, 0xd3, 0xdb, 0xff, 0xdb, 0xd3, 0xdb, 0xff,
	0xdb, 0xd3, 0xdb, 0xff, 0xdb, 0xd3, 0xdb, 0xff, 0xdb, 0xd3, 0xdb, 0xff, 0xdb, 0xd3, 0xdb, 0xff, 0xdb, 0xd3, 0xdb, 0xff, 0xdb, 0xdb, 0xdb, 0xff, 0xdb, 0xdb, 0xdb, 0xff, 0xdb, 0xdb, 0xdb, 0xff,
	0xdb, 0xdb, 0xdb, 0xff, 0xdb, 0xdb, 0xdb, 0xff, 0xdb, 0xdb, 0xdb, 0xff, 0xdb, 0xdb, 0xdb, 0xff, 0xdb, 0xdb, 0xdb, 0xff, 0xec, 0xe4, 0xec, 0xff, 0xec, 0xe4, 0xec, 0xff, 0xec, 0xe4, 0xec, 0xff,
	0xec, 0xe4, 0xec, 0xff, 0xec, 0xe4, 0xec, 0xff, 0xec, 0xe4, 0xec, 0xff, 0xec, 0xe4, 0xec, 0xff, 0xec, 0xe4, 0xec, 0xff, 0xec, 0xe4, 0xec, 0xff, 0xec, 0xec, 0xec, 0xff, 0xec, 0xec, 0xec, 0xff,
	0xec, 0xec, 0xec, 0xff, 0xec, 0xec, 0xec, 0xff, 0xec, 0xec, 0xec, 0xff, 0xec, 0xec, 0xec, 0xff, 0xec, 0xec, 0xec, 0xff, 0xec, 0xec, 0xec, 0xff, 0xec, 0xf5, 0xec, 0xff, 0xff, 0xf5, 0xff, 0xff,
	0xff, 0xf5, 0xff, 0xff, 0xff, 0xf5, 0xff, 0xff, 0xff, 0xf5, 0xff, 0xff, 0xff, 0xf5, 0xff, 0xff, 0xff, 0xf5, 0xff, 0xff, 0xff, 0xf5, 0xff, 0xff, 0xff, 0xf5, 0xff, 0xff, 0xff, 0xff, 0xff, 0xff,
	0xff, 0xff, 0xff, 0xff, 0xff, 0xff, 0xff, 0xff, 0xff, 0xff, 0xff, 0xff, 0xff, 0xff, 0xff, 0xff, 0xff, 0xff, 0xff, 0xff, 0xff, 0xff, 0xff, 0xff, 0xff, 0xff, 0xff, 0xff, 0xff, 0xff, 0xff, 0xff,
	0x00, 0x00, 0x00, 0xff, 0x01, 0x00, 0x01, 0xff, 0x02, 0x02, 0x02, 0xff, 0x03, 0x03, 0x03, 0xff, 0x03, 0x04, 0x03, 0xff, 0x05, 0x05, 0x05, 0xff, 0x05, 0x06, 0x05, 0xff, 0x07, 0x07, 0x07, 0xff,
	0x07, 0x08, 0x07, 0xff, 0x0a, 0x08, 0x0a, 0xff, 0x0a, 0x0a, 0x0a, 0xff, 0x0a, 0x0b, 0x0a, 0xff, 0x0d, 0x0b, 0x0d, 0xff, 0x0d, 0x0d, 0x0d, 0xff, 0x0d, 0x0f, 0x0d, 0xff, 0x11, 0x0f, 0x11, 0xff,
	0x11, 0x10, 0x11, 0xff, 0x11, 0x10, 0x11, 0xff, 0x11, 0x12, 0x11, 0xff, 0x15, 0x12, 0x15, 0xff, 0x15, 0x14, 0x15, 0xff, 0x15, 0x14, 0x15, 0xff, 0x15, 0x17, 0x15, 0xff, 0x1a, 0x17, 0x1a, 0xff,
	0x1a, 0x19, 0x1a, 0xff, 0x1a, 0x19, 0x1a, 0xff, 0x1a, 0x1b, 0x1a, 0xff, 0x1a, 0x1b, 0x1a, 0xff, 0x1f, 0x1b, 0x1f, 0xff, 0x1f, 0x1e, 0x1f, 0xff, 0x1f, 0x1e, 0x1f, 0xff, 0x1f, 0x21, 0x1f, 0xff,
	0x1f, 0x21, 0x1f, 0xff, 0x25, 0x21, 0x25, 0xff, 0x25, 0x24, 0x25, 0xff, 0x25, 0x24, 0x25, 0xff, 0x25, 0x24, 0x25, 0xff, 0x25, 0x27, 0x25, 0xff, 0x25, 0x27, 0x25, 0xff, 0x2b, 0x27, 0x2b, 0xff,
	0x2b, 0x2a, 0x2b, 0xff, 0x2b, 0x2a, 0x2b, 0xff, 0x2b, 0x2a, 0x2b, 0xff, 0x2b, 0x2d, 0x2b, 0xff, 0x2b, 0x2d, 0x2b, 0xff, 0x32, 0x2d, 0x32, 0xff, 0x32, 0x2d, 0x32, 0xff, 0x32, 0x31, 0x32, 0xff,
	0x32, 0x31, 0x32, 0xff, 0x32, 0x31, 0x32, 0xff, 0x32, 0x34, 0x32, 0xff, 0x32, 0x34, 0x32, 0xff, 0x32, 0x34, 0x32, 0xff, 0x3a, 0x34, 0x3a, 0xff, 0x3a, 0x38, 0x3a, 0xff, 0x3a, 0x38, 0x3a, 0xff,
	0x3a, 0x38, 0x3a, 0xff, 0x3a, 0x38, 0x3a, 0xff, 0x3a, 0x3c, 0x3a, 0xff, 0x3a, 0x3c, 0x3a, 0xff, 0x42, 0x3c, 0x42, 0xff, 0x42, 0x40, 0x42, 0xff, 0x42, 0x40, 0x42, 0xff, 0x42, 0x40, 0x42, 0xff,
	0x42, 0x40, 0x42, 0xff, 0x42, 0x40, 0x42, 0xff, 0x42, 0x44, 0x42, 0xff, 0x42, 0x44, 0x42, 0xff, 0x42, 0x44, 0x42, 0xff, 0x4b, 0x44, 0x4b, 0xff, 0x4b, 0x48, 0x4b, 0xff, 0x4b, 0x48, 0x4b, 0xff,
	0x4b, 0x48, 0x4b, 0xff, 0x4b, 0x48, 0x4b, 0xff, 0x4b, 0x4d, 0x4b, 0xff, 0x4b, 0x4d, 0x4b, 0xff, 0x4b, 0x4d, 0x4b, 0xff, 0x4b, 0x4d, 0x4b, 0xff, 0x55, 0x4d, 0x55, 0xff, 0x55, 0x52, 0x55, 0xff,
	0x55, 0x52, 0x55, 0xff, 0x55, 0x52, 0x55, 0xff, 0x55, 0x52, 0x55, 0xff, 0x55, 0x57, 0x55, 0xff, 0x55, 0x57, 0x55, 0xff, 0x55, 0x57, 0x55, 0xff, 0x55, 0x57, 0x55, 0xff, 0x5f, 0x57, 0x5f, 0xff,
	0x5f, 0x5c, 0x5f, 0xff, 0x5f, 0x5c, 0x5f, 0xff, 0x5f, 0x5c, 0x5f, 0xff, 0x5f, 0x5c, 0x5f, 0xff, 0x5f, 0x5c, 0x5f, 0xff, 0x5f, 0x61, 0x5f, 0xff, 0x5f, 0x61, 0x5f, 0xff, 0x5f, 0x61, 0x5f, 0xff,
	0x5f, 0x61, 0x5f, 0xff, 0x6a, 0x61, 0x6a, 0xff, 0x6a, 0x66, 0x6a, 0xff, 0x6a, 0x66, 0x6a, 0xff, 0x6a, 0x66, 0x6a, 0xff, 0x6a, 0x66, 0x6a, 0xff, 0x6a, 0x66, 0x6a, 0xff, 0x6a, 0x66, 0x6a, 0xff,
	0x6a, 0x6b, 0x6a, 0xff, 0x6a, 0x6b, 0x6a, 0xff, 0x6a, 0x6b, 0x6a, 0xff, 0x6a, 0x6b, 0x6a, 0xff, 0x75, 0x6b, 0x75, 0xff, 0x75, 0x71, 0x75, 0xff, 0x75, 0x71, 0x75, 0xff, 0x75, 0x71, 0x75, 0xff,
	0x75, 0x71, 0x75, 0xff, 0x75, 0x71, 0x75, 0xff, 0x75, 0x71, 0x75, 0xff, 0x75, 0x77, 0x75, 0xff, 0x75, 0x77, 0x75, 0xff, 0x75, 0x77, 0x75, 0xff, 0x75, 0x77, 0x75, 0xff, 0x75, 0x77, 0x75, 0xff,
	0x82, 0x77, 0x82, 0xff, 0x82, 0x7d, 0x82, 0xff, 0x82, 0x7d, 0x82, 0xff, 0x82, 0x7d, 0x82, 0xff, 0x82, 0x7d, 0x82, 0xff, 0x82, 0x7d, 0x82, 0xff, 0x82, 0x7d, 0x82, 0xff, 0x82, 0x83, 0x82, 0xff,
	0x82, 0x83, 0x82, 0xff, 0x82, 0x83, 0x82, 0xff, 0x82, 0x83, 0x82, 0xff, 0x82, 0x83, 0x82, 0xff, 0x82, 0x83, 0x82, 0xff, 0x8f, 0x8a, 0x8f, 0xff, 0x8f, 0x8a, 0x8f, 0xff, 0x8f, 0x8a, 0x8f, 0xff,
	0x8f, 0x8a, 0x8f, 0xff, 0x8f, 0x8a, 0x8f, 0xff, 0x8f, 0x8a, 0x8f, 0xff, 0x8f, 0x8a, 0x8f, 0xff, 0x8f, 0x90, 0x8f, 0xff, 0x8f, 0x90, 0x8f, 0xff, 0x8f, 0x90, 0x8f, 0xff, 0x8f, 0x90, 0x8f, 0xff,
	0x8f, 0x90, 0x8f, 0xff, 0x8f, 0x90, 0x8f, 0xff, 0x9c, 0x97, 0x9c, 0xff, 0x9c, 0x97, 0x9c, 0xff, 0x9c, 0x97, 0x9c, 0xff, 0x9c, 0x97, 0x9c, 0xff, 0x9c, 0x97, 0x9c, 0xff, 0x9c, 0x97, 0x9c, 0xff,
	0x9c, 0x97, 0x9c, 0xff, 0x9c, 0x9e, 0x9c, 0xff, 0x9c, 0x9e, 0x9c, 0xff, 0x9c, 0x9e, 0x9c, 0xff, 0x9c, 0x9e, 0x9c, 0xff, 0x9c, 0x9e, 0x9c, 0xff, 0x9c, 0x9e, 0x9c, 0xff, 0x9c, 0x9e, 0x9c, 0xff,
	0xab, 0xa5, 0xab, 0xff, 0xab, 0xa5, 0xab, 0xff, 0xab, 0xa5, 0xab, 0xff, 0xab, 0xa5, 0xab, 0xff, 0xab, 0xa5, 0xab, 0xff, 0xab, 0xa5, 0xab, 0xff, 0xab, 0xa5, 0xab, 0xff, 0xab, 0xac, 0xab, 0xff,
	0xab, 0xac, 0xab, 0xff, 0xab, 0xac, 0xab, 0xff, 0xab, 0xac, 0xab, 0xff, 0xab, 0xac, 0xab, 0xff, 0xab, 0xac, 0xab, 0xff, 0xab, 0xac, 0xab, 0xff, 0xba, 0xb3, 0xba, 0xff, 0xba, 0xb3, 0xba, 0xff,
	0xba, 0xb3, 0xba, 0xff, 0xba, 0xb3, 0xba, 0xff, 0xba, 0xb3, 0xba, 0xff, 0xba, 0xb3, 0xba, 0xff, 0xba, 0xb3, 0xba, 0xff, 0xba, 0xbb, 0xba, 0xff, 0xba, 0xbb, 0xba, 0xff, 0xba, 0xbb, 0xba, 0xff,
	0xba, 0xbb, 0xba, 0xff, 0xba, 0xbb, 0xba, 0xff, 0xba, 0xbb, 0xba, 0xff, 0xba, 0xbb, 0xba, 0xff, 0xba, 0xbb, 0xba, 0xff, 0xca, 0xc3, 0xca, 0xff, 0xca, 0xc3, 0xca, 0xff, 0xca, 0xc3, 0xca, 0xff,
	0xca, 0xc3, 0xca, 0xff, 0xca, 0xc3, 0xca, 0xff, 0xca, 0xc3, 0xca, 0xff, 0xca, 0xc3, 0xca, 0xff, 0xca, 0xc3, 0xca, 0xff, 0xca, 0xcb, 0xca, 0xff, 0xca, 0xcb, 0xca, 0xff, 0xca, 0xcb, 0xca, 0xff,
	0xca, 0xcb, 0xca, 0xff, 0xca, 0xcb, 0xca, 0xff, 0xca, 0xcb, 0xca, 0xff, 0xca, 0xcb, 0xca, 0xff, 0xca, 0xcb, 0xca, 0xff, 0xdb, 0xd3, 0xdb, 0xff, 0xdb, 0xd3, 0xdb, 0xff, 0xdb, 0xd3, 0xdb, 0xff,
	0xdb, 0xd3, 0xdb, 0xff, 0xdb, 0xd3, 0xdb, 0xff, 0xdb, 0xd3, 0xdb, 0xff, 0xdb, 0xd3, 0xdb, 0xff, 0xdb, 0xd3, 0xdb, 0xff, 0xdb, 0xdb, 0xdb, 0xff, 0xdb, 0xdb, 0xdb, 0xff, 0xdb, 0xdb, 0xdb, 0xff,
	0xdb, 0xdb, 0xdb, 0xff, 0xdb, 0xdb, 0xdb, 0xff, 0xdb, 0xdb, 0xdb, 0xff, 0xdb, 0xdb, 0xdb, 0xff, 0xdb, 0xdb, 0xdb, 0xff, 0xdb, 0xdb, 0xdb, 0xff, 0xec, 0xe4, 0xec, 0xff, 0xec, 0xe4, 0xec, 0xff,
	0xec, 0xe4, 0xec, 0xff, 0xec, 0xe4, 0xec, 0xff, 0xec, 0xe4, 0xec, 0xff, 0xec, 0xe4, 0xec, 0xff, 0xec, 0xe4, 0xec, 0xff, 0xec, 0xe4, 0xec, 0xff, 0xec, 0xec, 0xec, 0xff, 0xec, 0xec, 0xec, 0xff,
	0xec, 0xec, 0xec, 0xff, 0xec, 0xec, 0xec, 0xff, 0xec, 0xec, 0xec, 0xff, 0xec, 0xec, 0xec, 0xff, 0xec, 0xec, 0xec, 0xff, 0xec, 0xec, 0xec, 0xff, 0xec, 0xec, 0xec, 0xff, 0xec, 0xf5, 0xec, 0xff,
	0xff, 0xf5, 0xff, 0xff, 0xff, 0xf5, 0xff, 0xff, 0xff, 0xf5, 0xff, 0xff, 0xff, 0xf5, 0xff, 0xff, 0xff, 0xf5, 0xff, 0xff, 0xff, 0xf5, 0xff, 0xff, 0xff, 0xf5, 0xff, 0xff, 0xff, 0xf5, 0xff, 0xff,
	0xff, 0xff, 0xff, 0xff, 0xff, 0xff, 0xff, 0xff, 0xff, 0xff, 0xff, 0xff, 0xff, 0xff, 0xff, 0xff, 0xff, 0xff, 0xff, 0xff, 0xff, 0xff, 0xff, 0xff, 0xff, 0xff, 0xff, 0xff, 0xff, 0xff, 0xff, 0xff,
	0x00, 0x00, 0x00, 0xff, 0x01, 0x00, 0x01, 0xff, 0x02, 0x02, 0x02, 0xff, 0x03, 0x03, 0x03, 0xff, 0x03, 0x04, 0x03, 0xff, 0x05, 0x05, 0x05, 0xff, 0x05, 0x06, 0x05, 0xff, 0x07, 0x07, 0x07, 0xff,
	0x07, 0x08, 0x07, 0xff, 0x0a, 0x08, 0x0a, 0xff, 0x0a, 0x0a, 0x0a, 0xff, 0x0a, 0x0b, 0x0a, 0xff, 0x0d, 0x0b, 0x0d, 0xff, 0x0d, 0x0d, 0x0d, 0xff, 0x0d, 0x0f, 0x0d, 0xff, 0x11, 0x0f, 0x11, 0xff,
	0x11, 0x10, 0x11, 0xff, 0x11, 0x10, 0x11, 0xff, 0x11, 0x12, 0x11, 0xff, 0x15, 0x12, 0x15, 0xff, 0x15, 0x14, 0x15, 0xff, 0x15, 0x14, 0x15, 0xff, 0x15, 0x17, 0x15, 0xff, 0x1a, 0x17, 0x1a, 0xff,
	0x1a, 0x19, 0x1a, 0xff, 0x1a, 0x19, 0x1a, 0xff, 0x1a, 0x19, 0x1a, 0xff, 0x1a, 0x1b, 0x1a, 0xff, 0x1f, 0x1b, 0x1f, 0xff, 0x1f, 0x1e, 0x1f, 0xff, 0x1f, 0x1e, 0x1f, 0xff, 0x1f, 0x1e, 0x1f, 0xff,
	0x1f, 0x21, 0x1f, 0xff, 0x25, 0x21, 0x25, 0xff, 0x25, 0x24, 0x25, 0xff, 0x25, 0x24, 0x25, 0xff, 0x25, 0x24, 0x25, 0xff, 0x25, 0x27, 0x25, 0xff, 0x25, 0x27, 0x25, 0xff, 0x2b, 0x27, 0x2b, 0xff,
	0x2b, 0x2a, 0x2b, 0xff, 0x2b, 0x2a, 0x2b, 0xff, 0x2b, 0x2a, 0x2b, 0xff, 0x2b, 0x2a, 0x2b, 0xff, 0x2b, 0x2d, 0x2b, 0xff, 0x2b, 0x2d, 0x2b, 0xff, 0x32, 0x2d, 0x32, 0xff, 0x32, 0x31, 0x32, 0xff,
	0x32, 0x31, 0x32, 0xff, 0x32, 0x31, 0x32, 0xff, 0x32, 0x34, 0x32, 0xff, 0x32, 0x34, 0x32, 0xff, 0x32, 0x34, 0x32, 0xff, 0x3a, 0x34, 0x3a, 0xff, 0x3a, 0x38, 0x3a, 0xff, 0x3a, 0x38, 0x3a, 0xff,
	0x3a, 0x38, 0x3a, 0xff, 0x3a, 0x38, 0x3a, 0xff, 0x3a, 0x3c, 0x3a, 0xff, 0x3a, 0x3c, 0x3a, 0xff, 0x3a, 0x3c, 0x3a, 0xff, 0x42, 0x3c, 0x42, 0xff, 0x42, 0x40, 0x42, 0xff, 0x42, 0x40, 0x42, 0xff,
	0x42, 0x40, 0x42, 0xff, 0x42, 0x40, 0x42, 0xff, 0x42, 0x44, 0x42, 0xff, 0x42, 0x44, 0x42, 0xff, 0x42, 0x44, 0x42, 0xff, 0x4b, 0x44, 0x4b, 0xff, 0x4b, 0x48, 0x4b, 0xff, 0x4b, 0x48, 0x4b, 0xff,
	0x4b, 0x48, 0x4b, 0xff, 0x4b, 0x48, 0x4b, 0xff, 0x4b, 0x4d, 0x4b, 0xff, 0x4b, 0x4d, 0x4b, 0xff, 0x4b, 0x4d, 0x4b, 0xff, 0x4b, 0x4d, 0x4b, 0xff, 0x55, 0x4d, 0x55, 0xff, 0x55, 0x52, 0x55, 0xff,
	0x55, 0x52, 0x55, 0xff, 0x55, 0x52, 0x55, 0xff, 0x55, 0x52, 0x55, 0xff, 0x55, 0x52, 0x55, 0xff, 0x55, 0x57, 0x55, 0xff, 0x55, 0x57, 0x55, 0xff, 0x55, 0x57, 0x55, 0xff, 0x55, 0x57, 0x55, 0xff,
	0x5f, 0x57, 0x5f, 0xff, 0x5f, 0x5c, 0x5f, 0xff, 0x5f, 0x5c, 0x5f, 0xff, 0x5f, 0x5c, 0x5f, 0xff, 0x5f, 0x5c, 0x5f, 0xff, 0x5f, 0x5c, 0x5f, 0xff, 0x5f, 0x61, 0x5f, 0xff, 0x5f, 0x61, 0x5f, 0xff,
	0x5f, 0x61, 0x5f, 0xff, 0x5f, 0x61, 0x5f, 0xff, 0x6a, 0x61, 0x6a, 0xff, 0x6a, 0x66, 0x6a, 0xff, 0x6a, 0x66, 0x6a, 0xff, 0x6a, 0x66, 0x6a, 0xff, 0x6a, 0x66, 0x6a, 0xff, 0x6a, 0x66, 0x6a, 0xff,
	0x6a, 0x6b, 0x6a, 0xff, 0x6a, 0x6b, 0x6a, 0xff, 0x6a, 0x6b, 0x6a, 0xff, 0x6a, 0x6b, 0x6a, 0xff, 0x6a, 0x6b, 0x6a, 0xff, 0x75, 0x6b, 0x75, 0xff, 0x75, 0x71, 0x75, 0xff, 0x75, 0x71, 0x75, 0xff,
	0x75, 0x71, 0x75, 0xff, 0x75, 0x71, 0x75, 0xff, 0x75, 0x71, 0x75, 0xff, 0x75, 0x77, 0x75, 0xff, 0x75, 0x77, 0x75, 0xff, 0x75, 0x77, 0x75, 0xff, 0x75, 0x77, 0x75, 0xff, 0x75, 0x77, 0x75, 0xff,
	0x75, 0x77, 0x75, 0xff, 0x82, 0x7d, 0x82, 0xff, 0x82, 0x7d, 0x82, 0xff, 0x82, 0x7d, 0x82, 0xff, 0x82, 0x7d, 0x82, 0xff, 0x82, 0x7d, 0x82, 0xff, 0x82, 0x7d, 0x82, 0xff, 0x82, 0x83, 0x82, 0xff,
	0x82, 0x83, 0x82, 0xff, 0x82, 0x83, 0x82, 0xff, 0x82, 0x83, 0x82, 0xff, 0x82, 0x83, 0x82, 0xff, 0x82, 0x83, 0x82, 0xff, 0x8f, 0x83, 0x8f, 0xff, 0x8f, 0x8a, 0x8f, 0xff, 0x8f, 0x8a, 0x8f, 0xff,
	0x8f, 0x8a, 0x8f, 0xff, 0x8f, 0x8a, 0x8f, 0xff, 0x8f, 0x8a, 0x8f, 0xff, 0x8f, 0x8a, 0x8f, 0xff, 0x8f, 0x90, 0x8f, 0xff, 0x8f, 0x90, 0x8f, 0xff, 0x8f, 0x90, 0x8f, 0xff, 0x8f, 0x90, 0x8f, 0xff,
	0x8f, 0x90, 0x8f, 0xff, 0x8f, 0x90, 0x8f, 0xff, 0x9c, 0x97, 0x9c, 0xff, 0x9c, 0x97, 0x9c, 0xff, 0x9c, 0x97, 0x9c, 0xff, 0x9c, 0x97, 0x9c, 0xff, 0x9c, 0x97, 0x9c, 0xff, 0x9c, 0x97, 0x9c, 0xff,
	0x9c, 0x97, 0x9c, 0xff, 0x9c, 0x9e, 0x9c, 0xff, 0x9c, 0x9e, 0x9c, 0xff, 0x9c, 0x9e, 0x9c, 0xff, 0x9c, 0x9e, 0x9c, 0xff, 0x9c, 0x9e, 0x9c, 0xff, 0x9c, 0x9e, 0x9c, 0xff, 0x9c, 0x9e, 0x9c, 0xff,
	0xab, 0xa5, 0xab, 0xff, 0xab, 0xa5, 0xab, 0xff, 0xab, 0xa5, 0xab, 0xff, 0xab, 0xa5, 0xab, 0xff, 0xab, 0xa5, 0xab, 0xff, 0xab, 0xa5, 0xab, 0xff, 0xab, 0xa5, 0xab, 0xff, 0xab, 0xac, 0xab, 0xff,
	0xab, 0xac, 0xab, 0xff, 0xab, 0xac, 0xab, 0xff, 0xab, 0xac, 0xab, 0xff, 0xab, 0xac, 0xab, 0xff, 0xab, 0xac, 0xab, 0xff, 0xab, 0xac, 0xab, 0xff, 0xab, 0xac, 0xab, 0xff, 0xba, 0xb3, 0xba, 0xff,
	0xba, 0xb3, 0xba, 0xff, 0xba, 0xb3, 0xba, 0xff, 0xba, 0xb3, 0xba, 0xff, 0xba, 0xb3, 0xba, 0xff, 0xba, 0xb3, 0xba, 0xff, 0xba, 0xb3, 0xba, 0xff, 0xba, 0xbb, 0xba, 0xff, 0xba, 0xbb, 0xba, 0xff,
	0xba, 0xbb, 0xba, 0xff, 0xba, 0xbb, 0xba, 0xff, 0xba, 0xbb, 0xba, 0xff, 0xba, 0xbb, 0xba, 0xff, 0xba, 0xbb, 0xba, 0xff, 0xba, 0xbb, 0xba, 0xff, 0xca, 0xc3, 0xca, 0xff, 0xca, 0xc3, 0xca, 0xff,
	0xca, 0xc3, 0xca, 0xff, 0xca, 0xc3, 0xca, 0xff, 0xca, 0xc3, 0xca, 0xff, 0xca, 0xc3, 0xca, 0xff, 0xca, 0xc3, 0xca, 0xff, 0xca, 0xcb, 0xca, 0xff, 0xca, 0xcb, 0xca, 0xff, 0xca, 0xcb, 0xca, 0xff,
	0xca, 0xcb, 0xca, 0xff, 0xca, 0xcb, 0xca, 0xff, 0xca, 0xcb, 0xca, 0xff, 0xca, 0xcb, 0xca, 0xff, 0xca, 0xcb, 0xca, 0xff, 0xca, 0xd3, 0xca, 0xff, 0xca, 0xd3, 0xca, 0xff, 0xdb, 0xd3, 0xdb, 0xff,
	0xdb, 0xd3, 0xdb, 0xff, 0xdb, 0xd3, 0xdb, 0xff, 0xdb, 0xd3, 0xdb, 0xff, 0xdb, 0xd3, 0xdb, 0xff, 0xdb, 0xd3, 0xdb, 0xff, 0xdb, 0xd3, 0xdb, 0xff, 0xdb, 0xdb, 0xdb, 0xff, 0xdb, 0xdb, 0xdb, 0xff,
	0xdb, 0xdb, 0xdb, 0xff, 0xdb, 0xdb, 0xdb, 0xff, 0xdb, 0xdb, 0xdb, 0xff, 0xdb, 0xdb, 0xdb, 0xff, 0xdb, 0xdb, 0xdb, 0xff, 0xdb, 0xdb, 0xdb, 0xff, 0xdb, 0xe4, 0xdb, 0xff, 0xec, 0xe4, 0xec, 0xff,
	0xec, 0xe4, 0xec, 0xff, 0xec, 0xe4, 0xec, 0xff, 0xec, 0xe4, 0xec, 0xff, 0xec, 0xe4, 0xec, 0xff, 0xec, 0xe4, 0xec, 0xff, 0xec, 0xe4, 0xec, 0xff, 0xec, 0xe4, 0xec, 0xff, 0xec, 0xec, 0xec, 0xff,
	0xec, 0xec, 0xec, 0xff, 0xec, 0xec, 0xec, 0xff, 0xec, 0xec, 0xec, 0xff, 0xec, 0xec, 0xec, 0xff, 0xec, 0xec, 0xec, 0xff, 0xec, 0xec, 0xec, 0xff, 0xec, 0xec, 0xec, 0xff, 0xec, 0xf5, 0xec, 0xff,
	0xec, 0xf5, 0xec, 0xff, 0xff, 0xf5, 0xff, 0xff, 0xff, 0xf5, 0xff, 0xff, 0xff, 0xf5, 0xff, 0xff, 0xff, 0xf5, 0xff, 0xff, 0xff, 0xf5, 0xff, 0xff, 0xff, 0xf5, 0xff, 0xff, 0xff, 0xf5, 0xff, 0xff,
	0xff, 0xff, 0xff, 0xff, 0xff, 0xff, 0xff, 0xff, 0xff, 0xff, 0xff, 0xff, 0xff, 0xff, 0xff, 0xff, 0xff, 0xff, 0xff, 0xff, 0xff, 0xff, 0xff, 0xff, 0xff, 0xff, 0xff, 0xff, 0xff, 0xff, 0xff, 0xff,
	0x00, 0x00, 0x00, 0xff, 0x01, 0x00, 0x01, 0xff, 0x02, 0x02, 0x02, 0xff, 0x03, 0x03, 0x03, 0xff, 0x03, 0x04, 0x03, 0xff, 0x05, 0x05, 0x05, 0xff, 0x05, 0x06, 0x05, 0xff, 0x07, 0x07, 0x07, 0xff,
	0x07, 0x07, 0x07, 0xff, 0x0a, 0x08, 0x0a, 0xff, 0x0a, 0x0a, 0x0a, 0xff, 0x0a, 0x0b, 0x0a, 0xff, 0x0d, 0x0b, 0x0d, 0xff, 0x0d, 0x0d, 0x0d, 0xff, 0x0d, 0x0f, 0x0d, 0xff, 0x11, 0x0f, 0x11, 0xff,
	0x11, 0x10, 0x11, 0xff, 0x11, 0x10, 0x11, 0xff, 0x11, 0x12, 0x11, 0xff, 0x15, 0x12, 0x15, 0xff, 0x15, 0x14, 0x15, 0xff, 0x15, 0x14, 0x15, 0xff, 0x15, 0x17, 0x15, 0xff, 0x1a, 0x17, 0x1a, 0xff,
	0x1a, 0x19, 0x1a, 0xff, 0x1a, 0x19, 0x1a, 0xff, 0x1a, 0x19, 0x1a, 0xff, 0x1a, 0x1b, 0x1a, 0xff, 0x1f, 0x1b, 0x1f, 0xff, 0x1f, 0x1e, 0x1f, 0xff, 0x1f, 0x1e, 0x1f, 0xff, 0x1f, 0x1e, 0x1f, 0xff,
	0x1f, 0x21, 0x1f, 0xff, 0x1f, 0x21, 0x1f, 0xff, 0x25, 0x21, 0x25, 0xff, 0x25, 0x24, 0x25, 0xff, 0x25, 0x24, 0x25, 0xff, 0x25, 0x24, 0x25, 0xff, 0x25, 0x27, 0x25, 0xff, 0x25, 0x27, 0x25, 0xff,
	0x2b, 0x27, 0x2b, 0xff, 0x2b, 0x2a, 0x2b, 0xff, 0x2b, 0x2a, 0x2b, 0xff, 0x2b, 0x2a, 0x2b, 0xff, 0x2b, 0x2d, 0x2b, 0xff, 0x2b, 0x2d, 0x2b, 0xff, 0x32, 0x2d, 0x32, 0xff, 0x32, 0x31, 0x32, 0xff,
	0x32, 0x31, 0x32, 0xff, 0x32, 0x31, 0x32, 0xff, 0x32, 0x31, 0x32, 0xff, 0x32, 0x34, 0x32, 0xff, 0x32, 0x34, 0x32, 0xff, 0x3a, 0x34, 0x3a, 0xff, 0x3a, 0x38, 0x3a, 0xff, 0x3a, 0x38, 0x3a, 0xff,
	0x3a, 0x38, 0x3a, 0xff, 0x3a, 0x38, 0x3a, 0xff, 0x3a, 0x3c, 0x3a, 0xff, 0x3a, 0x3c, 0x3a, 0xff, 0x3a, 0x3c, 0x3a, 0xff, 0x42, 0x3c, 0x42, 0xff, 0x42, 0x40, 0x42, 0xff, 0x42, 0x40, 0x42, 0xff,
	0x42, 0x40, 0x42, 0xff, 0x42, 0x40, 0x42, 0xff, 0x42, 0x44, 0x42, 0xff, 0x42, 0x44, 0x42, 0xff, 0x42, 0x44, 0x42, 0xff, 0x42, 0x44, 0x42, 0xff, 0x4b, 0x48, 0x4b, 0xff, 0x4b, 0x48, 0x4b, 0xff,
	0x4b, 0x48, 0x4b, 0xff, 0x4b, 0x48, 0x4b, 0xff, 0x4b, 0x48, 0x4b, 0xff, 0x4b, 0x4d, 0x4b, 0xff, 0x4b, 0x4d, 0x4b, 0xff, 0x4b, 0x4d, 0x4b, 0xff, 0x4b, 0x4d, 0x4b, 0xff, 0x55, 0x52, 0x55, 0xff,
	0x55, 0x52, 0x55, 0xff, 0x55, 0x52, 0x55, 0xff, 0x55, 0x52, 0x55, 0xff, 0x55, 0x52, 0x55, 0xff, 0x55, 0x57, 0x55, 0xff, 0x55, 0x57, 0x55, 0xff, 0x55, 0x57, 0x55, 0xff, 0x55, 0x57, 0x55, 0xff,
	0x5f, 0x57, 0x5f, 0xff, 0x5f, 0x5c, 0x5f, 0xff, 0x5f, 0x5c, 0x5f, 0xff, 0x5f, 0x5c, 0x5f, 0xff, 0x5f, 0x5c, 0x5f, 0xff, 0x5f, 0x5c, 0x5f, 0xff, 0x5f, 0x61, 0x5f, 0xff, 0x5f, 0x61, 0x5f, 0xff,
	0x5f, 0x61, 0x5f, 0xff, 0x5f, 0x61, 0x5f, 0xff, 0x5f, 0x61, 0x5f, 0xff, 0x6a, 0x66, 0x6a, 0xff, 0x6a, 0x66, 0x6a, 0xff, 0x6a, 0x66, 0x6a, 0xff, 0x6a, 0x66, 0x6a, 0xff, 0x6a, 0x66, 0x6a, 0xff,
	0x6a, 0x66, 0x6a, 0xff, 0x6a, 0x6b, 0x6a, 0xff, 0x6a, 0x6b, 0x6a, 0xff, 0x6a, 0x6b, 0x6a, 0xff, 0x6a, 0x6b, 0x6a, 0xff, 0x6a, 0x6b, 0x6a, 0xff, 0x75, 0x71, 0x75, 0xff, 0x75, 0x71, 0x75, 0xff,
	0x75, 0x71, 0x75, 0xff, 0x75, 0x71, 0x75, 0xff, 0x75, 0x71, 0x75, 0xff, 0x75, 0x71, 0x75, 0xff, 0x75, 0x77, 0x75, 0xff, 0x75, 0x77, 0x75, 0xff, 0x75, 0x77, 0x75, 0xff, 0x75, 0x77, 0x75, 0xff,
	0x75, 0x77, 0x75, 0xff, 0x75, 0x77, 0x75, 0xff, 0x82, 0x7d, 0x82, 0xff, 0x82, 0x7d, 0x82, 0xff, 0x82, 0x7d, 0x82, 0xff, 0x82, 0x7d, 0x82, 0xff, 0x82, 0x7d, 0x82, 0xff, 0x82, 0x7d, 0x82, 0xff,
	0x82, 0x83, 0x82, 0xff, 0x82, 0x83, 0x82, 0xff, 0x82, 0x83, 0x82, 0xff, 0x82, 0x83, 0x82, 0xff, 0x82, 0x83, 0x82, 0xff, 0x82, 0x83, 0x82, 0xff, 0x8f, 0x8a, 0x8f, 0xff, 0x8f, 0x8a, 0x8f, 0xff,
	0x8f, 0x8a, 0x8f, 0xff, 0x8f, 0x8a, 0x8f, 0xff, 0x8f, 0x8a, 0x8f, 0xff, 0x8f, 0x8a, 0x8f, 0xff, 0x8f, 0x90, 0x8f, 0xff, 0x8f, 0x90, 0x8f, 0xff, 0x8f, 0x90, 0x8f, 0xff, 0x8f, 0x90, 0x8f, 0xff,
	0x8f, 0x90, 0x8f, 0xff, 0x8f, 0x90, 0x8f, 0xff, 0x8f, 0x90, 0x8f, 0xff, 0x9c, 0x97, 0x9c, 0xff, 0x9c, 0x97, 0x9c, 0xff, 0x9c, 0x97, 0x9c, 0xff, 0x9c, 0x97, 0x9c, 0xff, 0x9c, 0x97, 0x9c, 0xff,
	0x9c, 0x97, 0x9c, 0xff, 0x9c, 0x97, 0x9c, 0xff, 0x9c, 0x9e, 0x9c, 0xff, 0x9c, 0x9e, 0x9c, 0xff, 0x9c, 0x9e, 0x9c, 0xff, 0x9c, 0x9e, 0x9c, 0xff, 0x9c, 0x9e, 0x9c, 0xff, 0x9c, 0x9e, 0x9c, 0xff,
	0x9c, 0x9e, 0x9c, 0xff, 0xab, 0xa5, 0xab, 0xff, 0xab, 0xa5, 0xab, 0xff, 0xab, 0xa5, 0xab, 0xff, 0xab, 0xa5, 0xab, 0xff, 0xab, 0xa5, 0xab, 0xff, 0xab, 0xa5, 0xab, 0xff, 0xab, 0xa5, 0xab, 0xff,
	0xab, 0xac, 0xab, 0xff, 0xab, 0xac, 0xab, 0xff, 0xab, 0xac, 0xab, 0xff, 0xab, 0xac, 0xab, 0xff, 0xab, 0xac, 0xab, 0xff, 0xab, 0xac, 0xab, 0xff, 0xab, 0xac, 0xab, 0xff, 0xab, 0xb3, 0xab, 0xff,
	0xba, 0xb3, 0xba, 0xff, 0xba, 0xb3, 0xba, 0xff, 0xba, 0xb3, 0xba, 0xff, 0xba, 0xb3, 0xba, 0xff, 0xba, 0xb3, 0xba, 0xff, 0xba, 0xb3, 0xba, 0xff, 0xba, 0xbb, 0xba, 0xff, 0xba, 0xbb, 0xba, 0xff,
	0xba, 0xbb, 0xba, 0xff, 0xba, 0xbb, 0xba, 0xff, 0xba, 0xbb, 0xba, 0xff, 0xba, 0xbb, 0xba, 0xff, 0xba, 0xbb, 0xba, 0xff, 0xba, 0xbb, 0xba, 0xff, 0xba, 0xc3, 0xba, 0xff, 0xca, 0xc3, 0xca, 0xff,
	0xca, 0xc3, 0xca, 0xff, 0xca, 0xc3, 0xca, 0xff, 0xca, 0xc3, 0xca, 0xff, 0xca, 0xc3, 0xca, 0xff, 0xca, 0xc3, 0xca, 0xff, 0xca, 0xc3, 0xca, 0xff, 0xca, 0xcb, 0xca, 0xff, 0xca, 0xcb, 0xca, 0xff,
	0xca, 0xcb, 0xca, 0xff, 0xca, 0xcb, 0xca, 0xff, 0xca, 0xcb, 0xca, 0xff, 0xca, 0xcb, 0xca, 0xff, 0xca, 0xcb, 0xca, 0xff, 0xca, 0xcb, 0xca, 0xff, 0xca, 0xd3, 0xca, 0xff, 0xca, 0xd3, 0xca, 0xff,
	0xdb, 0xd3, 0xdb, 0xff, 0xdb, 0xd3, 0xdb, 0xff, 0xdb, 0xd3, 0xdb, 0xff, 0xdb, 0xd3, 0xdb, 0xff, 0xdb, 0xd3, 0xdb, 0xff, 0xdb, 0xd3, 0xdb, 0xff, 0xdb, 0xdb, 0xdb, 0xff, 0xdb, 0xdb, 0xdb, 0xff,
	0xdb, 0xdb, 0xdb, 0xff, 0xdb, 0xdb, 0xdb, 0xff, 0xdb, 0xdb, 0xdb, 0xff, 0xdb, 0xdb, 0xdb, 0xff, 0xdb, 0xdb, 0xdb, 0xff, 0xdb, 0xdb, 0xdb, 0xff, 0xdb, 0xdb, 0xdb, 0xff, 0xdb, 0xe4, 0xdb, 0xff,
	0xdb, 0xe4, 0xdb, 0xff, 0xec, 0xe4, 0xec, 0xff, 0xec, 0xe4, 0xec, 0xff, 0xec, 0xe4, 0xec, 0xff, 0xec, 0xe4, 0xec, 0xff, 0xec, 0xe4, 0xec, 0xff, 0xec, 0xe4, 0xec, 0xff, 0xec, 0xec, 0xec, 0xff,
	0xec, 0xec, 0xec, 0xff, 0xec, 0xec, 0xec, 0xff, 0xec, 0xec, 0xec, 0xff, 0xec, 0xec, 0xec, 0xff, 0xec, 0xec, 0xec, 0xff, 0xec, 0xec, 0xec, 0xff, 0xec, 0xec, 0xec, 0xff, 0xec, 0xec, 0xec, 0xff,
	0xec, 0xf5, 0xec, 0xff, 0xec, 0xf5, 0xec, 0xff, 0xff, 0xf5, 0xff, 0xff, 0xff, 0xf5, 0xff, 0xff, 0xff, 0xf5, 0xff, 0xff, 0xff, 0xf5, 0xff, 0xff, 0xff, 0xf5, 0xff, 0xff, 0xff, 0xf5, 0xff, 0xff,
	0xff, 0xf5, 0xff, 0xff, 0xff, 0xff, 0xff, 0xff, 0xff, 0xff, 0xff, 0xff, 0xff, 0xff, 0xff, 0xff, 0xff, 0xff, 0xff, 0xff, 0xff, 0xff, 0xff, 0xff, 0xff, 0xff, 0xff, 0xff, 0xff, 0xff, 0xff, 0xff,
	0x00, 0x00, 0x00, 0xff, 0x01, 0x00, 0x01, 0xff, 0x02, 0x01, 0x02, 0xff, 0x03, 0x03, 0x03, 0xff, 0x03, 0x03, 0x03, 0xff, 0x05, 0x05, 0x05, 0xff, 0x05, 0x06, 0x05, 0xff, 0x07, 0x07, 0x07, 0xff,
	0x07, 0x07, 0x07, 0xff, 0x0a, 0x08, 0x0a, 0xff, 0x0a, 0x0a, 0x0a, 0xff, 0x0a, 0x0b, 0x0a, 0xff, 0x0d, 0x0b, 0x0d, 0xff, 0x0d, 0x0d, 0x0d, 0xff, 0x0d, 0x0f, 0x0d, 0xff, 0x0d, 0x0f, 0x0d, 0xff,
	0x11, 0x10, 0x11, 0xff, 0x11, 0x10, 0x11, 0xff, 0x11, 0x12, 0x11, 0xff, 0x15, 0x12, 0x15, 0xff, 0x15, 0x14, 0x15, 0xff, 0x15, 0x14, 0x15, 0xff, 0x15, 0x17, 0x15, 0xff, 0x15, 0x17, 0x15, 0xff,
	0x1a, 0x19, 0x1a, 0xff, 0x1a, 0x19, 0x1a, 0xff, 0x1a, 0x19, 0x1a, 0xff, 0x1a, 0x1b, 0x1a, 0xff, 0x1a, 0x1b, 0x1a, 0xff, 0x1f, 0x1e, 0x1f, 0xff, 0x1f, 0x1e, 0x1f, 0xff, 0x1f, 0x1e, 0x1f, 0xff,
	0x1f, 0x21, 0x1f, 0xff, 0x1f, 0x21, 0x1f, 0xff, 0x25, 0x21, 0x25, 0xff, 0x25, 0x24, 0x25, 0xff, 0x25, 0x24, 0x25, 0xff, 0x25, 0x24, 0x25, 0xff, 0x25, 0x27, 0x25, 0xff, 0x25, 0x27, 0x25, 0xff,
	0x2b, 0x27, 0x2b, 0xff, 0x2b, 0x2a, 0x2b, 0xff, 0x2b, 0x2a, 0x2b, 0xff, 0x2b, 0x2a, 0x2b, 0xff, 0x2b, 0x2d, 0x2b, 0xff, 0x2b, 0x2d, 0x2b, 0xff, 0x2b, 0x2d, 0x2b, 0xff, 0x32, 0x31, 0x32, 0xff,
	0x32, 0x31, 0x32, 0xff, 0x32, 0x31, 0x32, 0xff, 0x32, 0x31, 0x32, 0xff, 0x32, 0x34, 0x32, 0xff, 0x32, 0x34, 0x32, 0xff, 0x32, 0x34, 0x32, 0xff, 0x3a, 0x34, 0x3a, 0xff, 0x3a, 0x38, 0x3a, 0xff,
	0x3a, 0x38, 0x3a, 0xff, 0x3a, 0x38, 0x3a, 0xff, 0x3a, 0x3c, 0x3a, 0xff, 0x3a, 0x3c, 0x3a, 0xff, 0x3a, 0x3c, 0x3a, 0xff, 0x3a, 0x3c, 0x3a, 0xff, 0x42, 0x40, 0x42, 0xff, 0x42, 0x40, 0x42, 0xff,
	0x42, 0x40, 0x42, 0xff, 0x42, 0x40, 0x42, 0xff, 0x42, 0x44, 0x42, 0xff, 0x42, 0x44, 0x42, 0xff, 0x42, 0x44, 0x42, 0xff, 0x42, 0x44, 0x42, 0xff, 0x4b, 0x44, 0x4b, 0xff, 0x4b, 0x48, 0x4b, 0xff,
	0x4b, 0x48, 0x4b, 0xff, 0x4b, 0x48, 0x4b, 0xff, 0x4b, 0x48, 0x4b, 0xff, 0x4b, 0x4d, 0x4b, 0xff, 0x4b, 0x4d, 0x4b, 0xff, 0x4b, 0x4d, 0x4b, 0xff, 0x4b, 0x4d, 0x4b, 0xff, 0x55, 0x4d, 0x55, 0xff,
	0x55, 0x52, 0x55, 0xff, 0x55, 0x52, 0x55, 0xff, 0x55, 0x52, 0x55, 0xff, 0x55, 0x52, 0x55, 0xff, 0x55, 0x57, 0x55, 0xff, 0x55, 0x57, 0x55, 0xff, 0x55, 0x57, 0x55, 0xff, 0x55, 0x57, 0x55, 0xff,
	0x55, 0x57, 0x55, 0xff, 0x5f, 0x5c, 0x5f, 0xff, 0x5f, 0x5c, 0x5f, 0xff, 0x5f, 0x5c, 0x5f, 0xff, 0x5f, 0x5c, 0x5f, 0xff, 0x5f, 0x5c, 0x5f, 0xff, 0x5f, 0x61, 0x5f, 0xff, 0x5f, 0x61, 0x5f, 0xff,
	0x5f, 0x61, 0x5f, 0xff, 0x5f, 0x61, 0x5f, 0xff, 0x5f, 0x61, 0x5f, 0xff, 0x6a, 0x66, 0x6a, 0xff, 0x6a, 0x66, 0x6a, 0xff, 0x6a, 0x66, 0x6a, 0xff, 0x6a, 0x66, 0x6a, 0xff, 0x6a, 0x66, 0x6a, 0xff,
	0x6a, 0x66, 0x6a, 0xff, 0x6a, 0x6b, 0x6a, 0xff, 0x6a, 0x6b, 0x6a, 0xff, 0x6a, 0x6b, 0x6a, 0xff, 0x6a, 0x6b, 0x6a, 0xff, 0x6a, 0x6b, 0x6a, 0xff, 0x6a, 0x71, 0x6a, 0xff, 0x75, 0x71, 0x75, 0xff,
	0x75, 0x71, 0x75, 0xff, 0x75, 0x71, 0x75, 0xff, 0x75, 0x71, 0x75, 0xff, 0x75, 0x71, 0x75, 0xff, 0x75, 0x77, 0x75, 0xff, 0x75, 0x77, 0x75, 0xff, 0x75, 0x77, 0x75, 0xff, 0x75, 0x77, 0x75, 0xff,
	0x75, 0x77, 0x75, 0xff, 0x75, 0x77, 0x75, 0xff, 0x82, 0x7d, 0x82, 0xff, 0x82, 0x7d, 0x82, 0xff, 0x82, 0x7d, 0x82, 0xff, 0x82, 0x7d, 0x82, 0xff, 0x82, 0x7d, 0x82, 0xff, 0x82, 0x7d, 0x82, 0xff,
	0x82, 0x83, 0x82, 0xff, 0x82, 0x83, 0x82, 0xff, 0x82, 0x83, 0x82, 0xff, 0x82, 0x83, 0x82, 0xff, 0x82, 0x83, 0x82, 0xff, 0x82, 0x83, 0x82, 0xff, 0x82, 0x8a, 0x82, 0xff, 0x8f, 0x8a, 0x8f, 0xff,
	0x8f, 0x8a, 0x8f, 0xff, 0x8f, 0x8a, 0x8f, 0xff, 0x8f, 0x8a, 0x8f, 0xff, 0x8f, 0x8a, 0x8f, 0xff, 0x8f, 0x8a, 0x8f, 0xff, 0x8f, 0x90, 0x8f, 0xff, 0x8f, 0x90, 0x8f, 0xff, 0x8f, 0x90, 0x8f, 0xff,
	0x8f, 0x90, 0x8f, 0xff, 0x8f, 0x90, 0x8f, 0xff, 0x8f, 0x90, 0x8f, 0xff, 0x8f, 0x97, 0x8f, 0xff, 0x9c, 0x97, 0x9c, 0xff, 0x9c, 0x97, 0x9c, 0xff, 0x9c, 0x97, 0x9c, 0xff, 0x9c, 0x97, 0x9c, 0xff,
	0x9c, 0x97, 0x9c, 0xff, 0x9c, 0x97, 0x9c, 0xff, 0x9c, 0x9e, 0x9c, 0xff, 0x9c, 0x9e, 0x9c, 0xff, 0x9c, 0x9e, 0x9c, 0xff, 0x9c, 0x9e, 0x9c, 0xff, 0x9c, 0x9e, 0x9c, 0xff, 0x9c, 0x9e, 0x9c, 0xff,
	0x9c, 0x9e, 0x9c, 0xff, 0x9c, 0xa5, 0x9c, 0xff, 0xab, 0xa5, 0xab, 0xff, 0xab, 0xa5, 0xab, 0xff, 0xab, 0xa5, 0xab, 0xff, 0xab, 0xa5, 0xab, 0xff, 0xab, 0xa5, 0xab, 0xff, 0xab, 0xa5, 0xab, 0xff,
	0xab, 0xac, 0xab, 0xff, 0xab, 0xac, 0xab, 0xff, 0xab, 0xac, 0xab, 0xff, 0xab, 0xac, 0xab, 0xff, 0xab, 0xac, 0xab, 0xff, 0xab, 0xac, 0xab, 0xff, 0xab, 0xac, 0xab, 0xff, 0xab, 0xb3, 0xab, 0xff,
	0xab, 0xb3, 0xab, 0xff, 0xba, 0xb3, 0xba, 0xff, 0xba, 0xb3, 0xba, 0xff, 0xba, 0xb3, 0xba, 0xff, 0xba, 0xb3, 0xba, 0xff, 0xba, 0xb3, 0xba, 0xff, 0xba, 0xb3, 0xba, 0xff, 0xba, 0xbb, 0xba, 0xff,
	0xba, 0xbb, 0xba, 0xff, 0xba, 0xbb, 0xba, 0xff, 0xba, 0xbb, 0xba, 0xff, 0xba, 0xbb, 0xba, 0xff, 0xba, 0xbb, 0xba, 0xff, 0xba, 0xbb, 0xba, 0xff, 0xba, 0xbb, 0xba, 0xff, 0xba, 0xc3, 0xba, 0xff,
	0xca, 0xc3, 0xca, 0xff, 0xca, 0xc3, 0xca, 0xff, 0xca, 0xc3, 0xca, 0xff, 0xca, 0xc3, 0xca, 0xff, 0xca, 0xc3, 0xca, 0xff, 0xca, 0xc3, 0xca, 0xff, 0xca, 0xcb, 0xca, 0xff, 0xca, 0xcb, 0xca, 0xff,
	0xca, 0xcb, 0xca, 0xff, 0xca, 0xcb, 0xca, 0xff, 0xca, 0xcb, 0xca, 0xff, 0xca, 0xcb, 0xca, 0xff, 0xca, 0xcb, 0xca, 0xff, 0xca, 0xcb, 0xca, 0xff, 0xca, 0xd3, 0xca, 0xff, 0xca, 0xd3, 0xca, 0xff,
	0xca, 0xd3, 0xca, 0xff, 0xdb, 0xd3, 0xdb, 0xff, 0xdb, 0xd3, 0xdb, 0xff, 0xdb, 0xd3, 0xdb, 0xff, 0xdb, 0xd3, 0xdb, 0xff, 0xdb, 0xd3, 0xdb, 0xff, 0xdb, 0xd3, 0xdb, 0xff, 0xdb, 0xdb, 0xdb, 0xff,
	0xdb, 0xdb, 0xdb, 0xff, 0xdb, 0xdb, 0xdb, 0xff, 0xdb, 0xdb, 0xdb, 0xff, 0xdb, 0xdb, 0xdb, 0xff, 0xdb, 0xdb, 0xdb, 0xff, 0xdb, 0xdb, 0xdb, 0xff, 0xdb, 0xdb, 0xdb, 0xff, 0xdb, 0xe4, 0xdb, 0xff,
	0xdb, 0xe4, 0xdb, 0xff, 0xdb, 0xe4, 0xdb, 0xff, 0xec, 0xe4, 0xec, 0xff, 0xec, 0xe4, 0xec, 0xff, 0xec, 0xe4, 0xec, 0xff, 0xec, 0xe4, 0xec, 0xff, 0xec, 0xe4, 0xec, 0xff, 0xec, 0xe4, 0xec, 0xff,
	0xec, 0xec, 0xec, 0xff, 0xec, 0xec, 0xec, 0xff, 0xec, 0xec, 0xec, 0xff, 0xec, 0xec, 0xec, 0xff, 0xec, 0xec, 0xec, 0xff, 0xec, 0xec, 0xec, 0xff, 0xec, 0xec, 0xec, 0xff, 0xec, 0xec, 0xec, 0xff,
	0xec, 0xec, 0xec, 0xff, 0xec, 0xf5, 0xec, 0xff, 0xec, 0xf5, 0xec, 0xff, 0xff, 0xf5, 0xff, 0xff, 0xff, 0xf5, 0xff, 0xff, 0xff, 0xf5, 0xff, 0xff, 0xff, 0xf5, 0xff, 0xff, 0xff, 0xf5, 0xff, 0xff,
	0xff, 0xf5, 0xff, 0xff, 0xff, 0xff, 0xff, 0xff, 0xff, 0xff, 0xff, 0xff, 0xff, 0xff, 0xff, 0xff, 0xff, 0xff, 0xff, 0xff, 0xff, 0xff, 0xff, 0xff, 0xff, 0xff, 0xff, 0xff, 0xff, 0xff, 0xff, 0xff,
	0x00, 0x00, 0x00, 0xff, 0x01, 0x00, 0x01, 0xff, 0x02, 0x01, 0x02, 0xff, 0x03, 0x03, 0x03, 0xff, 0x03, 0x03, 0x03, 0xff, 0x05, 0x05, 0x05, 0xff, 0x05, 0x06, 0x05, 0xff, 0x07, 0x06, 0x07, 0xff,
	0x07, 0x07, 0x07, 0xff, 0x0a, 0x08, 0x0a, 0xff, 0x0a, 0x0a, 0x0a, 0xff, 0x0a, 0x0b, 0x0a, 0xff, 0x0d, 0x0b, 0x0d, 0xff, 0x0d, 0x0d, 0x0d, 0xff, 0x0d, 0x0d, 0x0d, 0xff, 0x0d, 0x0f, 0x0d, 0xff,
	0x11, 0x10, 0x11, 0xff, 0x11, 0x10, 0x11, 0xff, 0x11, 0x12, 0x11, 0xff, 0x11, 0x12, 0x11, 0xff, 0x15, 0x14, 0x15, 0xff, 0x15, 0x14, 0x15, 0xff, 0x15, 0x17, 0x15, 0xff, 0x15, 0x17, 0x15, 0xff,
	0x1a, 0x17, 0x1a, 0xff, 0x1a, 0x19, 0x1a, 0xff, 0x1a, 0x19, 0x1a, 0xff, 0x1a, 0x1b, 0x1a, 0xff, 0x1a, 0x1b, 0x1a, 0xff, 0x1f, 0x1e, 0x1f, 0xff, 0x1f, 0x1e, 0x1f, 0xff, 0x1f, 0x1e, 0x1f, 0xff,
	0x1f, 0x21, 0x1f, 0xff, 0x1f, 0x21, 0x1f, 0xff, 0x25, 0x21, 0x25, 0xff, 0x25, 0x24, 0x25, 0xff, 0x25, 0x24, 0x25, 0xff, 0x25, 0x24, 0x25, 0xff, 0x25, 0x27, 0x25, 0xff, 0x25, 0x27, 0x25, 0xff,
	0x2b, 0x27, 0x2b, 0xff, 0x2b, 0x2a, 0x2b, 0xff, 0x2b, 0x2a, 0x2b, 0xff, 0x2b, 0x2a, 0x2b, 0xff, 0x2b, 0x2d, 0x2b, 0xff, 0x2b, 0x2d, 0x2b, 0xff, 0x2b, 0x2d, 0x2b, 0xff, 0x32, 0x2d, 0x32, 0xff,
	0x32, 0x31, 0x32, 0xff, 0x32, 0x31, 0x32, 0xff, 0x32, 0x31, 0x32, 0xff, 0x32, 0x34, 0x32, 0xff, 0x32, 0x34, 0x32, 0xff, 0x32, 0x34, 0x32, 0xff, 0x3a, 0x34, 0x3a, 0xff, 0x3a, 0x38, 0x3a, 0xff,
	0x3a, 0x38, 0x3a, 0xff, 0x3a, 0x38, 0x3a, 0xff, 0x3a, 0x38, 0x3a, 0xff, 0x3a, 0x3c, 0x3a, 0xff, 0x3a, 0x3c, 0x3a, 0xff, 0x3a, 0x3c, 0x3a, 0xff, 0x42, 0x40, 0x42, 0xff, 0x42, 0x40, 0x42, 0xff,
	0x42, 0x40, 0x42, 0xff, 0x42, 0x40, 0x42, 0xff, 0x42, 0x40, 0x42, 0xff, 0x42, 0x44, 0x42, 0xff, 0x42, 0x44, 0x42, 0xff, 0x42, 0x44, 0x42, 0xff, 0x42, 0x44, 0x42, 0xff, 0x4b, 0x48, 0x4b, 0xff,
	0x4b, 0x48, 0x4b, 0xff, 0x4b, 0x48, 0x4b, 0xff, 0x4b, 0x48, 0x4b, 0xff, 0x4b, 0x4d, 0x4b, 0xff, 0x4b, 0x4d, 0x4b, 0xff, 0x4b, 0x4d, 0x4b, 0xff, 0x4b, 0x4d, 0x4b, 0xff, 0x4b, 0x4d, 0x4b, 0xff,
	0x55, 0x52, 0x55, 0xff, 0x55, 0x52, 0x55, 0xff, 0x55, 0x52, 0x55, 0xff, 0x55, 0x52, 0x55, 0xff, 0x55, 0x52, 0x55, 0xff, 0x55, 0x57, 0x55, 0xff, 0x55, 0x57, 0x55, 0xff, 0x55, 0x57, 0x55, 0xff,
	0x55, 0x57, 0x55, 0xff, 0x55, 0x57, 0x55, 0xff, 0x5f, 0x5c, 0x5f, 0xff, 0x5f, 0x5c, 0x5f, 0xff, 0x5f, 0x5c, 0x5f, 0xff, 0x5f, 0x5c, 0x5f, 0xff, 0x5f, 0x5c, 0x5f, 0xff, 0x5f, 0x61, 0x5f, 0xff,
	0x5f, 0x61, 0x5f, 0xff, 0x5f, 0x61, 0x5f, 0xff, 0x5f, 0x61, 0x5f, 0xff, 0x5f, 0x61, 0x5f, 0xff, 0x6a, 0x66, 0x6a, 0xff, 0x6a, 0x66, 0x6a, 0xff, 0x6a, 0x66, 0x6a, 0xff, 0x6a, 0x66, 0x6a, 0xff,
	0x6a, 0x66, 0x6a, 0xff, 0x6a, 0x6b, 0x6a, 0xff, 0x6a, 0x6b, 0x6a, 0xff, 0x6a, 0x6b, 0x6a, 0xff, 0x6a, 0x6b, 0x6a, 0xff, 0x6a, 0x6b, 0x6a, 0xff, 0x6a, 0x6b, 0x6a, 0xff, 0x75, 0x71, 0x75, 0xff,
	0x75, 0x71, 0x75, 0xff, 0x75, 0x71, 0x75, 0xff, 0x75, 0x71, 0x75, 0xff, 0x75, 0x71, 0x75, 0xff, 0x75, 0x77, 0x75, 0xff, 0x75, 0x77, 0x75, 0xff, 0x75, 0x77, 0x75, 0xff, 0x75, 0x77, 0x75, 0xff,
	0x75, 0x77, 0x75, 0xff, 0x75, 0x77, 0x75, 0xff, 0x75, 0x7d, 0x75, 0xff, 0x82, 0x7d, 0x82, 0xff, 0x82, 0x7d, 0x82, 0xff, 0x82, 0x7d, 0x82, 0xff, 0x82, 0x7d, 0x82, 0xff, 0x82, 0x7d, 0x82, 0xff,
	0x82, 0x83, 0x82, 0xff, 0x82, 0x83, 0x82, 0xff, 0x82, 0x83, 0x82, 0xff, 0x82, 0x83, 0x82, 0xff, 0x82, 0x83, 0x82, 0xff, 0x82, 0x83, 0x82, 0xff, 0x82, 0x83, 0x82, 0xff, 0x82, 0x8a, 0x82, 0xff,
	0x8f, 0x8a, 0x8f, 0xff, 0x8f, 0x8a, 0x8f, 0xff, 0x8f, 0x8a, 0x8f, 0xff, 0x8f, 0x8a, 0x8f, 0xff, 0x8f, 0x8a, 0x8f, 0xff, 0x8f, 0x90, 0x8f, 0xff, 0x8f, 0x90, 0x8f, 0xff, 0x8f, 0x90, 0x8f, 0xff,
	0x8f, 0x90, 0x8f, 0xff, 0x8f, 0x90, 0x8f, 0xff, 0x8f, 0x90, 0x8f, 0xff, 0x8f, 0x90, 0x8f, 0xff, 0x8f, 0x97, 0x8f, 0xff, 0x9c, 0x97, 0x9c, 0xff, 0x9c, 0x97, 0x9c, 0xff, 0x9c, 0x97, 0x9c, 0xff,
	0x9c, 0x97, 0x9c, 0xff, 0x9c, 0x97, 0x9c, 0xff, 0x9c, 0x97, 0x9c, 0xff, 0x9c, 0x9e, 0x9c, 0xff, 0x9c, 0x9e, 0x9c, 0xff, 0x9c, 0x9e, 0x9c, 0xff, 0x9c, 0x9e, 0x9c, 0xff, 0x9c, 0x9e, 0x9c, 0xff,
	0x9c, 0x9e, 0x9c, 0xff, 0x9c, 0xa5, 0x9c, 0xff, 0x9c, 0xa5, 0x9c, 0xff, 0xab, 0xa5, 0xab, 0xff, 0xab, 0xa5, 0xab, 0xff, 0xab, 0xa5, 0xab, 0xff, 0xab, 0xa5, 0xab, 0xff, 0xab, 0xa5, 0xab, 0xff,
	0xab, 0xa5, 0xab, 0xff, 0xab, 0xac, 0xab, 0xff, 0xab, 0xac, 0xab, 0xff, 0xab, 0xac, 0xab, 0xff, 0xab, 0xac, 0xab, 0xff, 0xab, 0xac, 0xab, 0xff, 0xab, 0xac, 0xab, 0xff, 0xab, 0xac, 0xab, 0xff,
	0xab, 0xb3, 0xab, 0xff, 0xab, 0xb3, 0xab, 0xff, 0xba, 0xb3, 0xba, 0xff, 0xba, 0xb3, 0xba, 0xff, 0xba, 0xb3, 0xba, 0xff, 0xba, 0xb3, 0xba, 0xff, 0xba, 0xb3, 0xba, 0xff, 0xba, 0xbb, 0xba, 0xff,
	0xba, 0xbb, 0xba, 0xff, 0xba, 0xbb, 0xba, 0xff, 0xba, 0xbb, 0xba, 0xff, 0xba, 0xbb, 0xba, 0xff, 0xba, 0xbb, 0xba, 0xff, 0xba, 0xbb, 0xba, 0xff, 0xba, 0xbb, 0xba, 0xff, 0xba, 0xc3, 0xba, 0xff,
	0xba, 0xc3, 0xba, 0xff, 0xca, 0xc3, 0xca, 0xff, 0xca, 0xc3, 0xca, 0xff, 0xca, 0xc3, 0xca, 0xff, 0xca, 0xc3, 0xca, 0xff, 0xca, 0xc3, 0xca, 0xff, 0xca, 0xc3, 0xca, 0xff, 0xca, 0xcb, 0xca, 0xff,
	0xca, 0xcb, 0xca, 0xff, 0xca, 0xcb, 0xca, 0xff, 0xca, 0xcb, 0xca, 0xff, 0xca, 0xcb, 0xca, 0xff, 0xca, 0xcb, 0xca, 0xff, 0xca, 0xcb, 0xca, 0xff, 0xca, 0xcb, 0xca, 0xff, 0xca, 0xd3, 0xca, 0xff,
	0xca, 0xd3, 0xca, 0xff, 0xca, 0xd3, 0xca, 0xff, 0xdb, 0xd3, 0xdb, 0xff, 0xdb, 0xd3, 0xdb, 0xff, 0xdb, 0xd3, 0xdb, 0xff, 0xdb, 0xd3, 0xdb, 0xff, 0xdb, 0xd3, 0xdb, 0xff, 0xdb, 0xdb, 0xdb, 0xff,
	0xdb, 0xdb, 0xdb, 0xff, 0xdb, 0xdb, 0xdb, 0xff, 0xdb, 0xdb, 0xdb, 0xff, 0xdb, 0xdb, 0xdb, 0xff, 0xdb, 0xdb, 0xdb, 0xff, 0xdb, 0xdb, 0xdb, 0xff, 0xdb, 0xdb, 0xdb, 0xff, 0xdb, 0xdb, 0xdb, 0xff,
	0xdb, 0xe4, 0xdb, 0xff, 0xdb, 0xe4, 0xdb, 0xff, 0xdb, 0xe4, 0xdb, 0xff, 0xec, 0xe4, 0xec, 0xff, 0xec, 0xe4, 0xec, 0xff, 0xec, 0xe4, 0xec, 0xff, 0xec, 0xe4, 0xec, 0xff, 0xec, 0xe4, 0xec, 0xff,
	0xec, 0xec, 0xec, 0xff, 0xec, 0xec, 0xec, 0xff, 0xec, 0xec, 0xec, 0xff, 0xec, 0xec, 0xec, 0xff, 0xec, 0xec, 0xec, 0xff, 0xec, 0xec, 0xec, 0xff, 0xec, 0xec, 0xec, 0xff, 0xec, 0xec, 0xec, 0xff,
	0xec, 0xec, 0xec, 0xff, 0xec, 0xf5, 0xec, 0xff, 0xec, 0xf5, 0xec, 0xff, 0xec, 0xf5, 0xec, 0xff, 0xec, 0xf5, 0xec, 0xff, 0xff, 0xf5, 0xff, 0xff, 0xff, 0xf5, 0xff, 0xff, 0xff, 0xf5, 0xff, 0xff,
	0xff, 0xf5, 0xff, 0xff, 0xff, 0xf5, 0xff, 0xff, 0xff, 0xff, 0xff, 0xff, 0xff, 0xff, 0xff, 0xff, 0xff, 0xff, 0xff, 0xff, 0xff, 0xff, 0xff, 0xff, 0xff, 0xff, 0xff, 0xff, 0xff, 0xff, 0xff, 0xff,
	0x00, 0x00, 0x00, 0xff, 0x01, 0x00, 0x01, 0xff, 0x02, 0x01, 0x02, 0xff, 0x02, 0x03, 0x02, 0xff, 0x03, 0x03, 0x03, 0xff, 0x05, 0x04, 0x05, 0xff, 0x05, 0x05, 0x05, 0xff, 0x07, 0x06, 0x07, 0xff,
	0x07, 0x07, 0x07, 0xff, 0x07, 0x08, 0x07, 0xff, 0x0a, 0x0a, 0x0a, 0xff, 0x0a, 0x0b, 0x0a, 0xff, 0x0a, 0x0b, 0x0a, 0xff, 0x0d, 0x0d, 0x0d, 0xff, 0x0d, 0x0d, 0x0d, 0xff, 0x0d, 0x0f, 0x0d, 0xff,
	0x11, 0x10, 0x11, 0xff, 0x11, 0x10, 0x11, 0xff, 0x11, 0x12, 0x11, 0xff, 0x11, 0x12, 0x11, 0xff, 0x15, 0x14, 0x15, 0xff, 0x15, 0x14, 0x15, 0xff, 0x15, 0x17, 0x15, 0xff, 0x15, 0x17, 0x15, 0xff,
	0x1a, 0x17, 0x1a, 0xff, 0x1a, 0x19, 0x1a, 0xff, 0x1a, 0x19, 0x1a, 0xff, 0x1a, 0x1b, 0x1a, 0xff, 0x1a, 0x1b, 0x1a, 0xff, 0x1f, 0x1b, 0x1f, 0xff, 0x1f, 0x1e, 0x1f, 0xff, 0x1f, 0x1e, 0x1f, 0xff,
	0x1f, 0x21, 0x1f, 0xff, 0x1f, 0x21, 0x1f, 0xff, 0x1f, 0x21, 0x1f, 0xff, 0x25, 0x24, 0x25, 0xff, 0x25, 0x24, 0x25, 0xff, 0x25, 0x24, 0x25, 0xff, 0x25, 0x27, 0x25, 0xff, 0x25, 0x27, 0x25, 0xff,
	0x25, 0x27, 0x25, 0xff, 0x2b, 0x2a, 0x2b, 0xff, 0x2b, 0x2a, 0x2b, 0xff, 0x2b, 0x2a, 0x2b, 0xff, 0x2b, 0x2d, 0x2b, 0xff, 0x2b, 0x2d, 0x2b, 0xff, 0x2b, 0x2d, 0x2b, 0xff, 0x2b, 0x2d, 0x2b, 0xff,
	0x32, 0x31, 0x32, 0xff, 0x32, 0x31, 0x32, 0xff, 0x32, 0x31, 0x32, 0xff, 0x32, 0x34, 0x32, 0xff, 0x32, 0x34, 0x32, 0xff, 0x32, 0x34, 0x32, 0xff, 0x32, 0x34, 0x32, 0xff, 0x3a, 0x38, 0x3a, 0xff,
	0x3a, 0x38, 0x3a, 0xff, 0x3a, 0x38, 0x3a, 0xff, 0x3a, 0x38, 0x3a, 0xff, 0x3a, 0x3c, 0x3a, 0xff, 0x3a, 0x3c, 0x3a, 0xff, 0x3a, 0x3c, 0x3a, 0xff, 0x3a, 0x3c, 0x3a, 0xff, 0x42, 0x40, 0x42, 0xff,
	0x42, 0x40, 0x42, 0xff, 0x42, 0x40, 0x42, 0xff, 0x42, 0x40, 0x42, 0xff, 0x42, 0x44, 0x42, 0xff, 0x42, 0x44, 0x42, 0xff, 0x42, 0x44, 0x42, 0xff, 0x42, 0x44, 0x42, 0xff, 0x4b, 0x48, 0x4b, 0xff,
	0x4b, 0x48, 0x4b, 0xff, 0x4b, 0x48, 0x4b, 0xff, 0x4b, 0x48, 0x4b, 0xff, 0x4b, 0x48, 0x4b, 0xff, 0x4b, 0x4d, 0x4b, 0xff, 0x4b, 0x4d, 0x4b, 0xff, 0x4b, 0x4d, 0x4b, 0xff, 0x4b, 0x4d, 0x4b, 0xff,
	0x55, 0x52, 0x55, 0xff, 0x55, 0x52, 0x55, 0xff, 0x55, 0x52, 0x55, 0xff, 0x55, 0x52, 0x55, 0xff, 0x55, 0x52, 0x55, 0xff, 0x55, 0x57, 0x55, 0xff, 0x55, 0x57, 0x55, 0xff, 0x55, 0x57, 0x55, 0xff,
	0x55, 0x57, 0x55, 0xff, 0x55, 0x57, 0x55, 0xff, 0x5f, 0x5c, 0x5f, 0xff, 0x5f, 0x5c, 0x5f, 0xff, 0x5f, 0x5c, 0x5f, 0xff, 0x5f, 0x5c, 0x5f, 0xff, 0x5f, 0x5c, 0x5f, 0xff, 0x5f, 0x61, 0x5f, 0xff,
	0x5f, 0x61, 0x5f, 0xff, 0x5f, 0x61, 0x5f, 0xff, 0x5f, 0x61, 0x5f, 0xff, 0x5f, 0x61, 0x5f, 0xff, 0x5f, 0x66, 0x5f, 0xff, 0x6a, 0x66, 0x6a, 0xff, 0x6a, 0x66, 0x6a, 0xff, 0x6a, 0x66, 0x6a, 0xff,
	0x6a, 0x66, 0x6a, 0xff, 0x6a, 0x66, 0x6a, 0xff, 0x6a, 0x6b, 0x6a, 0xff, 0x6a, 0x6b, 0x6a, 0xff, 0x6a, 0x6b, 0x6a, 0xff, 0x6a, 0x6b, 0x6a, 0xff, 0x6a, 0x6b, 0x6a, 0xff, 0x6a, 0x71, 0x6a, 0xff,
	0x75, 0x71, 0x75, 0xff, 0x75, 0x71, 0x75, 0xff, 0x75, 0x71, 0x75, 0xff, 0x75, 0x71, 0x75, 0xff, 0x75, 0x71, 0x75, 0xff, 0x75, 0x77, 0x75, 0xff, 0x75, 0x77, 0x75, 0xff, 0x75, 0x77, 0x75, 0xff,
	0x75, 0x77, 0x75, 0xff, 0x75, 0x77, 0x75, 0xff, 0x75, 0x77, 0x75, 0xff, 0x75, 0x7d, 0x75, 0xff, 0x82, 0x7d, 0x82, 0xff, 0x82, 0x7d, 0x82, 0xff, 0x82, 0x7d, 0x82, 0xff, 0x82, 0x7d, 0x82, 0xff,
	0x82, 0x7d, 0x82, 0xff, 0x82, 0x83, 0x82, 0xff, 0x82, 0x83, 0x82, 0xff, 0x82, 0x83, 0x82, 0xff, 0x82, 0x83, 0x82, 0xff, 0x82, 0x83, 0x82, 0xff, 0x82, 0x83, 0x82, 0xff, 0x82, 0x8a, 0x82, 0xff,
	0x82, 0x8a, 0x82, 0xff, 0x8f, 0x8a, 0x8f, 0xff, 0x8f, 0x8a, 0x8f, 0xff, 0x8f, 0x8a, 0x8f, 0xff, 0x8f, 0x8a, 0x8f, 0xff, 0x8f, 0x8a, 0x8f, 0xff, 0x8f, 0x90, 0x8f, 0xff, 0x8f, 0x90, 0x8f, 0xff,
	0x8f, 0x90, 0x8f, 0xff, 0x8f, 0x90, 0x8f, 0xff, 0x8f, 0x90, 0x8f, 0xff, 0x8f, 0x90, 0x8f, 0xff, 0x8f, 0x97, 0x8f, 0xff, 0x8f, 0x97, 0x8f, 0xff, 0x9c, 0x97, 0x9c, 0xff, 0x9c, 0x97, 0x9c, 0xff,
	0x9c, 0x97, 0x9c, 0xff, 0x9c, 0x97, 0x9c, 0xff, 0x9c, 0x97, 0x9c, 0xff, 0x9c, 0x9e, 0x9c, 0xff, 0x9c, 0x9e, 0x9c, 0xff, 0x9c, 0x9e, 0x9c, 0xff, 0x9c, 0x9e, 0x9c, 0xff, 0x9c, 0x9e, 0x9c, 0xff,
	0x9c, 0x9e, 0x9c, 0xff, 0x9c, 0x9e, 0x9c, 0xff, 0x9c, 0xa5, 0x9c, 0xff, 0x9c, 0xa5, 0x9c, 0xff, 0xab, 0xa5, 0xab, 0xff, 0xab, 0xa5, 0xab, 0xff, 0xab, 0xa5, 0xab, 0xff, 0xab, 0xa5, 0xab, 0xff,
	0xab, 0xa5, 0xab, 0xff, 0xab, 0xac, 0xab, 0xff, 0xab, 0xac, 0xab, 0xff, 0xab, 0xac, 0xab, 0xff, 0xab, 0xac, 0xab, 0xff, 0xab, 0xac, 0xab, 0xff, 0xab, 0xac, 0xab, 0xff, 0xab, 0xac, 0xab, 0xff,
	0xab, 0xb3, 0xab, 0xff, 0xab, 0xb3, 0xab, 0xff, 0xab, 0xb3, 0xab, 0xff, 0xba, 0xb3, 0xba, 0xff, 0xba, 0xb3, 0xba, 0xff, 0xba, 0xb3, 0xba, 0xff, 0xba, 0xb3, 0xba, 0xff, 0xba, 0xb3, 0xba, 0xff,
	0xba, 0xbb, 0xba, 0xff, 0xba, 0xbb, 0xba, 0xff, 0xba, 0xbb, 0xba, 0xff, 0xba, 0xbb, 0xba, 0xff, 0xba, 0xbb, 0xba, 0xff, 0xba, 0xbb, 0xba, 0xff, 0xba, 0xbb, 0xba, 0xff, 0xba, 0xbb, 0xba, 0xff,
	0xba, 0xc3, 0xba, 0xff, 0xba, 0xc3, 0xba, 0xff, 0xca, 0xc3, 0xca, 0xff, 0xca, 0xc3, 0xca, 0xff, 0xca, 0xc3, 0xca, 0xff, 0xca, 0xc3, 0xca, 0xff, 0xca, 0xc3, 0xca, 0xff, 0xca, 0xcb, 0xca, 0xff,
	0xca, 0xcb, 0xca, 0xff, 0xca, 0xcb, 0xca, 0xff, 0xca, 0xcb, 0xca, 0xff, 0xca, 0xcb, 0xca, 0xff, 0xca, 0xcb, 0xca, 0xff, 0xca, 0xcb, 0xca, 0xff, 0xca, 0xcb, 0xca, 0xff, 0xca, 0xcb, 0xca, 0xff,
	0xca, 0xd3, 0xca, 0xff, 0xca, 0xd3, 0xca, 0xff, 0xca, 0xd3, 0xca, 0xff, 0xdb, 0xd3, 0xdb, 0xff, 0xdb, 0xd3, 0xdb, 0xff, 0xdb, 0xd3, 0xdb, 0xff, 0xdb, 0xd3, 0xdb, 0xff, 0xdb, 0xd3, 0xdb, 0xff,
	0xdb, 0xdb, 0xdb, 0xff, 0xdb, 0xdb, 0xdb, 0xff, 0xdb, 0xdb, 0xdb, 0xff, 0xdb, 0xdb, 0xdb, 0xff, 0xdb, 0xdb, 0xdb, 0xff, 0xdb, 0xdb, 0xdb, 0xff, 0xdb, 0xdb, 0xdb, 0xff, 0xdb, 0xdb, 0xdb, 0xff,
	0xdb, 0xe4, 0xdb, 0xff, 0xdb, 0xe4, 0xdb, 0xff, 0xdb, 0xe4, 0xdb, 0xff, 0xdb, 0xe4, 0xdb, 0xff, 0xec, 0xe4, 0xec, 0xff, 0xec, 0xe4, 0xec, 0xff, 0xec, 0xe4, 0xec, 0xff, 0xec, 0xe4, 0xec, 0xff,
	0xec, 0xe4, 0xec, 0xff, 0xec, 0xec, 0xec, 0xff, 0xec, 0xec, 0xec, 0xff, 0xec, 0xec, 0xec, 0xff, 0xec, 0xec, 0xec, 0xff, 0xec, 0xec, 0xec, 0xff, 0xec, 0xec, 0xec, 0xff, 0xec, 0xec, 0xec, 0xff,
	0xec, 0xec, 0xec, 0xff, 0xec, 0xec, 0xec, 0xff, 0xec, 0xf5, 0xec, 0xff, 0xec, 0xf5, 0xec, 0xff, 0xec, 0xf5, 0xec, 0xff, 0xec, 0xf5, 0xec, 0xff, 0xff, 0xf5, 0xff, 0xff, 0xff, 0xf5, 0xff, 0xff,
	0xff, 0xf5, 0xff, 0xff, 0xff, 0xf5, 0xff, 0xff, 0xff, 0xf5, 0xff, 0xff, 0xff, 0xff, 0xff, 0xff, 0xff, 0xff, 0xff, 0xff, 0xff, 0xff, 0xff, 0xff, 0xff, 0xff, 0xff, 0xff, 0xff, 0xff, 0xff, 0xff,
	0x00, 0x00, 0x00, 0xff, 0x01, 0x00, 0x01, 0xff, 0x02, 0x01, 0x02, 0xff, 0x02, 0x03, 0x02, 0xff, 0x03, 0x03, 0x03, 0xff, 0x05, 0x04, 0x05, 0xff, 0x05, 0x05, 0x05, 0xff, 0x07, 0x06, 0x07, 0xff,
	0x07, 0x07, 0x07, 0xff, 0x07, 0x08, 0x07, 0xff, 0x0a, 0x0a, 0x0a, 0xff, 0x0a, 0x0a, 0x0a, 0xff, 0x0a, 0x0b, 0x0a, 0xff, 0x0d, 0x0d, 0x0d, 0xff, 0x0d, 0x0d, 0x0d, 0xff, 0x0d, 0x0f, 0x0d, 0xff,
	0x11, 0x0f, 0x11, 0xff, 0x11, 0x10, 0x11, 0xff, 0x11, 0x12, 0x11, 0xff, 0x11, 0x12, 0x11, 0xff, 0x15, 0x14, 0x15, 0xff, 0x15, 0x14, 0x15, 0xff, 0x15, 0x14, 0x15, 0xff, 0x15, 0x17, 0x15, 0xff,
	0x15, 0x17, 0x15, 0xff, 0x1a, 0x19, 0x1a, 0xff, 0x1a, 0x19, 0x1a, 0xff, 0x1a, 0x1b, 0x1a, 0xff, 0x1a, 0x1b, 0x1a, 0xff, 0x1a, 0x1b, 0x1a, 0xff, 0x1f, 0x1e, 0x1f, 0xff, 0x1f, 0x1e, 0x1f, 0xff,
	0x1f, 0x1e, 0x1f, 0xff, 0x1f, 0x21, 0x1f, 0xff, 0x1f, 0x21, 0x1f, 0xff, 0x25, 0x24, 0x25, 0xff, 0x25, 0x24, 0x25, 0xff, 0x25, 0x24, 0x25, 0xff, 0x25, 0x27, 0x25, 0xff, 0x25, 0x27, 0x25, 0xff,
	0x25, 0x27, 0x25, 0xff, 0x2b, 0x2a, 0x2b, 0xff, 0x2b, 0x2a, 0x2b, 0xff, 0x2b, 0x2a, 0x2b, 0xff, 0x2b, 0x2a, 0x2b, 0xff, 0x2b, 0x2d, 0x2b, 0xff, 0x2b, 0x2d, 0x2b, 0xff, 0x2b, 0x2d, 0x2b, 0xff,
	0x32, 0x31, 0x32, 0xff, 0x32, 0x31, 0x32, 0xff, 0x32, 0x31, 0x32, 0xff, 0x32, 0x31, 0x32, 0xff, 0x32, 0x34, 0x32, 0xff, 0x32, 0x34, 0x32, 0xff, 0x32, 0x34, 0x32, 0xff, 0x3a, 0x38, 0x3a, 0xff,
	0x3a, 0x38, 0x3a, 0xff, 0x3a, 0x38, 0x3a, 0xff, 0x3a, 0x38, 0x3a, 0xff, 0x3a, 0x3c, 0x3a, 0xff, 0x3a, 0x3c, 0x3a, 0xff, 0x3a, 0x3c, 0x3a, 0xff, 0x3a, 0x3c, 0x3a, 0xff, 0x42, 0x40, 0x42, 0xff,
	0x42, 0x40, 0x42, 0xff, 0x42, 0x40, 0x42, 0xff, 0x42, 0x40, 0x42, 0xff, 0x42, 0x44, 0x42, 0xff, 0x42, 0x44, 0x42, 0xff, 0x42, 0x44, 0x42, 0xff, 0x42, 0x44, 0x42, 0xff, 0x42, 0x48, 0x42, 0xff,
	0x4b, 0x48, 0x4b, 0xff, 0x4b, 0x48, 0x4b, 0xff, 0x4b, 0x48, 0x4b, 0xff, 0x4b, 0x48, 0x4b, 0xff, 0x4b, 0x4d, 0x4b, 0xff, 0x4b, 0x4d, 0x4b, 0xff, 0x4b, 0x4d, 0x4b, 0xff, 0x4b, 0x4d, 0x4b, 0xff,
	0x4b, 0x52, 0x4b, 0xff, 0x55, 0x52, 0x55, 0xff, 0x55, 0x52, 0x55, 0xff, 0x55, 0x52, 0x55, 0xff, 0x55, 0x52, 0x55, 0xff, 0x55, 0x57, 0x55, 0xff, 0x55, 0x57, 0x55, 0xff, 0x55, 0x57, 0x55, 0xff,
	0x55, 0x57, 0x55, 0xff, 0x55, 0x57, 0x55, 0xff, 0x55, 0x5c, 0x55, 0xff, 0x5f, 0x5c, 0x5f, 0xff, 0x5f, 0x5c, 0x5f, 0xff, 0x5f, 0x5c, 0x5f, 0xff, 0x5f, 0x5c, 0x5f, 0xff, 0x5f, 0x61, 0x5f, 0xff,
	0x5f, 0x61, 0x5f, 0xff, 0x5f, 0x61, 0x5f, 0xff, 0x5f, 0x61, 0x5f, 0xff, 0x5f, 0x61, 0x5f, 0xff, 0x5f, 0x66, 0x5f, 0xff, 0x5f, 0x66, 0x5f, 0xff, 0x6a, 0x66, 0x6a, 0xff, 0x6a, 0x66, 0x6a, 0xff,
	0x6a, 0x66, 0x6a, 0xff, 0x6a, 0x66, 0x6a, 0xff, 0x6a, 0x6b, 0x6a, 0xff, 0x6a, 0x6b, 0x6a, 0xff, 0x6a, 0x6b, 0x6a, 0xff, 0x6a, 0x6b, 0x6a, 0xff, 0x6a, 0x6b, 0x6a, 0xff, 0x6a, 0x71, 0x6a, 0xff,
	0x6a, 0x71, 0x6a, 0xff, 0x75, 0x71, 0x75, 0xff, 0x75, 0x71, 0x75, 0xff, 0x75, 0x71, 0x75, 0xff, 0x75, 0x71, 0x75, 0xff, 0x75, 0x77, 0x75, 0xff, 0x75, 0x77, 0x75, 0xff, 0x75, 0x77, 0x75, 0xff,
	0x75, 0x77, 0x75, 0xff, 0x75, 0x77, 0x75, 0xff, 0x75, 0x77, 0x75, 0xff, 0x75, 0x7d, 0x75, 0xff, 0x75, 0x7d, 0x75, 0xff, 0x82, 0x7d, 0x82, 0xff, 0x82, 0x7d, 0x82, 0xff, 0x82, 0x7d, 0x82, 0xff,
	0x82, 0x7d, 0x82, 0xff, 0x82, 0x83, 0x82, 0xff, 0x82, 0x83, 0x82, 0xff, 0x82, 0x83, 0x82, 0xff, 0x82, 0x83, 0x82, 0xff, 0x82, 0x83, 0x82, 0xff, 0x82, 0x83, 0x82, 0xff, 0x82, 0x83, 0x82, 0xff,
	0x82, 0x8a, 0x82, 0xff, 0x8f, 0x8a, 0x8f, 0xff, 0x8f, 0x8a, 0x8f, 0xff, 0x8f, 0x8a, 0x8f, 0xff, 0x8f, 0x8a, 0x8f, 0xff, 0x8f, 0x8a, 0x8f, 0xff, 0x8f, 0x90, 0x8f, 0xff, 0x8f, 0x90, 0x8f, 0xff,
	0x8f, 0x90, 0x8f, 0xff, 0x8f, 0x90, 0x8f, 0xff, 0x8f, 0x90, 0x8f, 0xff, 0x8f, 0x90, 0x8f, 0xff, 0x8f, 0x90, 0x8f, 0xff, 0x8f, 0x97, 0x8f, 0xff, 0x8f, 0x97, 0x8f, 0xff, 0x9c, 0x97, 0x9c, 0xff,
	0x9c, 0x97, 0x9c, 0xff, 0x9c, 0x97, 0x9c, 0xff, 0x9c, 0x97, 0x9c, 0xff, 0x9c, 0x9e, 0x9c, 0xff, 0x9c, 0x9e, 0x9c, 0xff, 0x9c, 0x9e, 0x9c, 0xff, 0x9c, 0x9e, 0x9c, 0xff, 0x9c, 0x9e, 0x9c, 0xff,
	0x9c, 0x9e, 0x9c, 0xff, 0x9c, 0x9e, 0x9c, 0xff, 0x9c, 0xa5, 0x9c, 0xff, 0x9c, 0xa5, 0x9c, 0xff, 0x9c, 0xa5, 0x9c, 0xff, 0xab, 0xa5, 0xab, 0xff, 0xab, 0xa5, 0xab, 0xff, 0xab, 0xa5, 0xab, 0xff,
	0xab, 0xa5, 0xab, 0xff, 0xab, 0xa5, 0xab, 0xff, 0xab, 0xac, 0xab, 0xff, 0xab, 0xac, 0xab, 0xff, 0xab, 0xac, 0xab, 0xff, 0xab, 0xac, 0xab, 0xff, 0xab, 0xac, 0xab, 0xff, 0xab, 0xac, 0xab, 0xff,
	0xab, 0xac, 0xab, 0xff, 0xab, 0xb3, 0xab, 0xff, 0xab, 0xb3, 0xab, 0xff, 0xab, 0xb3, 0xab, 0xff, 0xba, 0xb3, 0xba, 0xff, 0xba, 0xb3, 0xba, 0xff, 0xba, 0xb3, 0xba, 0xff, 0xba, 0xb3, 0xba, 0xff,
	0xba, 0xbb, 0xba, 0xff, 0xba, 0xbb, 0xba, 0xff, 0xba, 0xbb, 0xba, 0xff, 0xba, 0xbb, 0xba, 0xff, 0xba, 0xbb, 0xba, 0xff, 0xba, 0xbb, 0xba, 0xff, 0xba, 0xbb, 0xba, 0xff, 0xba, 0xbb, 0xba, 0xff,
	0xba, 0xc3, 0xba, 0xff, 0xba, 0xc3, 0xba, 0xff, 0xba, 0xc3, 0xba, 0xff, 0xca, 0xc3, 0xca, 0xff, 0xca, 0xc3, 0xca, 0xff, 0xca, 0xc3, 0xca, 0xff, 0xca, 0xc3, 0xca, 0xff, 0xca, 0xc3, 0xca, 0xff,
	0xca, 0xcb, 0xca, 0xff, 0xca, 0xcb, 0xca, 0xff, 0xca, 0xcb, 0xca, 0xff, 0xca, 0xcb, 0xca, 0xff, 0xca, 0xcb, 0xca, 0xff, 0xca, 0xcb, 0xca, 0xff, 0xca, 0xcb, 0xca, 0xff, 0xca, 0xcb, 0xca, 0xff,
	0xca, 0xd3, 0xca, 0xff, 0xca, 0xd3, 0xca, 0xff, 0xca, 0xd3, 0xca, 0xff, 0xca, 0xd3, 0xca, 0xff, 0xdb, 0xd3, 0xdb, 0xff, 0xdb, 0xd3, 0xdb, 0xff, 0xdb, 0xd3, 0xdb, 0xff, 0xdb, 0xd3, 0xdb, 0xff,
	0xdb, 0xdb, 0xdb, 0xff, 0xdb, 0xdb, 0xdb, 0xff, 0xdb, 0xdb, 0xdb, 0xff, 0xdb, 0xdb, 0xdb, 0xff, 0xdb, 0xdb, 0xdb, 0xff, 0xdb, 0xdb, 0xdb, 0xff, 0xdb, 0xdb, 0xdb, 0xff, 0xdb, 0xdb, 0xdb, 0xff,
	0xdb, 0xdb, 0xdb, 0xff, 0xdb, 0xe4, 0xdb, 0xff, 0xdb, 0xe4, 0xdb, 0xff, 0xdb, 0xe4, 0xdb, 0xff, 0xdb, 0xe4, 0xdb, 0xff, 0xec, 0xe4, 0xec, 0xff, 0xec, 0xe4, 0xec, 0xff, 0xec, 0xe4, 0xec, 0xff,
	0xec, 0xe4, 0xec, 0xff, 0xec, 0xec, 0xec, 0xff, 0xec, 0xec, 0xec, 0xff, 0xec, 0xec, 0xec, 0xff, 0xec, 0xec, 0xec, 0xff, 0xec, 0xec, 0xec, 0xff, 0xec, 0xec, 0xec, 0xff, 0xec, 0xec, 0xec, 0xff,
	0xec, 0xec, 0xec, 0xff, 0xec, 0xec, 0xec, 0xff, 0xec, 0xf5, 0xec, 0xff, 0xec, 0xf5, 0xec, 0xff, 0xec, 0xf5, 0xec, 0xff, 0xec, 0xf5, 0xec, 0xff, 0xec, 0xf5, 0xec, 0xff, 0xff, 0xf5, 0xff, 0xff,
	0xff, 0xf5, 0xff, 0xff, 0xff, 0xf5, 0xff, 0xff, 0xff, 0xf5, 0xff, 0xff, 0xff, 0xff, 0xff, 0xff, 0xff, 0xff, 0xff, 0xff, 0xff, 0xff, 0xff, 0xff, 0xff, 0xff, 0xff, 0xff, 0xff, 0xff, 0xff, 0xff,
	0x00, 0x00, 0x00, 0xff, 0x00, 0x00, 0x00, 0xff, 0x02, 0x01, 0x02, 0xff, 0x02, 0x03, 0x02, 0xff, 0x03, 0x03, 0x03, 0xff, 0x05, 0x04, 0x05, 0xff, 0x05, 0x05, 0x05, 0xff, 0x07, 0x06, 0x07, 0xff,
	0x07, 0x07, 0x07, 0xff, 0x07, 0x08, 0x07, 0xff, 0x0a, 0x0a, 0x0a, 0xff, 0x0a, 0x0a, 0x0a, 0xff, 0x0a, 0x0b, 0x0a, 0xff, 0x0d, 0x0d, 0x0d, 0xff, 0x0d, 0x0d, 0x0d, 0xff, 0x0d, 0x0f, 0x0d, 0xff,
	0x11, 0x0f, 0x11, 0xff, 0x11, 0x10, 0x11, 0xff, 0x11, 0x10, 0x11, 0xff, 0x11, 0x12, 0x11, 0xff, 0x15, 0x12, 0x15, 0xff, 0x15, 0x14, 0x15, 0xff, 0x15, 0x14, 0x15, 0xff, 0x15, 0x17, 0x15, 0xff,
	0x15, 0x17, 0x15, 0xff, 0x1a, 0x19, 0x1a, 0xff, 0x1a, 0x19, 0x1a, 0xff, 0x1a, 0x1b, 0x1a, 0xff, 0x1a, 0x1b, 0x1a, 0xff, 0x1a, 0x1b, 0x1a, 0xff, 0x1f, 0x1e, 0x1f, 0xff, 0x1f, 0x1e, 0x1f, 0xff,
	0x1f, 0x1e, 0x1f, 0xff, 0x1f, 0x21, 0x1f, 0xff, 0x1f, 0x21, 0x1f, 0xff, 0x1f, 0x21, 0x1f, 0xff, 0x25, 0x24, 0x25, 0xff, 0x25, 0x24, 0x25, 0xff, 0x25, 0x27, 0x25, 0xff, 0x25, 0x27, 0x25, 0xff,
	0x25, 0x27, 0x25, 0xff, 0x25, 0x27, 0x25, 0xff, 0x2b, 0x2a, 0x2b, 0xff, 0x2b, 0x2a, 0x2b, 0xff, 0x2b, 0x2a, 0x2b, 0xff, 0x2b, 0x2d, 0x2b, 0xff, 0x2b, 0x2d, 0x2b, 0xff, 0x2b, 0x2d, 0x2b, 0xff,
	0x32, 0x31, 0x32, 0xff, 0x32, 0x31, 0x32, 0xff, 0x32, 0x31, 0x32, 0xff, 0x32, 0x31, 0x32, 0xff, 0x32, 0x34, 0x32, 0xff, 0x32, 0x34, 0x32, 0xff, 0x32, 0x34, 0x32, 0xff, 0x32, 0x38, 0x32, 0xff,
	0x3a, 0x38, 0x3a, 0xff, 0x3a, 0x38, 0x3a, 0xff, 0x3a, 0x38, 0x3a, 0xff, 0x3a, 0x3c, 0x3a, 0xff, 0x3a, 0x3c, 0x3a, 0xff, 0x3a, 0x3c, 0x3a, 0xff, 0x3a, 0x3c, 0x3a, 0xff, 0x3a, 0x40, 0x3a, 0xff,
	0x42, 0x40, 0x42, 0xff, 0x42, 0x40, 0x42, 0xff, 0x42, 0x40, 0x42, 0xff, 0x42, 0x44, 0x42, 0xff, 0x42, 0x44, 0x42, 0xff, 0x42, 0x44, 0x42, 0xff, 0x42, 0x44, 0x42, 0xff, 0x42, 0x44, 0x42, 0xff,
	0x4b, 0x48, 0x4b, 0xff, 0x4b, 0x48, 0x4b, 0xff, 0x4b, 0x48, 0x4b, 0xff, 0x4b, 0x48, 0x4b, 0xff, 0x4b, 0x4d, 0x4b, 0xff, 0x4b, 0x4d, 0x4b, 0xff, 0x4b, 0x4d, 0x4b, 0xff, 0x4b, 0x4d, 0x4b, 0xff,
	0x4b, 0x4d, 0x4b, 0xff, 0x4b, 0x52, 0x4b, 0xff, 0x55, 0x52, 0x55, 0xff, 0x55, 0x52, 0x55, 0xff, 0x55, 0x52, 0x55, 0xff, 0x55, 0x52, 0x55, 0xff, 0x55, 0x57, 0x55, 0xff, 0x55, 0x57, 0x55, 0xff,
	0x55, 0x57, 0x55, 0xff, 0x55, 0x57, 0x55, 0xff, 0x55, 0x5c, 0x55, 0xff, 0x55, 0x5c, 0x55, 0xff, 0x5f, 0x5c, 0x5f, 0xff, 0x5f, 0x5c, 0x5f, 0xff, 0x5f, 0x5c, 0x5f, 0xff, 0x5f, 0x5c, 0x5f, 0xff,
	0x5f, 0x61, 0x5f, 0xff, 0x5f, 0x61, 0x5f, 0xff, 0x5f, 0x61, 0x5f, 0xff, 0x5f, 0x61, 0x5f, 0xff, 0x5f, 0x61, 0x5f, 0xff, 0x5f, 0x66, 0x5f, 0xff, 0x6a, 0x66, 0x6a, 0xff, 0x6a, 0x66, 0x6a, 0xff,
	0x6a, 0x66, 0x6a, 0xff, 0x6a, 0x66, 0x6a, 0xff, 0x6a, 0x6b, 0x6a, 0xff, 0x6a, 0x6b, 0x6a, 0xff, 0x6a, 0x6b, 0x6a, 0xff, 0x6a, 0x6b, 0x6a, 0xff, 0x6a, 0x6b, 0x6a, 0xff, 0x6a, 0x6b, 0x6a, 0xff,
	0x6a, 0x71, 0x6a, 0xff, 0x75, 0x71, 0x75, 0xff, 0x75, 0x71, 0x75, 0xff, 0x75, 0x71, 0x75, 0xff, 0x75, 0x71, 0x75, 0xff, 0x75, 0x71, 0x75, 0xff, 0x75, 0x77, 0x75, 0xff, 0x75, 0x77, 0x75, 0xff,
	0x75, 0x77, 0x75, 0xff, 0x75, 0x77, 0x75, 0xff, 0x75, 0x77, 0x75, 0xff, 0x75, 0x77, 0x75, 0xff, 0x75, 0x7d, 0x75, 0xff, 0x75, 0x7d, 0x75, 0xff, 0x82, 0x7d, 0x82, 0xff, 0x82, 0x7d, 0x82, 0xff,
	0x82, 0x7d, 0x82, 0xff, 0x82, 0x7d, 0x82, 0xff, 0x82, 0x83, 0x82, 0xff, 0x82, 0x83, 0x82, 0xff, 0x82, 0x83, 0x82, 0xff, 0x82, 0x83, 0x82, 0xff, 0x82, 0x83, 0x82, 0xff, 0x82, 0x83, 0x82, 0xff,
	0x82, 0x8a, 0x82, 0xff, 0x82, 0x8a, 0x82, 0xff, 0x8f, 0x8a, 0x8f, 0xff, 0x8f, 0x8a, 0x8f, 0xff, 0x8f, 0x8a, 0x8f, 0xff, 0x8f, 0x8a, 0x8f, 0xff, 0x8f, 0x90, 0x8f, 0xff, 0x8f, 0x90, 0x8f, 0xff,
	0x8f, 0x90, 0x8f, 0xff, 0x8f, 0x90, 0x8f, 0xff, 0x8f, 0x90, 0x8f, 0xff, 0x8f, 0x90, 0x8f, 0xff, 0x8f, 0x90, 0x8f, 0xff, 0x8f, 0x97, 0x8f, 0xff, 0x8f, 0x97, 0x8f, 0xff, 0x8f, 0x97, 0x8f, 0xff,
	0x9c, 0x97, 0x9c, 0xff, 0x9c, 0x97, 0x9c, 0xff, 0x9c, 0x97, 0x9c, 0xff, 0x9c, 0x97, 0x9c, 0xff, 0x9c, 0x9e, 0x9c, 0xff, 0x9c, 0x9e, 0x9c, 0xff, 0x9c, 0x9e, 0x9c, 0xff, 0x9c, 0x9e, 0x9c, 0xff,
	0x9c, 0x9e, 0x9c, 0xff, 0x9c, 0x9e, 0x9c, 0xff, 0x9c, 0x9e, 0x9c, 0xff, 0x9c, 0xa5, 0x9c, 0xff, 0x9c, 0xa5, 0x9c, 0xff, 0x9c, 0xa5, 0x9c, 0xff, 0xab, 0xa5, 0xab, 0xff, 0xab, 0xa5, 0xab, 0xff,
	0xab, 0xa5, 0xab, 0xff, 0xab, 0xa5, 0xab, 0xff, 0xab, 0xac, 0xab, 0xff, 0xab, 0xac, 0xab, 0xff, 0xab, 0xac, 0xab, 0xff, 0xab, 0xac, 0xab, 0xff, 0xab, 0xac, 0xab, 0xff, 0xab, 0xac, 0xab, 0xff,
	0xab, 0xac, 0xab, 0xff, 0xab, 0xb3, 0xab, 0xff, 0xab, 0xb3, 0xab, 0xff, 0xab, 0xb3, 0xab, 0xff, 0xab, 0xb3, 0xab, 0xff, 0xba, 0xb3, 0xba, 0xff, 0xba, 0xb3, 0xba, 0xff, 0xba, 0xb3, 0xba, 0xff,
	0xba, 0xb3, 0xba, 0xff, 0xba, 0xbb, 0xba, 0xff, 0xba, 0xbb, 0xba, 0xff, 0xba, 0xbb, 0xba, 0xff, 0xba, 0xbb, 0xba, 0xff, 0xba, 0xbb, 0xba, 0xff, 0xba, 0xbb, 0xba, 0xff, 0xba, 0xbb, 0xba, 0xff,
	0xba, 0xbb, 0xba, 0xff, 0xba, 0xc3, 0xba, 0xff, 0xba, 0xc3, 0xba, 0xff, 0xba, 0xc3, 0xba, 0xff, 0xca, 0xc3, 0xca, 0xff, 0xca, 0xc3, 0xca, 0xff, 0xca, 0xc3, 0xca, 0xff, 0xca, 0xc3, 0xca, 0xff,
	0xca, 0xcb, 0xca, 0xff, 0xca, 0xcb, 0xca, 0xff, 0xca, 0xcb, 0xca, 0xff, 0xca, 0xcb, 0xca, 0xff, 0xca, 0xcb, 0xca, 0xff, 0xca, 0xcb, 0xca, 0xff, 0xca, 0xcb, 0xca, 0xff, 0xca, 0xcb, 0xca, 0xff,
	0xca, 0xcb, 0xca, 0xff, 0xca, 0xd3, 0xca, 0xff, 0xca, 0xd3, 0xca, 0xff, 0xca, 0xd3, 0xca, 0xff, 0xca, 0xd3, 0xca, 0xff, 0xdb, 0xd3, 0xdb, 0xff, 0xdb, 0xd3, 0xdb, 0xff, 0xdb, 0xd3, 0xdb, 0xff,
	0xdb, 0xd3, 0xdb, 0xff, 0xdb, 0xdb, 0xdb, 0xff, 0xdb, 0xdb, 0xdb, 0xff, 0xdb, 0xdb, 0xdb, 0xff, 0xdb, 0xdb, 0xdb, 0xff, 0xdb, 0xdb, 0xdb, 0xff, 0xdb, 0xdb, 0xdb, 0xff, 0xdb, 0xdb, 0xdb, 0xff,
	0xdb, 0xdb, 0xdb, 0xff, 0xdb, 0xe4, 0xdb, 0xff, 0xdb, 0xe4, 0xdb, 0xff, 0xdb, 0xe4, 0xdb, 0xff, 0xdb, 0xe4, 0xdb, 0xff, 0xdb, 0xe4, 0xdb, 0xff, 0xec, 0xe4, 0xec, 0xff, 0xec, 0xe4, 0xec, 0xff,
	0xec, 0xe4, 0xec, 0xff, 0xec, 0xe4, 0xec, 0xff, 0xec, 0xec, 0xec, 0xff, 0xec, 0xec, 0xec, 0xff, 0xec, 0xec, 0xec, 0xff, 0xec, 0xec, 0xec, 0xff, 0xec, 0xec, 0xec, 0xff, 0xec, 0xec, 0xec, 0xff,
	0xec, 0xec, 0xec, 0xff, 0xec, 0xec, 0xec, 0xff, 0xec, 0xec, 0xec, 0xff, 0xec, 0xf5, 0xec, 0xff, 0xec, 0xf5, 0xec, 0xff, 0xec, 0xf5, 0xec, 0xff, 0xec, 0xf5, 0xec, 0xff, 0xec, 0xf5, 0xec, 0xff,
	0xff, 0xf5, 0xff, 0xff, 0xff, 0xf5, 0xff, 0xff, 0xff, 0xf5, 0xff, 0xff, 0xff, 0xf5, 0xff, 0xff, 0xff, 0xff, 0xff, 0xff, 0xff, 0xff, 0xff, 0xff, 0xff, 0xff, 0xff, 0xff, 0xff, 0xff, 0xff, 0xff,
	0x00, 0x00, 0x00, 0xff, 0x00, 0x00, 0x00, 0xff, 0x01, 0x01, 0x01, 0xff, 0x02, 0x03, 0x02, 0xff, 0x03, 0x03, 0x03, 0xff, 0x03, 0x04, 0x03, 0xff, 0x05, 0x05, 0x05, 0xff, 0x05, 0x06, 0x05, 0xff,
	0x07, 0x07, 0x07, 0xff, 0x07, 0x08, 0x07, 0xff, 0x0a, 0x0a, 0x0a, 0xff, 0x0a, 0x0a, 0x0a, 0xff, 0x0a, 0x0b, 0x0a, 0xff, 0x0d, 0x0d, 0x0d, 0xff, 0x0d, 0x0d, 0x0d, 0xff, 0x0d, 0x0f, 0x0d, 0xff,
	0x0d, 0x0f, 0x0d, 0xff, 0x11, 0x10, 0x11, 0xff, 0x11, 0x10, 0x11, 0xff, 0x11, 0x12, 0x11, 0xff, 0x11, 0x12, 0x11, 0xff, 0x15, 0x14, 0x15, 0xff, 0x15, 0x14, 0x15, 0xff, 0x15, 0x17, 0x15, 0xff,
	0x15, 0x17, 0x15, 0xff, 0x1a, 0x19, 0x1a, 0xff, 0x1a, 0x19, 0x1a, 0xff, 0x1a, 0x19, 0x1a, 0xff, 0x1a, 0x1b, 0x1a, 0xff, 0x1a, 0x1b, 0x1a, 0xff, 0x1f, 0x1e, 0x1f, 0xff, 0x1f, 0x1e, 0x1f, 0xff,
	0x1f, 0x1e, 0x1f, 0xff, 0x1f, 0x21, 0x1f, 0xff, 0x1f, 0x21, 0x1f, 0xff, 0x1f, 0x21, 0x1f, 0xff, 0x25, 0x24, 0x25, 0xff, 0x25, 0x24, 0x25, 0xff, 0x25, 0x24, 0x25, 0xff, 0x25, 0x27, 0x25, 0xff,
	0x25, 0x27, 0x25, 0xff, 0x25, 0x27, 0x25, 0xff, 0x2b, 0x2a, 0x2b, 0xff, 0x2b, 0x2a, 0x2b, 0xff, 0x2b, 0x2a, 0x2b, 0xff, 0x2b, 0x2d, 0x2b, 0xff, 0x2b, 0x2d, 0x2b, 0xff, 0x2b, 0x2d, 0x2b, 0xff,
	0x2b, 0x31, 0x2b, 0xff, 0x32, 0x31, 0x32, 0xff, 0x32, 0x31, 0x32, 0xff, 0x32, 0x31, 0x32, 0xff, 0x32, 0x34, 0x32, 0xff, 0x32, 0x34, 0x32, 0xff, 0x32, 0x34, 0x32, 0xff, 0x32, 0x34, 0x32, 0xff,
	0x3a, 0x38, 0x3a, 0xff, 0x3a, 0x38, 0x3a, 0xff, 0x3a, 0x38, 0x3a, 0xff, 0x3a, 0x38, 0x3a, 0xff, 0x3a, 0x3c, 0x3a, 0xff, 0x3a, 0x3c, 0x3a, 0xff, 0x3a, 0x3c, 0x3a, 0xff, 0x3a, 0x40, 0x3a, 0xff,
	0x42, 0x40, 0x42, 0xff, 0x42, 0x40, 0x42, 0xff, 0x42, 0x40, 0x42, 0xff, 0x42, 0x40, 0x42, 0xff, 0x42, 0x44, 0x42, 0xff, 0x42, 0x44, 0x42, 0xff, 0x42, 0x44, 0x42, 0xff, 0x42, 0x44, 0x42, 0xff,
	0x42, 0x48, 0x42, 0xff, 0x4b, 0x48, 0x4b, 0xff, 0x4b, 0x48, 0x4b, 0xff, 0x4b, 0x48, 0x4b, 0xff, 0x4b, 0x4d, 0x4b, 0xff, 0x4b, 0x4d, 0x4b, 0xff, 0x4b, 0x4d, 0x4b, 0xff, 0x4b, 0x4d, 0x4b, 0xff,
	0x4b, 0x4d, 0x4b, 0xff, 0x4b, 0x52, 0x4b, 0xff, 0x55, 0x52, 0x55, 0xff, 0x55, 0x52, 0x55, 0xff, 0x55, 0x52, 0x55, 0xff, 0x55, 0x52, 0x55, 0xff, 0x55, 0x57, 0x55, 0xff, 0x55, 0x57, 0x55, 0xff,
	0x55, 0x57, 0x55, 0xff, 0x55, 0x57, 0x55, 0xff, 0x55, 0x57, 0x55, 0xff, 0x55, 0x5c, 0x55, 0xff, 0x5f, 0x5c, 0x5f, 0xff, 0x5f, 0x5c, 0x5f, 0xff, 0x5f, 0x5c, 0x5f, 0xff, 0x5f, 0x5c, 0x5f, 0xff,
	0x5f, 0x61, 0x5f, 0xff, 0x5f, 0x61, 0x5f, 0xff, 0x5f, 0x61, 0x5f, 0xff, 0x5f, 0x61, 0x5f, 0xff, 0x5f, 0x61, 0x5f, 0xff, 0x5f, 0x66, 0x5f, 0xff, 0x5f, 0x66, 0x5f, 0xff, 0x6a, 0x66, 0x6a, 0xff,
	0x6a, 0x66, 0x6a, 0xff, 0x6a, 0x66, 0x6a, 0xff, 0x6a, 0x66, 0x6a, 0xff, 0x6a, 0x6b, 0x6a, 0xff, 0x6a, 0x6b, 0x6a, 0xff, 0x6a, 0x6b, 0x6a, 0xff, 0x6a, 0x6b, 0x6a, 0xff, 0x6a, 0x6b, 0x6a, 0xff,
	0x6a, 0x71, 0x6a, 0xff, 0x6a, 0x71, 0x6a, 0xff, 0x75, 0x71, 0x75, 0xff, 0x75, 0x71, 0x75, 0xff, 0x75, 0x71, 0x75, 0xff, 0x75, 0x71, 0x75, 0xff, 0x75, 0x77, 0x75, 0xff, 0x75, 0x77, 0x75, 0xff,
	0x75, 0x77, 0x75, 0xff, 0x75, 0x77, 0x75, 0xff, 0x75, 0x77, 0x75, 0xff, 0x75, 0x77, 0x75, 0xff, 0x75, 0x7d, 0x75, 0xff, 0x75, 0x7d, 0x75, 0xff, 0x82, 0x7d, 0x82, 0xff, 0x82, 0x7d, 0x82, 0xff,
	0x82, 0x7d, 0x82, 0xff, 0x82, 0x7d, 0x82, 0xff, 0x82, 0x83, 0x82, 0xff, 0x82, 0x83, 0x82, 0xff, 0x82, 0x83, 0x82, 0xff, 0x82, 0x83, 0x82, 0xff, 0x82, 0x83, 0x82, 0xff, 0x82, 0x83, 0x82, 0xff,
	0x82, 0x8a, 0x82, 0xff, 0x82, 0x8a, 0x82, 0xff, 0x82, 0x8a, 0x82, 0xff, 0x8f, 0x8a, 0x8f, 0xff, 0x8f, 0x8a, 0x8f, 0xff, 0x8f, 0x8a, 0x8f, 0xff, 0x8f, 0x8a, 0x8f, 0xff, 0x8f, 0x90, 0x8f, 0xff,
	0x8f, 0x90, 0x8f, 0xff, 0x8f, 0x90, 0x8f, 0xff, 0x8f, 0x90, 0x8f, 0xff, 0x8f, 0x90, 0x8f, 0xff, 0x8f, 0x90, 0x8f, 0xff, 0x8f, 0x97, 0x8f, 0xff, 0x8f, 0x97, 0x8f, 0xff, 0x8f, 0x97, 0x8f, 0xff,
	0x9c, 0x97, 0x9c, 0xff, 0x9c, 0x97, 0x9c, 0xff, 0x9c, 0x97, 0x9c, 0xff, 0x9c, 0x97, 0x9c, 0xff, 0x9c, 0x9e, 0x9c, 0xff, 0x9c, 0x9e, 0x9c, 0xff, 0x9c, 0x9e, 0x9c, 0xff, 0x9c, 0x9e, 0x9c, 0xff,
	0x9c, 0x9e, 0x9c, 0xff, 0x9c, 0x9e, 0x9c, 0xff, 0x9c, 0x9e, 0x9c, 0xff, 0x9c, 0xa5, 0x9c, 0xff, 0x9c, 0xa5, 0x9c, 0xff, 0x9c, 0xa5, 0x9c, 0xff, 0x9c, 0xa5, 0x9c, 0xff, 0xab, 0xa5, 0xab, 0xff,
	0xab, 0xa5, 0xab, 0xff, 0xab, 0xa5, 0xab, 0xff, 0xab, 0xac, 0xab, 0xff, 0xab, 0xac, 0xab, 0xff, 0xab, 0xac, 0xab, 0xff, 0xab, 0xac, 0xab, 0xff, 0xab, 0xac, 0xab, 0xff, 0xab, 0xac, 0xab, 0xff,
	0xab, 0xac, 0xab, 0xff, 0xab, 0xac, 0xab, 0xff, 0xab, 0xb3, 0xab, 0xff, 0xab, 0xb3, 0xab, 0xff, 0xab, 0xb3, 0xab, 0xff, 0xab, 0xb3, 0xab, 0xff, 0xba, 0xb3, 0xba, 0xff, 0xba, 0xb3, 0xba, 0xff,
	0xba, 0xb3, 0xba, 0xff, 0xba, 0xbb, 0xba, 0xff, 0xba, 0xbb, 0xba, 0xff, 0xba, 0xbb, 0xba, 0xff, 0xba, 0xbb, 0xba, 0xff, 0xba, 0xbb, 0xba, 0xff, 0xba, 0xbb, 0xba, 0xff, 0xba, 0xbb, 0xba, 0xff,
	0xba, 0xbb, 0xba, 0xff, 0xba, 0xc3, 0xba, 0xff, 0xba, 0xc3, 0xba, 0xff, 0xba, 0xc3, 0xba, 0xff, 0xba, 0xc3, 0xba, 0xff, 0xca, 0xc3, 0xca, 0xff, 0xca, 0xc3, 0xca, 0xff, 0xca, 0xc3, 0xca, 0xff,
	0xca, 0xc3, 0xca, 0xff, 0xca, 0xcb, 0xca, 0xff, 0xca, 0xcb, 0xca, 0xff, 0xca, 0xcb, 0xca, 0xff, 0xca, 0xcb, 0xca, 0xff, 0xca, 0xcb, 0xca, 0xff, 0xca, 0xcb, 0xca, 0xff, 0xca, 0xcb, 0xca, 0xff,
	0xca, 0xcb, 0xca, 0xff, 0xca, 0xd3, 0xca, 0xff, 0xca, 0xd3, 0xca, 0xff, 0xca, 0xd3, 0xca, 0xff, 0xca, 0xd3, 0xca, 0xff, 0xca, 0xd3, 0xca, 0xff, 0xdb, 0xd3, 0xdb, 0xff, 0xdb, 0xd3, 0xdb, 0xff,
	0xdb, 0xd3, 0xdb, 0xff, 0xdb, 0xdb, 0xdb, 0xff, 0xdb, 0xdb, 0xdb, 0xff, 0xdb, 0xdb, 0xdb, 0xff, 0xdb, 0xdb, 0xdb, 0xff, 0xdb, 0xdb, 0xdb, 0xff, 0xdb, 0xdb, 0xdb, 0xff, 0xdb, 0xdb, 0xdb, 0xff,
	0xdb, 0xdb, 0xdb, 0xff, 0xdb, 0xdb, 0xdb, 0xff, 0xdb, 0xe4, 0xdb, 0xff, 0xdb, 0xe4, 0xdb, 0xff, 0xdb, 0xe4, 0xdb, 0xff, 0xdb, 0xe4, 0xdb, 0xff, 0xdb, 0xe4, 0xdb, 0xff, 0xec, 0xe4, 0xec, 0xff,
	0xec, 0xe4, 0xec, 0xff, 0xec, 0xe4, 0xec, 0xff, 0xec, 0xec, 0xec, 0xff, 0xec, 0xec, 0xec, 0xff, 0xec, 0xec, 0xec, 0xff, 0xec, 0xec, 0xec, 0xff, 0xec, 0xec, 0xec, 0xff, 0xec, 0xec, 0xec, 0xff,
	0xec, 0xec, 0xec, 0xff, 0xec, 0xec, 0xec, 0xff, 0xec, 0xec, 0xec, 0xff, 0xec, 0xf5, 0xec, 0xff, 0xec, 0xf5, 0xec, 0xff, 0xec, 0xf5, 0xec, 0xff, 0xec, 0xf5, 0xec, 0xff, 0xec, 0xf5, 0xec, 0xff,
	0xec, 0xf5, 0xec, 0xff, 0xff, 0xf5, 0xff, 0xff, 0xff, 0xf5, 0xff, 0xff, 0xff, 0xf5, 0xff, 0xff, 0xff, 0xff, 0xff, 0xff, 0xff, 0xff, 0xff, 0xff, 0xff, 0xff, 0xff, 0xff, 0xff, 0xff, 0xff, 0xff,
	0x00, 0x00, 0x00, 0xff, 0x00, 0x00, 0x00, 0xff, 0x01, 0x01, 0x01, 0xff, 0x02, 0x03, 0x02, 0xff, 0x03, 0x03, 0x03, 0xff, 0x03, 0x04, 0x03, 0xff, 0x05, 0x05, 0x05, 0xff, 0x05, 0x06, 0x05, 0xff,
	0x07, 0x07, 0x07, 0xff, 0x07, 0x08, 0x07, 0xff, 0x0a, 0x0a, 0x0a, 0xff, 0x0a, 0x0a, 0x0a, 0xff, 0x0a, 0x0b, 0x0a, 0xff, 0x0d, 0x0d, 0x0d, 0xff, 0x0d, 0x0d, 0x0d, 0xff, 0x0d, 0x0f, 0x0d, 0xff,
	0x0d, 0x0f, 0x0d, 0xff, 0x11, 0x10, 0x11, 0xff, 0x11, 0x10, 0x11, 0xff, 0x11, 0x12, 0x11, 0xff, 0x11, 0x12, 0x11, 0xff, 0x15, 0x14, 0x15, 0xff, 0x15, 0x14, 0x15, 0xff, 0x15, 0x17, 0x15, 0xff,
	0x15, 0x17, 0x15, 0xff, 0x15, 0x19, 0x15, 0xff, 0x1a, 0x19, 0x1a, 0xff, 0x1a, 0x19, 0x1a, 0xff, 0x1a, 0x1b, 0x1a, 0xff, 0x1a, 0x1b, 0x1a, 0xff, 0x1a, 0x1e, 0x1a, 0xff, 0x1f, 0x1e, 0x1f, 0xff,
	0x1f, 0x1e, 0x1f, 0xff, 0x1f, 0x21, 0x1f, 0xff, 0x1f, 0x21, 0x1f, 0xff, 0x1f, 0x21, 0x1f, 0xff, 0x25, 0x24, 0x25, 0xff, 0x25, 0x24, 0x25, 0xff, 0x25, 0x24, 0x25, 0xff, 0x25, 0x27, 0x25, 0xff,
	0x25, 0x27, 0x25, 0xff, 0x25, 0x27, 0x25, 0xff, 0x25, 0x2a, 0x25, 0xff, 0x2b, 0x2a, 0x2b, 0xff, 0x2b, 0x2a, 0x2b, 0xff, 0x2b, 0x2d, 0x2b, 0xff, 0x2b, 0x2d, 0x2b, 0xff, 0x2b, 0x2d, 0x2b, 0xff,
	0x2b, 0x2d, 0x2b, 0xff, 0x32, 0x31, 0x32, 0xff, 0x32, 0x31, 0x32, 0xff, 0x32, 0x31, 0x32, 0xff, 0x32, 0x34, 0x32, 0xff, 0x32, 0x34, 0x32, 0xff, 0x32, 0x34, 0x32, 0xff, 0x32, 0x34, 0x32, 0xff,
	0x32, 0x38, 0x32, 0xff, 0x3a, 0x38, 0x3a, 0xff, 0x3a, 0x38, 0x3a, 0xff, 0x3a, 0x38, 0x3a, 0xff, 0x3a, 0x3c, 0x3a, 0xff, 0x3a, 0x3c, 0x3a, 0xff, 0x3a, 0x3c, 0x3a, 0xff, 0x3a, 0x3c, 0x3a, 0xff,
	0x3a, 0x40, 0x3a, 0xff, 0x42, 0x40, 0x42, 0xff, 0x42, 0x40, 0x42, 0xff, 0x42, 0x40, 0x42, 0xff, 0x42, 0x44, 0x42, 0xff, 0x42, 0x44, 0x42, 0xff, 0x42, 0x44, 0x42, 0xff, 0x42, 0x44, 0x42, 0xff,
	0x42, 0x48, 0x42, 0xff, 0x42, 0x48, 0x42, 0xff, 0x4b, 0x48, 0x4b, 0xff, 0x4b, 0x48, 0x4b, 0xff, 0x4b, 0x48, 0x4b, 0xff, 0x4b, 0x4d, 0x4b, 0xff, 0x4b, 0x4d, 0x4b, 0xff, 0x4b, 0x4d, 0x4b, 0xff,
	0x4b, 0x4d, 0x4b, 0xff, 0x4b, 0x52, 0x4b, 0xff, 0x4b, 0x52, 0x4b, 0xff, 0x55, 0x52, 0x55, 0xff, 0x55, 0x52, 0x55, 0xff, 0x55, 0x52, 0x55, 0xff, 0x55, 0x57, 0x55, 0xff, 0x55, 0x57, 0x55, 0xff,
	0x55, 0x57, 0x55, 0xff, 0x55, 0x57, 0x55, 0xff, 0x55, 0x57, 0x55, 0xff, 0x55, 0x5c, 0x55, 0xff, 0x55, 0x5c, 0x55, 0xff, 0x5f, 0x5c, 0x5f, 0xff, 0x5f, 0x5c, 0x5f, 0xff, 0x5f, 0x5c, 0x5f, 0xff,
	0x5f, 0x61, 0x5f, 0xff, 0x5f, 0x61, 0x5f, 0xff, 0x5f, 0x61, 0x5f, 0xff, 0x5f, 0x61, 0x5f, 0xff, 0x5f, 0x61, 0x5f, 0xff, 0x5f, 0x66, 0x5f, 0xff, 0x5f, 0x66, 0x5f, 0xff, 0x5f, 0x66, 0x5f, 0xff,
	0x6a, 0x66, 0x6a, 0xff, 0x6a, 0x66, 0x6a, 0xff, 0x6a, 0x66, 0x6a, 0xff, 0x6a, 0x6b, 0x6a, 0xff, 0x6a, 0x6b, 0x6a, 0xff, 0x6a, 0x6b, 0x6a, 0xff, 0x6a, 0x6b, 0x6a, 0xff, 0x6a, 0x6b, 0x6a, 0xff,
	0x6a, 0x6b, 0x6a, 0xff, 0x6a, 0x71, 0x6a, 0xff, 0x6a, 0x71, 0x6a, 0xff, 0x75, 0x71, 0x75, 0xff, 0x75, 0x71, 0x75, 0xff, 0x75, 0x71, 0x75, 0xff, 0x75, 0x77, 0x75, 0xff, 0x75, 0x77, 0x75, 0xff,
	0x75, 0x77, 0x75, 0xff, 0x75, 0x77, 0x75, 0xff, 0x75, 0x77, 0x75, 0xff, 0x75, 0x77, 0x75, 0xff, 0x75, 0x7d, 0x75, 0xff, 0x75, 0x7d, 0x75, 0xff, 0x75, 0x7d, 0x75, 0xff, 0x82, 0x7d, 0x82, 0xff,
	0x82, 0x7d, 0x82, 0xff, 0x82, 0x7d, 0x82, 0xff, 0x82, 0x83, 0x82, 0xff, 0x82, 0x83, 0x82, 0xff, 0x82, 0x83, 0x82, 0xff, 0x82, 0x83, 0x82, 0xff, 0x82, 0x83, 0x82, 0xff, 0x82, 0x83, 0x82, 0xff,
	0x82, 0x83, 0x82, 0xff, 0x82, 0x8a, 0x82, 0xff, 0x82, 0x8a, 0x82, 0xff, 0x82, 0x8a, 0x82, 0xff, 0x8f, 0x8a, 0x8f, 0xff, 0x8f, 0x8a, 0x8f, 0xff, 0x8f, 0x8a, 0x8f, 0xff, 0x8f, 0x90, 0x8f, 0xff,
	0x8f, 0x90, 0x8f, 0xff, 0x8f, 0x90, 0x8f, 0xff, 0x8f, 0x90, 0x8f, 0xff, 0x8f, 0x90, 0x8f, 0xff, 0x8f, 0x90, 0x8f, 0xff, 0x8f, 0x90, 0x8f, 0xff, 0x8f, 0x97, 0x8f, 0xff, 0x8f, 0x97, 0x8f, 0xff,
	0x8f, 0x97, 0x8f, 0xff, 0x9c, 0x97, 0x9c, 0xff, 0x9c, 0x97, 0x9c, 0xff, 0x9c, 0x97, 0x9c, 0xff, 0x9c, 0x97, 0x9c, 0xff, 0x9c, 0x9e, 0x9c, 0xff, 0x9c, 0x9e, 0x9c, 0xff, 0x9c, 0x9e, 0x9c, 0xff,
	0x9c, 0x9e, 0x9c, 0xff, 0x9c, 0x9e, 0x9c, 0xff, 0x9c, 0x9e, 0x9c, 0xff, 0x9c, 0x9e, 0x9c, 0xff, 0x9c, 0xa5, 0x9c, 0xff, 0x9c, 0xa5, 0x9c, 0xff, 0x9c, 0xa5, 0x9c, 0xff, 0x9c, 0xa5, 0x9c, 0xff,
	0xab, 0xa5, 0xab, 0xff, 0xab, 0xa5, 0xab, 0xff, 0xab, 0xa5, 0xab, 0xff, 0xab, 0xac, 0xab, 0xff, 0xab, 0xac, 0xab, 0xff, 0xab, 0xac, 0xab, 0xff, 0xab, 0xac, 0xab, 0xff, 0xab, 0xac, 0xab, 0xff,
	0xab, 0xac, 0xab, 0xff, 0xab, 0xac, 0xab, 0xff, 0xab, 0xb3, 0xab, 0xff, 0xab, 0xb3, 0xab, 0xff, 0xab, 0xb3, 0xab, 0xff, 0xab, 0xb3, 0xab, 0xff, 0xab, 0xb3, 0xab, 0xff, 0xba, 0xb3, 0xba, 0xff,
	0xba, 0xb3, 0xba, 0xff, 0xba, 0xb3, 0xba, 0xff, 0xba, 0xbb, 0xba, 0xff, 0xba, 0xbb, 0xba, 0xff, 0xba, 0xbb, 0xba, 0xff, 0xba, 0xbb, 0xba, 0xff, 0xba, 0xbb, 0xba, 0xff, 0xba, 0xbb, 0xba, 0xff,
	0xba, 0xbb, 0xba, 0xff, 0xba, 0xbb, 0xba, 0xff, 0xba, 0xc3, 0xba, 0xff, 0xba, 0xc3, 0xba, 0xff, 0xba, 0xc3, 0xba, 0xff, 0xba, 0xc3, 0xba, 0xff, 0xca, 0xc3, 0xca, 0xff, 0xca, 0xc3, 0xca, 0xff,
	0xca, 0xc3, 0xca, 0xff, 0xca, 0xcb, 0xca, 0xff, 0xca, 0xcb, 0xca, 0xff, 0xca, 0xcb, 0xca, 0xff, 0xca, 0xcb, 0xca, 0xff, 0xca, 0xcb, 0xca, 0xff, 0xca, 0xcb, 0xca, 0xff, 0xca, 0xcb, 0xca, 0xff,
	0xca, 0xcb, 0xca, 0xff, 0xca, 0xcb, 0xca, 0xff, 0xca, 0xd3, 0xca, 0xff, 0xca, 0xd3, 0xca, 0xff, 0xca, 0xd3, 0xca, 0xff, 0xca, 0xd3, 0xca, 0xff, 0xca, 0xd3, 0xca, 0xff, 0xdb, 0xd3, 0xdb, 0xff,
	0xdb, 0xd3, 0xdb, 0xff, 0xdb, 0xd3, 0xdb, 0xff, 0xdb, 0xdb, 0xdb, 0xff, 0xdb, 0xdb, 0xdb, 0xff, 0xdb, 0xdb, 0xdb, 0xff, 0xdb, 0xdb, 0xdb, 0xff, 0xdb, 0xdb, 0xdb, 0xff, 0xdb, 0xdb, 0xdb, 0xff,
	0xdb, 0xdb, 0xdb, 0xff, 0xdb, 0xdb, 0xdb, 0xff, 0xdb, 0xe4, 0xdb, 0xff, 0xdb, 0xe4, 0xdb, 0xff, 0xdb, 0xe4, 0xdb, 0xff, 0xdb, 0xe4, 0xdb, 0xff, 0xdb, 0xe4, 0xdb, 0xff, 0xdb, 0xe4, 0xdb, 0xff,
	0xec, 0xe4, 0xec, 0xff, 0xec, 0xe4, 0xec, 0xff, 0xec, 0xe4, 0xec, 0xff, 0xec, 0xec, 0xec, 0xff, 0xec, 0xec, 0xec, 0xff, 0xec, 0xec, 0xec, 0xff, 0xec, 0xec, 0xec, 0xff, 0xec, 0xec, 0xec, 0xff,
	0xec, 0xec, 0xec, 0xff, 0xec, 0xec, 0xec, 0xff, 0xec, 0xec, 0xec, 0xff, 0xec, 0xec, 0xec, 0xff, 0xec, 0xf5, 0xec, 0xff, 0xec, 0xf5, 0xec, 0xff, 0xec, 0xf5, 0xec, 0xff, 0xec, 0xf5, 0xec, 0xff,
	0xec, 0xf5, 0xec, 0xff, 0xec, 0xf5, 0xec, 0xff, 0xff, 0xf5, 0xff, 0xff, 0xff, 0xf5, 0xff, 0xff, 0xff, 0xf5, 0xff, 0xff, 0xff, 0xff, 0xff, 0xff, 0xff, 0xff, 0xff, 0xff, 0xff, 0xff, 0xff, 0xff,
	0x00, 0x00, 0x00, 0xff, 0x00, 0x00, 0x00, 0xff, 0x01, 0x01, 0x01, 0xff, 0x02, 0x03, 0x02, 0xff, 0x03, 0x03, 0x03, 0xff, 0x03, 0x04, 0x03, 0xff, 0x05, 0x05, 0x05, 0xff, 0x05, 0x06, 0x05, 0xff,
	0x07, 0x07, 0x07, 0xff, 0x07, 0x08, 0x07, 0xff, 0x0a, 0x0a, 0x0a, 0xff, 0x0a, 0x0a, 0x0a, 0xff, 0x0a, 0x0b, 0x0a, 0xff, 0x0a, 0x0b, 0x0a, 0xff, 0x0d, 0x0d, 0x0d, 0xff, 0x0d, 0x0f, 0x0d, 0xff,
	0x0d, 0x0f, 0x0d, 0xff, 0x11, 0x10, 0x11, 0xff, 0x11, 0x10, 0x11, 0xff, 0x11, 0x12, 0x11, 0xff, 0x11, 0x12, 0x11, 0xff, 0x15, 0x14, 0x15, 0xff, 0x15, 0x14, 0x15, 0xff, 0x15, 0x17, 0x15, 0xff,
	0x15, 0x17, 0x15, 0xff, 0x15, 0x17, 0x15, 0xff, 0x1a, 0x19, 0x1a, 0xff, 0x1a, 0x19, 0x1a, 0xff, 0x1a, 0x1b, 0x1a, 0xff, 0x1a, 0x1b, 0x1a, 0xff, 0x1a, 0x1e, 0x1a, 0xff, 0x1f, 0x1e, 0x1f, 0xff,
	0x1f, 0x1e, 0x1f, 0xff, 0x1f, 0x21, 0x1f, 0xff, 0x1f, 0x21, 0x1f, 0xff, 0x1f, 0x21, 0x1f, 0xff, 0x1f, 0x24, 0x1f, 0xff, 0x25, 0x24, 0x25, 0xff, 0x25, 0x24, 0x25, 0xff, 0x25, 0x27, 0x25, 0xff,
	0x25, 0x27, 0x25, 0xff, 0x25, 0x27, 0x25, 0xff, 0x25, 0x2a, 0x25, 0xff, 0x2b, 0x2a, 0x2b, 0xff, 0x2b, 0x2a, 0x2b, 0xff, 0x2b, 0x2d, 0x2b, 0xff, 0x2b, 0x2d, 0x2b, 0xff, 0x2b, 0x2d, 0x2b, 0xff,
	0x2b, 0x2d, 0x2b, 0xff, 0x2b, 0x31, 0x2b, 0xff, 0x32, 0x31, 0x32, 0xff, 0x32, 0x31, 0x32, 0xff, 0x32, 0x34, 0x32, 0xff, 0x32, 0x34, 0x32, 0xff, 0x32, 0x34, 0x32, 0xff, 0x32, 0x34, 0x32, 0xff,
	0x32, 0x38, 0x32, 0xff, 0x3a, 0x38, 0x3a, 0xff, 0x3a, 0x38, 0x3a, 0xff, 0x3a, 0x38, 0x3a, 0xff, 0x3a, 0x3c, 0x3a, 0xff, 0x3a, 0x3c, 0x3a, 0xff, 0x3a, 0x3c, 0x3a, 0xff, 0x3a, 0x3c, 0x3a, 0xff,
	0x3a, 0x40, 0x3a, 0xff, 0x42, 0x40, 0x42, 0xff, 0x42, 0x40, 0x42, 0xff, 0x42, 0x40, 0x42, 0xff, 0x42, 0x44, 0x42, 0xff, 0x42, 0x44, 0x42, 0xff, 0x42, 0x44, 0x42, 0xff, 0x42, 0x44, 0x42, 0xff,
	0x42, 0x44, 0x42, 0xff, 0x42, 0x48, 0x42, 0xff, 0x4b, 0x48, 0x4b, 0xff, 0x4b, 0x48, 0x4b, 0xff, 0x4b, 0x48, 0x4b, 0xff, 0x4b, 0x4d, 0x4b, 0xff, 0x4b, 0x4d, 0x4b, 0xff, 0x4b, 0x4d, 0x4b, 0xff,
	0x4b, 0x4d, 0x4b, 0xff, 0x4b, 0x4d, 0x4b, 0xff, 0x4b, 0x52, 0x4b, 0xff, 0x55, 0x52, 0x55, 0xff, 0x55, 0x52, 0x55, 0xff, 0x55, 0x52, 0x55, 0xff, 0x55, 0x57, 0x55, 0xff, 0x55, 0x57, 0x55, 0xff,
	0x55, 0x57, 0x55, 0xff, 0x55, 0x57, 0x55, 0xff, 0x55, 0x57, 0x55, 0xff, 0x55, 0x5c, 0x55, 0xff, 0x55, 0x5c, 0x55, 0xff, 0x55, 0x5c, 0x55, 0xff, 0x5f, 0x5c, 0x5f, 0xff, 0x5f, 0x5c, 0x5f, 0xff,
	0x5f, 0x5c, 0x5f, 0xff, 0x5f, 0x61, 0x5f, 0xff, 0x5f, 0x61, 0x5f, 0xff, 0x5f, 0x61, 0x5f, 0xff, 0x5f, 0x61, 0x5f, 0xff, 0x5f, 0x61, 0x5f, 0xff, 0x5f, 0x66, 0x5f, 0xff, 0x5f, 0x66, 0x5f, 0xff,
	0x6a, 0x66, 0x6a, 0xff, 0x6a, 0x66, 0x6a, 0xff, 0x6a, 0x66, 0x6a, 0xff, 0x6a, 0x6b, 0x6a, 0xff, 0x6a, 0x6b, 0x6a, 0xff, 0x6a, 0x6b, 0x6a, 0xff, 0x6a, 0x6b, 0x6a, 0xff, 0x6a, 0x6b, 0x6a, 0xff,
	0x6a, 0x6b, 0x6a, 0xff, 0x6a, 0x71, 0x6a, 0xff, 0x6a, 0x71, 0x6a, 0xff, 0x6a, 0x71, 0x6a, 0xff, 0x75, 0x71, 0x75, 0xff, 0x75, 0x71, 0x75, 0xff, 0x75, 0x71, 0x75, 0xff, 0x75, 0x77, 0x75, 0xff,
	0x75, 0x77, 0x75, 0xff, 0x75, 0x77, 0x75, 0xff, 0x75, 0x77, 0x75, 0xff, 0x75, 0x77, 0x75, 0xff, 0x75, 0x77, 0x75, 0xff, 0x75, 0x7d, 0x75, 0xff, 0x75, 0x7d, 0x75, 0xff, 0x75, 0x7d, 0x75, 0xff,
	0x82, 0x7d, 0x82, 0xff, 0x82, 0x7d, 0x82, 0xff, 0x82, 0x7d, 0x82, 0xff, 0x82, 0x83, 0x82, 0xff, 0x82, 0x83, 0x82, 0xff, 0x82, 0x83, 0x82, 0xff, 0x82, 0x83, 0x82, 0xff, 0x82, 0x83, 0x82, 0xff,
	0x82, 0x83, 0x82, 0xff, 0x82, 0x8a, 0x82, 0xff, 0x82, 0x8a, 0x82, 0xff, 0x82, 0x8a, 0x82, 0xff, 0x82, 0x8a, 0x82, 0xff, 0x8f, 0x8a, 0x8f, 0xff, 0x8f, 0x8a, 0x8f, 0xff, 0x8f, 0x8a, 0x8f, 0xff,
	0x8f, 0x90, 0x8f, 0xff, 0x8f, 0x90, 0x8f, 0xff, 0x8f, 0x90, 0x8f, 0xff, 0x8f, 0x90, 0x8f, 0xff, 0x8f, 0x90, 0x8f, 0xff, 0x8f, 0x90, 0x8f, 0xff, 0x8f, 0x97, 0x8f, 0xff, 0x8f, 0x97, 0x8f, 0xff,
	0x8f, 0x97, 0x8f, 0xff, 0x8f, 0x97, 0x8f, 0xff, 0x9c, 0x97, 0x9c, 0xff, 0x9c, 0x97, 0x9c, 0xff, 0x9c, 0x97, 0x9c, 0xff, 0x9c, 0x9e, 0x9c, 0xff, 0x9c, 0x9e, 0x9c, 0xff, 0x9c, 0x9e, 0x9c, 0xff,
	0x9c, 0x9e, 0x9c, 0xff, 0x9c, 0x9e, 0x9c, 0xff, 0x9c, 0x9e, 0x9c, 0xff, 0x9c, 0x9e, 0x9c, 0xff, 0x9c, 0xa5, 0x9c, 0xff, 0x9c, 0xa5, 0x9c, 0xff, 0x9c, 0xa5, 0x9c, 0xff, 0x9c, 0xa5, 0x9c, 0xff,
	0x9c, 0xa5, 0x9c, 0xff, 0xab, 0xa5, 0xab, 0xff, 0xab, 0xa5, 0xab, 0xff, 0xab, 0xac, 0xab, 0xff, 0xab, 0xac, 0xab, 0xff, 0xab, 0xac, 0xab, 0xff, 0xab, 0xac, 0xab, 0xff, 0xab, 0xac, 0xab, 0xff,
	0xab, 0xac, 0xab, 0xff, 0xab, 0xac, 0xab, 0xff, 0xab, 0xac, 0xab, 0xff, 0xab, 0xb3, 0xab, 0xff, 0xab, 0xb3, 0xab, 0xff, 0xab, 0xb3, 0xab, 0xff, 0xab, 0xb3, 0xab, 0xff, 0xab, 0xb3, 0xab, 0xff,
	0xba, 0xb3, 0xba, 0xff, 0xba, 0xb3, 0xba, 0xff, 0xba, 0xbb, 0xba, 0xff, 0xba, 0xbb, 0xba, 0xff, 0xba, 0xbb, 0xba, 0xff, 0xba, 0xbb, 0xba, 0xff, 0xba, 0xbb, 0xba, 0xff, 0xba, 0xbb, 0xba, 0xff,
	0xba, 0xbb, 0xba, 0xff, 0xba, 0xbb, 0xba, 0xff, 0xba, 0xc3, 0xba, 0xff, 0xba, 0xc3, 0xba, 0xff, 0xba, 0xc3, 0xba, 0xff, 0xba, 0xc3, 0xba, 0xff, 0xba, 0xc3, 0xba, 0xff, 0xca, 0xc3, 0xca, 0xff,
	0xca, 0xc3, 0xca, 0xff, 0xca, 0xc3, 0xca, 0xff, 0xca, 0xcb, 0xca, 0xff, 0xca, 0xcb, 0xca, 0xff, 0xca, 0xcb, 0xca, 0xff, 0xca, 0xcb, 0xca, 0xff, 0xca, 0xcb, 0xca, 0xff, 0xca, 0xcb, 0xca, 0xff,
	0xca, 0xcb, 0xca, 0xff, 0xca, 0xcb, 0xca, 0xff, 0xca, 0xd3, 0xca, 0xff, 0xca, 0xd3, 0xca, 0xff, 0xca, 0xd3, 0xca, 0xff, 0xca, 0xd3, 0xca, 0xff, 0xca, 0xd3, 0xca, 0xff, 0xca, 0xd3, 0xca, 0xff,
	0xdb, 0xd3, 0xdb, 0xff, 0xdb, 0xd3, 0xdb, 0xff, 0xdb, 0xdb, 0xdb, 0xff, 0xdb, 0xdb, 0xdb, 0xff, 0xdb, 0xdb, 0xdb, 0xff, 0xdb, 0xdb, 0xdb, 0xff, 0xdb, 0xdb, 0xdb, 0xff, 0xdb, 0xdb, 0xdb, 0xff,
	0xdb, 0xdb, 0xdb, 0xff, 0xdb, 0xdb, 0xdb, 0xff, 0xdb, 0xdb, 0xdb, 0xff, 0xdb, 0xe4, 0xdb, 0xff, 0xdb, 0xe4, 0xdb, 0xff, 0xdb, 0xe4, 0xdb, 0xff, 0xdb, 0xe4, 0xdb, 0xff, 0xdb, 0xe4, 0xdb, 0xff,
	0xdb, 0xe4, 0xdb, 0xff, 0xec, 0xe4, 0xec, 0xff, 0xec, 0xe4, 0xec, 0xff, 0xec, 0xe4, 0xec, 0xff, 0xec, 0xec, 0xec, 0xff, 0xec, 0xec, 0xec, 0xff, 0xec, 0xec, 0xec, 0xff, 0xec, 0xec, 0xec, 0xff,
	0xec, 0xec, 0xec, 0xff, 0xec, 0xec, 0xec, 0xff, 0xec, 0xec, 0xec, 0xff, 0xec, 0xec, 0xec, 0xff, 0xec, 0xf5, 0xec, 0xff, 0xec, 0xf5, 0xec, 0xff, 0xec, 0xf5, 0xec, 0xff, 0xec, 0xf5, 0xec, 0xff,
	0xec, 0xf5, 0xec, 0xff, 0xec, 0xf5, 0xec, 0xff, 0xec, 0xf5, 0xec, 0xff, 0xff, 0xf5, 0xff, 0xff, 0xff, 0xf5, 0xff, 0xff, 0xff, 0xff, 0xff, 0xff, 0xff, 0xff, 0xff, 0xff, 0xff, 0xff, 0xff, 0xff,
	0x00, 0x00, 0x00, 0xff, 0x00, 0x00, 0x00, 0xff, 0x01, 0x01, 0x01, 0xff, 0x02, 0x03, 0x02, 0xff, 0x03, 0x03, 0x03, 0xff, 0x03, 0x04, 0x03, 0xff, 0x05, 0x05, 0x05, 0xff, 0x05, 0x06, 0x05, 0xff,
	0x07, 0x07, 0x07, 0xff, 0x07, 0x08, 0x07, 0xff, 0x07, 0x08, 0x07, 0xff, 0x0a, 0x0a, 0x0a, 0xff, 0x0a, 0x0b, 0x0a, 0xff, 0x0a, 0x0b, 0x0a, 0xff, 0x0d, 0x0d, 0x0d, 0xff, 0x0d, 0x0f, 0x0d, 0xff,
	0x0d, 0x0f, 0x0d, 0xff, 0x11, 0x10, 0x11, 0xff, 0x11, 0x10, 0x11, 0xff, 0x11, 0x12, 0x11, 0xff, 0x11, 0x12, 0x11, 0xff, 0x15, 0x14, 0x15, 0xff, 0x15, 0x14, 0x15, 0xff, 0x15, 0x17, 0x15, 0xff,
	0x15, 0x17, 0x15, 0xff, 0x15, 0x17, 0x15, 0xff, 0x1a, 0x19, 0x1a, 0xff, 0x1a, 0x19, 0x1a, 0xff, 0x1a, 0x1b, 0x1a, 0xff, 0x1a, 0x1b, 0x1a, 0xff, 0x1a, 0x1b, 0x1a, 0xff, 0x1f, 0x1e, 0x1f, 0xff,
	0x1f, 0x1e, 0x1f, 0xff, 0x1f, 0x21, 0x1f, 0xff, 0x1f, 0x21, 0x1f, 0xff, 0x1f, 0x21, 0x1f, 0xff, 0x1f, 0x24, 0x1f, 0xff, 0x25, 0x24, 0x25, 0xff, 0x25, 0x24, 0x25, 0xff, 0x25, 0x27, 0x25, 0xff,
	0x25, 0x27, 0x25, 0xff, 0x25, 0x27, 0x25, 0xff, 0x25, 0x2a, 0x25, 0xff, 0x2b, 0x2a, 0x2b, 0xff, 0x2b, 0x2a, 0x2b, 0xff, 0x2b, 0x2a, 0x2b, 0xff, 0x2b, 0x2d, 0x2b, 0xff, 0x2b, 0x2d, 0x2b, 0xff,
	0x2b, 0x2d, 0x2b, 0xff, 0x2b, 0x31, 0x2b, 0xff, 0x32, 0x31, 0x32, 0xff, 0x32, 0x31, 0x32, 0xff, 0x32, 0x31, 0x32, 0xff, 0x32, 0x34, 0x32, 0xff, 0x32, 0x34, 0x32, 0xff, 0x32, 0x34, 0x32, 0xff,
	0x32, 0x38, 0x32, 0xff, 0x32, 0x38, 0x32, 0xff, 0x3a, 0x38, 0x3a, 0xff, 0x3a, 0x38, 0x3a, 0xff, 0x3a, 0x3c, 0x3a, 0xff, 0x3a, 0x3c, 0x3a, 0xff, 0x3a, 0x3c, 0x3a, 0xff, 0x3a, 0x3c, 0x3a, 0xff,
	0x3a, 0x40, 0x3a, 0xff, 0x3a, 0x40, 0x3a, 0xff, 0x42, 0x40, 0x42, 0xff, 0x42, 0x40, 0x42, 0xff, 0x42, 0x44, 0x42, 0xff, 0x42, 0x44, 0x42, 0xff, 0x42, 0x44, 0x42, 0xff, 0x42, 0x44, 0x42, 0xff,
	0x42, 0x44, 0x42, 0xff, 0x42, 0x48, 0x42, 0xff, 0x42, 0x48, 0x42, 0xff, 0x4b, 0x48, 0x4b, 0xff, 0x4b, 0x48, 0x4b, 0xff, 0x4b, 0x4d, 0x4b, 0xff, 0x4b, 0x4d, 0x4b, 0xff, 0x4b, 0x4d, 0x4b, 0xff,
	0x4b, 0x4d, 0x4b, 0xff, 0x4b, 0x4d, 0x4b, 0xff, 0x4b, 0x52, 0x4b, 0xff, 0x4b, 0x52, 0x4b, 0xff, 0x55, 0x52, 0x55, 0xff, 0x55, 0x52, 0x55, 0xff, 0x55, 0x52, 0x55, 0xff, 0x55, 0x57, 0x55, 0xff,
	0x55, 0x57, 0x55, 0xff, 0x55, 0x57, 0x55, 0xff, 0x55, 0x57, 0x55, 0xff, 0x55, 0x57, 0x55, 0xff, 0x55, 0x5c, 0x55, 0xff, 0x55, 0x5c, 0x55, 0xff, 0x5f, 0x5c, 0x5f, 0xff, 0x5f, 0x5c, 0x5f, 0xff,
	0x5f, 0x5c, 0x5f, 0xff, 0x5f, 0x61, 0x5f, 0xff, 0x5f, 0x61, 0x5f, 0xff, 0x5f, 0x61, 0x5f, 0xff, 0x5f, 0x61, 0x5f, 0xff, 0x5f, 0x61, 0x5f, 0xff, 0x5f, 0x66, 0x5f, 0xff, 0x5f, 0x66, 0x5f, 0xff,
	0x5f, 0x66, 0x5f, 0xff, 0x6a, 0x66, 0x6a, 0xff, 0x6a, 0x66, 0x6a, 0xff, 0x6a, 0x66, 0x6a, 0xff, 0x6a, 0x6b, 0x6a, 0xff, 0x6a, 0x6b, 0x6a, 0xff, 0x6a, 0x6b, 0x6a, 0xff, 0x6a, 0x6b, 0x6a, 0xff,
	0x6a, 0x6b, 0x6a, 0xff, 0x6a, 0x71, 0x6a, 0xff, 0x6a, 0x71, 0x6a, 0xff, 0x6a, 0x71, 0x6a, 0xff, 0x75, 0x71, 0x75, 0xff, 0x75, 0x71, 0x75, 0xff, 0x75, 0x71, 0x75, 0xff, 0x75, 0x77, 0x75, 0xff,
	0x75, 0x77, 0x75, 0xff, 0x75, 0x77, 0x75, 0xff, 0x75, 0x77, 0x75, 0xff, 0x75, 0x77, 0x75, 0xff, 0x75, 0x77, 0x75, 0xff, 0x75, 0x7d, 0x75, 0xff, 0x75, 0x7d, 0x75, 0xff, 0x75, 0x7d, 0x75, 0xff,
	0x75, 0x7d, 0x75, 0xff, 0x82, 0x7d, 0x82, 0xff, 0x82, 0x7d, 0x82, 0xff, 0x82, 0x83, 0x82, 0xff, 0x82, 0x83, 0x82, 0xff, 0x82, 0x83, 0x82, 0xff, 0x82, 0x83, 0x82, 0xff, 0x82, 0x83, 0x82, 0xff,
	0x82, 0x83, 0x82, 0xff, 0x82, 0x83, 0x82, 0xff, 0x82, 0x8a, 0x82, 0xff, 0x82, 0x8a, 0x82, 0xff, 0x82, 0x8a, 0x82, 0xff, 0x8f, 0x8a, 0x8f, 0xff, 0x8f, 0x8a, 0x8f, 0xff, 0x8f, 0x8a, 0x8f, 0xff,
	0x8f, 0x90, 0x8f, 0xff, 0x8f, 0x90, 0x8f, 0xff, 0x8f, 0x90, 0x8f, 0xff, 0x8f, 0x90, 0x8f, 0xff, 0x8f, 0x90, 0x8f, 0xff, 0x8f, 0x90, 0x8f, 0xff, 0x8f, 0x90, 0x8f, 0xff, 0x8f, 0x97, 0x8f, 0xff,
	0x8f, 0x97, 0x8f, 0xff, 0x8f, 0x97, 0x8f, 0xff, 0x8f, 0x97, 0x8f, 0xff, 0x9c, 0x97, 0x9c, 0xff, 0x9c, 0x97, 0x9c, 0xff, 0x9c, 0x97, 0x9c, 0xff, 0x9c, 0x9e, 0x9c, 0xff, 0x9c, 0x9e, 0x9c, 0xff,
	0x9c, 0x9e, 0x9c, 0xff, 0x9c, 0x9e, 0x9c, 0xff, 0x9c, 0x9e, 0x9c, 0xff, 0x9c, 0x9e, 0x9c, 0xff, 0x9c, 0x9e, 0x9c, 0xff, 0x9c, 0xa5, 0x9c, 0xff, 0x9c, 0xa5, 0x9c, 0xff, 0x9c, 0xa5, 0x9c, 0xff,
	0x9c, 0xa5, 0x9c, 0xff, 0xab, 0xa5, 0xab, 0xff, 0xab, 0xa5, 0xab, 0xff, 0xab, 0xa5, 0xab, 0xff, 0xab, 0xac, 0xab, 0xff, 0xab, 0xac, 0xab, 0xff, 0xab, 0xac, 0xab, 0xff, 0xab, 0xac, 0xab, 0xff,
	0xab, 0xac, 0xab, 0xff, 0xab, 0xac, 0xab, 0xff, 0xab, 0xac, 0xab, 0xff, 0xab, 0xb3, 0xab, 0xff, 0xab, 0xb3, 0xab, 0xff, 0xab, 0xb3, 0xab, 0xff, 0xab, 0xb3, 0xab, 0xff, 0xab, 0xb3, 0xab, 0xff,
	0xab, 0xb3, 0xab, 0xff, 0xba, 0xb3, 0xba, 0xff, 0xba, 0xb3, 0xba, 0xff, 0xba, 0xbb, 0xba, 0xff, 0xba, 0xbb, 0xba, 0xff, 0xba, 0xbb, 0xba, 0xff, 0xba, 0xbb, 0xba, 0xff, 0xba, 0xbb, 0xba, 0xff,
	0xba, 0xbb, 0xba, 0xff, 0xba, 0xbb, 0xba, 0xff, 0xba, 0xbb, 0xba, 0xff, 0xba, 0xc3, 0xba, 0xff, 0xba, 0xc3, 0xba, 0xff, 0xba, 0xc3, 0xba, 0xff, 0xba, 0xc3, 0xba, 0xff, 0xba, 0xc3, 0xba, 0xff,
	0xca, 0xc3, 0xca, 0xff, 0xca, 0xc3, 0xca, 0xff, 0xca, 0xcb, 0xca, 0xff, 0xca, 0xcb, 0xca, 0xff, 0xca, 0xcb, 0xca, 0xff, 0xca, 0xcb, 0xca, 0xff, 0xca, 0xcb, 0xca, 0xff, 0xca, 0xcb, 0xca, 0xff,
	0xca, 0xcb, 0xca, 0xff, 0xca, 0xcb, 0xca, 0xff, 0xca, 0xcb, 0xca, 0xff, 0xca, 0xd3, 0xca, 0xff, 0xca, 0xd3, 0xca, 0xff, 0xca, 0xd3, 0xca, 0xff, 0xca, 0xd3, 0xca, 0xff, 0xca, 0xd3, 0xca, 0xff,
	0xca, 0xd3, 0xca, 0xff, 0xdb, 0xd3, 0xdb, 0xff, 0xdb, 0xd3, 0xdb, 0xff, 0xdb, 0xdb, 0xdb, 0xff, 0xdb, 0xdb, 0xdb, 0xff, 0xdb, 0xdb, 0xdb, 0xff, 0xdb, 0xdb, 0xdb, 0xff, 0xdb, 0xdb, 0xdb, 0xff,
	0xdb, 0xdb, 0xdb, 0xff, 0xdb, 0xdb, 0xdb, 0xff, 0xdb, 0xdb, 0xdb, 0xff, 0xdb, 0xe4, 0xdb, 0xff, 0xdb, 0xe4, 0xdb, 0xff, 0xdb, 0xe4, 0xdb, 0xff, 0xdb, 0xe4, 0xdb, 0xff, 0xdb, 0xe4, 0xdb, 0xff,
	0xdb, 0xe4, 0xdb, 0xff, 0xdb, 0xe4, 0xdb, 0xff, 0xec, 0xe4, 0xec, 0xff, 0xec, 0xe4, 0xec, 0xff, 0xec, 0xec, 0xec, 0xff, 0xec, 0xec, 0xec, 0xff, 0xec, 0xec, 0xec, 0xff, 0xec, 0xec, 0xec, 0xff,
	0xec, 0xec, 0xec, 0xff, 0xec, 0xec, 0xec, 0xff, 0xec, 0xec, 0xec, 0xff, 0xec, 0xec, 0xec, 0xff, 0xec, 0xec, 0xec, 0xff, 0xec, 0xf5, 0xec, 0xff, 0xec, 0xf5, 0xec, 0xff, 0xec, 0xf5, 0xec, 0xff,
	0xec, 0xf5, 0xec, 0xff, 0xec, 0xf5, 0xec, 0xff, 0xec, 0xf5, 0xec, 0xff, 0xec, 0xf5, 0xec, 0xff, 0xec, 0xf5, 0xec, 0xff, 0xff, 0xf5, 0xff, 0xff, 0xff, 0xff, 0xff, 0xff, 0xff, 0xff, 0xff, 0xff,
	0x00, 0x00, 0x00, 0xff, 0x00, 0x00, 0x00, 0xff, 0x01, 0x01, 0x01, 0xff, 0x02, 0x03, 0x02, 0xff, 0x03, 0x03, 0x03, 0xff, 0x03, 0x04, 0x03, 0xff, 0x05, 0x05, 0x05, 0xff, 0x05, 0x06, 0x05, 0xff,
	0x07, 0x07, 0x07, 0xff, 0x07, 0x08, 0x07, 0xff, 0x07, 0x08, 0x07, 0xff, 0x0a, 0x0a, 0x0a, 0xff, 0x0a, 0x0b, 0x0a, 0xff, 0x0a, 0x0b, 0x0a, 0xff, 0x0d, 0x0d, 0x0d, 0xff, 0x0d, 0x0f, 0x0d, 0xff,
	0x0d, 0x0f, 0x0d, 0xff, 0x0d, 0x10, 0x0d, 0xff, 0x11, 0x10, 0x11, 0xff, 0x11, 0x12, 0x11, 0xff, 0x11, 0x12, 0x11, 0xff, 0x11, 0x14, 0x11, 0xff, 0x15, 0x14, 0x15, 0xff, 0x15, 0x17, 0x15, 0xff,
	0x15, 0x17, 0x15, 0xff, 0x15, 0x17, 0x15, 0xff, 0x1a, 0x19, 0x1a, 0xff, 0x1a, 0x19, 0x1a, 0xff, 0x1a, 0x1b, 0x1a, 0xff, 0x1a, 0x1b, 0x1a, 0xff, 0x1a, 0x1b, 0x1a, 0xff, 0x1a, 0x1e, 0x1a, 0xff,
	0x1f, 0x1e, 0x1f, 0xff, 0x1f, 0x1e, 0x1f, 0xff, 0x1f, 0x21, 0x1f, 0xff, 0x1f, 0x21, 0x1f, 0xff, 0x1f, 0x24, 0x1f, 0xff, 0x25, 0x24, 0x25, 0xff, 0x25, 0x24, 0x25, 0xff, 0x25, 0x27, 0x25, 0xff,
	0x25, 0x27, 0x25, 0xff, 0x25, 0x27, 0x25, 0xff, 0x25, 0x27, 0x25, 0xff, 0x25, 0x2a, 0x25, 0xff, 0x2b, 0x2a, 0x2b, 0xff, 0x2b, 0x2a, 0x2b, 0xff, 0x2b, 0x2d, 0x2b, 0xff, 0x2b, 0x2d, 0x2b, 0xff,
	0x2b, 0x2d, 0x2b, 0xff, 0x2b, 0x31, 0x2b, 0xff, 0x2b, 0x31, 0x2b, 0xff, 0x32, 0x31, 0x32, 0xff, 0x32, 0x31, 0x32, 0xff, 0x32, 0x34, 0x32, 0xff, 0x32, 0x34, 0x32, 0xff, 0x32, 0x34, 0x32, 0xff,
	0x32, 0x34, 0x32, 0xff, 0x32, 0x38, 0x32, 0xff, 0x3a, 0x38, 0x3a, 0xff, 0x3a, 0x38, 0x3a, 0xff, 0x3a, 0x3c, 0x3a, 0xff, 0x3a, 0x3c, 0x3a, 0xff, 0x3a, 0x3c, 0x3a, 0xff, 0x3a, 0x3c, 0x3a, 0xff,
	0x3a, 0x3c, 0x3a, 0xff, 0x3a, 0x40, 0x3a, 0xff, 0x42, 0x40, 0x42, 0xff, 0x42, 0x40, 0x42, 0xff, 0x42, 0x40, 0x42, 0xff, 0x42, 0x44, 0x42, 0xff, 0x42, 0x44, 0x42, 0xff, 0x42, 0x44, 0x42, 0xff,
	0x42, 0x44, 0x42, 0xff, 0x42, 0x48, 0x42, 0xff, 0x42, 0x48, 0x42, 0xff, 0x4b, 0x48, 0x4b, 0xff, 0x4b, 0x48, 0x4b, 0xff, 0x4b, 0x48, 0x4b, 0xff, 0x4b, 0x4d, 0x4b, 0xff, 0x4b, 0x4d, 0x4b, 0xff,
	0x4b, 0x4d, 0x4b, 0xff, 0x4b, 0x4d, 0x4b, 0xff, 0x4b, 0x52, 0x4b, 0xff, 0x4b, 0x52, 0x4b, 0xff, 0x4b, 0x52, 0x4b, 0xff, 0x55, 0x52, 0x55, 0xff, 0x55, 0x52, 0x55, 0xff, 0x55, 0x57, 0x55, 0xff,
	0x55, 0x57, 0x55, 0xff, 0x55, 0x57, 0x55, 0xff, 0x55, 0x57, 0x55, 0xff, 0x55, 0x57, 0x55, 0xff, 0x55, 0x5c, 0x55, 0xff, 0x55, 0x5c, 0x55, 0xff, 0x55, 0x5c, 0x55, 0xff, 0x5f, 0x5c, 0x5f, 0xff,
	0x5f, 0x5c, 0x5f, 0xff, 0x5f, 0x61, 0x5f, 0xff, 0x5f, 0x61, 0x5f, 0xff, 0x5f, 0x61, 0x5f, 0xff, 0x5f, 0x61, 0x5f, 0xff, 0x5f, 0x61, 0x5f, 0xff, 0x5f, 0x66, 0x5f, 0xff, 0x5f, 0x66, 0x5f, 0xff,
	0x5f, 0x66, 0x5f, 0xff, 0x5f, 0x66, 0x5f, 0xff, 0x6a, 0x66, 0x6a, 0xff, 0x6a, 0x66, 0x6a, 0xff, 0x6a, 0x6b, 0x6a, 0xff, 0x6a, 0x6b, 0x6a, 0xff, 0x6a, 0x6b, 0x6a, 0xff, 0x6a, 0x6b, 0x6a, 0xff,
	0x6a, 0x6b, 0x6a, 0xff, 0x6a, 0x6b, 0x6a, 0xff, 0x6a, 0x71, 0x6a, 0xff, 0x6a, 0x71, 0x6a, 0xff, 0x6a, 0x71, 0x6a, 0xff, 0x75, 0x71, 0x75, 0xff, 0x75, 0x71, 0x75, 0xff, 0x75, 0x77, 0x75, 0xff,
	0x75, 0x77, 0x75, 0xff, 0x75, 0x77, 0x75, 0xff, 0x75, 0x77, 0x75, 0xff, 0x75, 0x77, 0x75, 0xff, 0x75, 0x77, 0x75, 0xff, 0x75, 0x7d, 0x75, 0xff, 0x75, 0x7d, 0x75, 0xff, 0x75, 0x7d, 0x75, 0xff,
	0x75, 0x7d, 0x75, 0xff, 0x82, 0x7d, 0x82, 0xff, 0x82, 0x7d, 0x82, 0xff, 0x82, 0x7d, 0x82, 0xff, 0x82, 0x83, 0x82, 0xff, 0x82, 0x83, 0x82, 0xff, 0x82, 0x83, 0x82, 0xff, 0x82, 0x83, 0x82, 0xff,
	0x82, 0x83, 0x82, 0xff, 0x82, 0x83, 0x82, 0xff, 0x82, 0x8a, 0x82, 0xff, 0x82, 0x8a, 0x82, 0xff, 0x82, 0x8a, 0x82, 0xff, 0x82, 0x8a, 0x82, 0xff, 0x8f, 0x8a, 0x8f, 0xff, 0x8f, 0x8a, 0x8f, 0xff,
	0x8f, 0x90, 0x8f, 0xff, 0x8f, 0x90, 0x8f, 0xff, 0x8f, 0x90, 0x8f, 0xff, 0x8f, 0x90, 0x8f, 0xff, 0x8f, 0x90, 0x8f, 0xff, 0x8f, 0x90, 0x8f, 0xff, 0x8f, 0x90, 0x8f, 0xff, 0x8f, 0x97, 0x8f, 0xff,
	0x8f, 0x97, 0x8f, 0xff, 0x8f, 0x97, 0x8f, 0xff, 0x8f, 0x97, 0x8f, 0xff, 0x8f, 0x97, 0x8f, 0xff, 0x9c, 0x97, 0x9c, 0xff, 0x9c, 0x97, 0x9c, 0xff, 0x9c, 0x9e, 0x9c, 0xff, 0x9c, 0x9e, 0x9c, 0xff,
	0x9c, 0x9e, 0x9c, 0xff, 0x9c, 0x9e, 0x9c, 0xff, 0x9c, 0x9e, 0x9c, 0xff, 0x9c, 0x9e, 0x9c, 0xff, 0x9c, 0x9e, 0x9c, 0xff, 0x9c, 0xa5, 0x9c, 0xff, 0x9c, 0xa5, 0x9c, 0xff, 0x9c, 0xa5, 0x9c, 0xff,
	0x9c, 0xa5, 0x9c, 0xff, 0x9c, 0xa5, 0x9c, 0xff, 0xab, 0xa5, 0xab, 0xff, 0xab, 0xa5, 0xab, 0xff, 0xab, 0xac, 0xab, 0xff, 0xab, 0xac, 0xab, 0xff, 0xab, 0xac, 0xab, 0xff, 0xab, 0xac, 0xab, 0xff,
	0xab, 0xac, 0xab, 0xff, 0xab, 0xac, 0xab, 0xff, 0xab, 0xac, 0xab, 0xff, 0xab, 0xac, 0xab, 0xff, 0xab, 0xb3, 0xab, 0xff, 0xab, 0xb3, 0xab, 0xff, 0xab, 0xb3, 0xab, 0xff, 0xab, 0xb3, 0xab, 0xff,
	0xab, 0xb3, 0xab, 0xff, 0xba, 0xb3, 0xba, 0xff, 0xba, 0xb3, 0xba, 0xff, 0xba, 0xbb, 0xba, 0xff, 0xba, 0xbb, 0xba, 0xff, 0xba, 0xbb, 0xba, 0xff, 0xba, 0xbb, 0xba, 0xff, 0xba, 0xbb, 0xba, 0xff,
	0xba, 0xbb, 0xba, 0xff, 0xba, 0xbb, 0xba, 0xff, 0xba, 0xbb, 0xba, 0xff, 0xba, 0xc3, 0xba, 0xff, 0xba, 0xc3, 0xba, 0xff, 0xba, 0xc3, 0xba, 0xff, 0xba, 0xc3, 0xba, 0xff, 0xba, 0xc3, 0xba, 0xff,
	0xba, 0xc3, 0xba, 0xff, 0xca, 0xc3, 0xca, 0xff, 0xca, 0xc3, 0xca, 0xff, 0xca, 0xcb, 0xca, 0xff, 0xca, 0xcb, 0xca, 0xff, 0xca, 0xcb, 0xca, 0xff, 0xca, 0xcb, 0xca, 0xff, 0xca, 0xcb, 0xca, 0xff,
	0xca, 0xcb, 0xca, 0xff, 0xca, 0xcb, 0xca, 0xff, 0xca, 0xcb, 0xca, 0xff, 0xca, 0xd3, 0xca, 0xff, 0xca, 0xd3, 0xca, 0xff, 0xca, 0xd3, 0xca, 0xff, 0xca, 0xd3, 0xca, 0xff, 0xca, 0xd3, 0xca, 0xff,
	0xca, 0xd3, 0xca, 0xff, 0xca, 0xd3, 0xca, 0xff, 0xdb, 0xd3, 0xdb, 0xff, 0xdb, 0xdb, 0xdb, 0xff, 0xdb, 0xdb, 0xdb, 0xff, 0xdb, 0xdb, 0xdb, 0xff, 0xdb, 0xdb, 0xdb, 0xff, 0xdb, 0xdb, 0xdb, 0xff,
	0xdb, 0xdb, 0xdb, 0xff, 0xdb, 0xdb, 0xdb, 0xff, 0xdb, 0xdb, 0xdb, 0xff, 0xdb, 0xdb, 0xdb, 0xff, 0xdb, 0xe4, 0xdb, 0xff, 0xdb, 0xe4, 0xdb, 0xff, 0xdb, 0xe4, 0xdb, 0xff, 0xdb, 0xe4, 0xdb, 0xff,
	0xdb, 0xe4, 0xdb, 0xff, 0xdb, 0xe4, 0xdb, 0xff, 0xdb, 0xe4, 0xdb, 0xff, 0xec, 0xe4, 0xec, 0xff, 0xec, 0xe4, 0xec, 0xff, 0xec, 0xec, 0xec, 0xff, 0xec, 0xec, 0xec, 0xff, 0xec, 0xec, 0xec, 0xff,
	0xec, 0xec, 0xec, 0xff, 0xec, 0xec, 0xec, 0xff, 0xec, 0xec, 0xec, 0xff, 0xec, 0xec, 0xec, 0xff, 0xec, 0xec, 0xec, 0xff, 0xec, 0xec, 0xec, 0xff, 0xec, 0xf5, 0xec, 0xff, 0xec, 0xf5, 0xec, 0xff,
	0xec, 0xf5, 0xec, 0xff, 0xec, 0xf5, 0xec, 0xff, 0xec, 0xf5, 0xec, 0xff, 0xec, 0xf5, 0xec, 0xff, 0xec, 0xf5, 0xec, 0xff, 0xec, 0xf5, 0xec, 0xff, 0xff, 0xf5, 0xff, 0xff, 0xff, 0xff, 0xff, 0xff,
	0x00, 0x00, 0x00, 0xff, 0x00, 0x00, 0x00, 0xff, 0x01, 0x01, 0x01, 0xff, 0x02, 0x02, 0x02, 0xff, 0x03, 0x03, 0x03, 0xff, 0x03, 0x04, 0x03, 0xff, 0x05, 0x05, 0x05, 0xff, 0x05, 0x06, 0x05, 0xff,
	0x07, 0x07, 0x07, 0xff, 0x07, 0x08, 0x07, 0xff, 0x07, 0x08, 0x07, 0xff, 0x0a, 0x0a, 0x0a, 0xff, 0x0a, 0x0b, 0x0a, 0xff, 0x0a, 0x0b, 0x0a, 0xff, 0x0d, 0x0d, 0x0d, 0xff, 0x0d, 0x0d, 0x0d, 0xff,
	0x0d, 0x0f, 0x0d, 0xff, 0x0d, 0x10, 0x0d, 0xff, 0x11, 0x10, 0x11, 0xff, 0x11, 0x12, 0x11, 0xff, 0x11, 0x12, 0x11, 0xff, 0x11, 0x14, 0x11, 0xff, 0x15, 0x14, 0x15, 0xff, 0x15, 0x14, 0x15, 0xff,
	0x15, 0x17, 0x15, 0xff, 0x15, 0x17, 0x15, 0xff, 0x15, 0x19, 0x15, 0xff, 0x1a, 0x19, 0x1a, 0xff, 0x1a, 0x1b, 0x1a, 0xff, 0x1a, 0x1b, 0x1a, 0xff, 0x1a, 0x1b, 0x1a, 0xff, 0x1a, 0x1e, 0x1a, 0xff,
	0x1f, 0x1e, 0x1f, 0xff, 0x1f, 0x1e, 0x1f, 0xff, 0x1f, 0x21, 0x1f, 0xff, 0x1f, 0x21, 0x1f, 0xff, 0x1f, 0x21, 0x1f, 0xff, 0x1f, 0x24, 0x1f, 0xff, 0x25, 0x24, 0x25, 0xff, 0x25, 0x24, 0x25, 0xff,
	0x25, 0x27, 0x25, 0xff, 0x25, 0x27, 0x25, 0xff, 0x25, 0x27, 0x25, 0xff, 0x25, 0x2a, 0x25, 0xff, 0x2b, 0x2a, 0x2b, 0xff, 0x2b, 0x2a, 0x2b, 0xff, 0x2b, 0x2d, 0x2b, 0xff, 0x2b, 0x2d, 0x2b, 0xff,
	0x2b, 0x2d, 0x2b, 0xff, 0x2b, 0x2d, 0x2b, 0xff, 0x2b, 0x31, 0x2b, 0xff, 0x32, 0x31, 0x32, 0xff, 0x32, 0x31, 0x32, 0xff, 0x32, 0x34, 0x32, 0xff, 0x32, 0x34, 0x32, 0xff, 0x32, 0x34, 0x32, 0xff,
	0x32, 0x34, 0x32, 0xff, 0x32, 0x38, 0x32, 0xff, 0x32, 0x38, 0x32, 0xff, 0x3a, 0x38, 0x3a, 0xff, 0x3a, 0x38, 0x3a, 0xff, 0x3a, 0x3c, 0x3a, 0xff, 0x3a, 0x3c, 0x3a, 0xff, 0x3a, 0x3c, 0x3a, 0xff,
	0x3a, 0x3c, 0x3a, 0xff, 0x3a, 0x40, 0x3a, 0xff, 0x3a, 0x40, 0x3a, 0xff, 0x42, 0x40, 0x42, 0xff, 0x42, 0x40, 0x42, 0xff, 0x42, 0x44, 0x42, 0xff, 0x42, 0x44, 0x42, 0xff, 0x42, 0x44, 0x42, 0xff,
	0x42, 0x44, 0x42, 0xff, 0x42, 0x48, 0x42, 0xff, 0x42, 0x48, 0x42, 0xff, 0x42, 0x48, 0x42, 0xff, 0x4b, 0x48, 0x4b, 0xff, 0x4b, 0x48, 0x4b, 0xff, 0x4b, 0x4d, 0x4b, 0xff, 0x4b, 0x4d, 0x4b, 0xff,
	0x4b, 0x4d, 0x4b, 0xff, 0x4b, 0x4d, 0x4b, 0xff, 0x4b, 0x4d, 0x4b, 0xff, 0x4b, 0x52, 0x4b, 0xff, 0x4b, 0x52, 0x4b, 0xff, 0x55, 0x52, 0x55, 0xff, 0x55, 0x52, 0x55, 0xff, 0x55, 0x57, 0x55, 0xff,
	0x55, 0x57, 0x55, 0xff, 0x55, 0x57, 0x55, 0xff, 0x55, 0x57, 0x55, 0xff, 0x55, 0x57, 0x55, 0xff, 0x55, 0x5c, 0x55, 0xff, 0x55, 0x5c, 0x55, 0xff, 0x55, 0x5c, 0x55, 0xff, 0x5f, 0x5c, 0x5f, 0xff,
	0x5f, 0x5c, 0x5f, 0xff, 0x5f, 0x61, 0x5f, 0xff, 0x5f, 0x61, 0x5f, 0xff, 0x5f, 0x61, 0x5f, 0xff, 0x5f, 0x61, 0x5f, 0xff, 0x5f, 0x61, 0x5f, 0xff, 0x5f, 0x61, 0x5f, 0xff, 0x5f, 0x66, 0x5f, 0xff,
	0x5f, 0x66, 0x5f, 0xff, 0x5f, 0x66, 0x5f, 0xff, 0x6a, 0x66, 0x6a, 0xff, 0x6a, 0x66, 0x6a, 0xff, 0x6a, 0x6b, 0x6a, 0xff, 0x6a, 0x6b, 0x6a, 0xff, 0x6a, 0x6b, 0x6a, 0xff, 0x6a, 0x6b, 0x6a, 0xff,
	0x6a, 0x6b, 0x6a, 0xff, 0x6a, 0x6b, 0x6a, 0xff, 0x6a, 0x71, 0x6a, 0xff, 0x6a, 0x71, 0x6a, 0xff, 0x6a, 0x71, 0x6a, 0xff, 0x6a, 0x71, 0x6a, 0xff, 0x75, 0x71, 0x75, 0xff, 0x75, 0x71, 0x75, 0xff,
	0x75, 0x77, 0x75, 0xff, 0x75, 0x77, 0x75, 0xff, 0x75, 0x77, 0x75, 0xff, 0x75, 0x77, 0x75, 0xff, 0x75, 0x77, 0x75, 0xff, 0x75, 0x77, 0x75, 0xff, 0x75, 0x7d, 0x75, 0xff, 0x75, 0x7d, 0x75, 0xff,
	0x75, 0x7d, 0x75, 0xff, 0x75, 0x7d, 0x75, 0xff, 0x82, 0x7d, 0x82, 0xff, 0x82, 0x7d, 0x82, 0xff, 0x82, 0x83, 0x82, 0xff, 0x82, 0x83, 0x82, 0xff, 0x82, 0x83, 0x82, 0xff, 0x82, 0x83, 0x82, 0xff,
	0x82, 0x83, 0x82, 0xff, 0x82, 0x83, 0x82, 0xff, 0x82, 0x8a, 0x82, 0xff, 0x82, 0x8a, 0x82, 0xff, 0x82, 0x8a, 0x82, 0xff, 0x82, 0x8a, 0x82, 0xff, 0x82, 0x8a, 0x82, 0xff, 0x8f, 0x8a, 0x8f, 0xff,
	0x8f, 0x8a, 0x8f, 0xff, 0x8f, 0x90, 0x8f, 0xff, 0x8f, 0x90, 0x8f, 0xff, 0x8f, 0x90, 0x8f, 0xff, 0x8f, 0x90, 0x8f, 0xff, 0x8f, 0x90, 0x8f, 0xff, 0x8f, 0x90, 0x8f, 0xff, 0x8f, 0x90, 0x8f, 0xff,
	0x8f, 0x97, 0x8f, 0xff, 0x8f, 0x97, 0x8f, 0xff, 0x8f, 0x97, 0x8f, 0xff, 0x8f, 0x97, 0x8f, 0xff, 0x8f, 0x97, 0x8f, 0xff, 0x9c, 0x97, 0x9c, 0xff, 0x9c, 0x9e, 0x9c, 0xff, 0x9c, 0x9e, 0x9c, 0xff,
	0x9c, 0x9e, 0x9c, 0xff, 0x9c, 0x9e, 0x9c, 0xff, 0x9c, 0x9e, 0x9c, 0xff, 0x9c, 0x9e, 0x9c, 0xff, 0x9c, 0x9e, 0x9c, 0xff, 0x9c, 0xa5, 0x9c, 0xff, 0x9c, 0xa5, 0x9c, 0xff, 0x9c, 0xa5, 0x9c, 0xff,
	0x9c, 0xa5, 0x9c, 0xff, 0x9c, 0xa5, 0x9c, 0xff, 0x9c, 0xa5, 0x9c, 0xff, 0xab, 0xa5, 0xab, 0xff, 0xab, 0xa5, 0xab, 0xff, 0xab, 0xac, 0xab, 0xff, 0xab, 0xac, 0xab, 0xff, 0xab, 0xac, 0xab, 0xff,
	0xab, 0xac, 0xab, 0xff, 0xab, 0xac, 0xab, 0xff, 0xab, 0xac, 0xab, 0xff, 0xab, 0xac, 0xab, 0xff, 0xab, 0xb3, 0xab, 0xff, 0xab, 0xb3, 0xab, 0xff, 0xab, 0xb3, 0xab, 0xff, 0xab, 0xb3, 0xab, 0xff,
	0xab, 0xb3, 0xab, 0xff, 0xab, 0xb3, 0xab, 0xff, 0xba, 0xb3, 0xba, 0xff, 0xba, 0xb3, 0xba, 0xff, 0xba, 0xbb, 0xba, 0xff, 0xba, 0xbb, 0xba, 0xff, 0xba, 0xbb, 0xba, 0xff, 0xba, 0xbb, 0xba, 0xff,
	0xba, 0xbb, 0xba, 0xff, 0xba, 0xbb, 0xba, 0xff, 0xba, 0xbb, 0xba, 0xff, 0xba, 0xbb, 0xba, 0xff, 0xba, 0xc3, 0xba, 0xff, 0xba, 0xc3, 0xba, 0xff, 0xba, 0xc3, 0xba, 0xff, 0xba, 0xc3, 0xba, 0xff,
	0xba, 0xc3, 0xba, 0xff, 0xba, 0xc3, 0xba, 0xff, 0xca, 0xc3, 0xca, 0xff, 0xca, 0xcb, 0xca, 0xff, 0xca, 0xcb, 0xca, 0xff, 0xca, 0xcb, 0xca, 0xff, 0xca, 0xcb, 0xca, 0xff, 0xca, 0xcb, 0xca, 0xff,
	0xca, 0xcb, 0xca, 0xff, 0xca, 0xcb, 0xca, 0xff, 0xca, 0xcb, 0xca, 0xff, 0xca, 0xcb, 0xca, 0xff, 0xca, 0xd3, 0xca, 0xff, 0xca, 0xd3, 0xca, 0xff, 0xca, 0xd3, 0xca, 0xff, 0xca, 0xd3, 0xca, 0xff,
	0xca, 0xd3, 0xca, 0xff, 0xca, 0xd3, 0xca, 0xff, 0xca, 0xd3, 0xca, 0xff, 0xdb, 0xd3, 0xdb, 0xff, 0xdb, 0xdb, 0xdb, 0xff, 0xdb, 0xdb, 0xdb, 0xff, 0xdb, 0xdb, 0xdb, 0xff, 0xdb, 0xdb, 0xdb, 0xff,
	0xdb, 0xdb, 0xdb, 0xff, 0xdb, 0xdb, 0xdb, 0xff, 0xdb, 0xdb, 0xdb, 0xff, 0xdb, 0xdb, 0xdb, 0xff, 0xdb, 0xe4, 0xdb, 0xff, 0xdb, 0xe4, 0xdb, 0xff, 0xdb, 0xe4, 0xdb, 0xff, 0xdb, 0xe4, 0xdb, 0xff,
	0xdb, 0xe4, 0xdb, 0xff, 0xdb, 0xe4, 0xdb, 0xff, 0xdb, 0xe4, 0xdb, 0xff, 0xdb, 0xe4, 0xdb, 0xff, 0xdb, 0xe4, 0xdb, 0xff, 0xec, 0xec, 0xec, 0xff, 0xec, 0xec, 0xec, 0xff, 0xec, 0xec, 0xec, 0xff,
	0xec, 0xec, 0xec, 0xff, 0xec, 0xec, 0xec, 0xff, 0xec, 0xec, 0xec, 0xff, 0xec, 0xec, 0xec, 0xff, 0xec, 0xec, 0xec, 0xff, 0xec, 0xec, 0xec, 0xff, 0xec, 0xf5, 0xec, 0xff, 0xec, 0xf5, 0xec, 0xff,
	0xec, 0xf5, 0xec, 0xff, 0xec, 0xf5, 0xec, 0xff, 0xec, 0xf5, 0xec, 0xff, 0xec, 0xf5, 0xec, 0xff, 0xec, 0xf5, 0xec, 0xff, 0xec, 0xf5, 0xec, 0xff, 0xec, 0xf5, 0xec, 0xff, 0xff, 0xff, 0xff, 0xff,
]);

const RGB343_TEXTURE_LUT = new Uint8Array([
	0x00, 0x00, 0x00, 0xff, 0x04, 0x01, 0x04, 0xff, 0x04, 0x04, 0x04, 0xff, 0x04, 0x04, 0x04, 0xff, 0x04, 0x04, 0x04, 0xff, 0x10, 0x08, 0x10, 0xff, 0x10, 0x08, 0x10, 0xff, 0x10, 0x08, 0x10, 0xff,
	0x10, 0x08, 0x10, 0xff, 0x10, 0x0e, 0x10, 0xff, 0x10, 0x0e, 0x10, 0xff, 0x10, 0x0e, 0x10, 0xff, 0x10, 0x0e, 0x10, 0xff, 0x10, 0x0e, 0x10, 0xff, 0x10, 0x0e, 0x10, 0xff, 0x10, 0x17, 0x10, 0xff,
	0x10, 0x17, 0x10, 0xff, 0x10, 0x17, 0x10, 0xff, 0x27, 0x17, 0x27, 0xff, 0x27, 0x17, 0x27, 0xff, 0x27, 0x17, 0x27, 0xff, 0x27, 0x17, 0x27, 0xff, 0x27, 0x17, 0x27, 0xff, 0x27, 0x17, 0x27, 0xff,
	0x27, 0x21, 0x27, 0xff, 0x27, 0x21, 0x27, 0xff, 0x27, 0x21, 0x27, 0xff, 0x27, 0x21, 0x27, 0xff, 0x27, 0x21, 0x27, 0xff, 0x27, 0x21, 0x27, 0xff, 0x27, 0x21, 0x27, 0xff, 0x27, 0x21, 0x27, 0xff,
	0x27, 0x21, 0x27, 0xff, 0x27, 0x21, 0x27, 0xff, 0x27, 0x21, 0x27, 0xff, 0x27, 0x2f, 0x27, 0xff, 0x27, 0x2f, 0x27, 0xff, 0x27, 0x2f, 0x27, 0xff, 0x27, 0x2f, 0x27, 0xff, 0x27, 0x2f, 0x27, 0xff,
	0x27, 0x2f, 0x27, 0xff, 0x48, 0x2f, 0x48, 0xff, 0x48, 0x2f, 0x48, 0xff, 0x48, 0x2f, 0x48, 0xff, 0x48, 0x2f, 0x48, 0xff, 0x48, 0x2f, 0x48, 0xff, 0x48, 0x2f, 0x48, 0xff, 0x48, 0x2f, 0x48, 0xff,
	0x48, 0x3e, 0x48, 0xff, 0x48, 0x3e, 0x48, 0xff, 0x48, 0x3e, 0x48, 0xff, 0x48, 0x3e, 0x48, 0xff, 0x48, 0x3e, 0x48, 0xff, 0x48, 0x3e, 0x48, 0xff, 0x48, 0x3e, 0x48, 0xff, 0x48, 0x3e, 0x48, 0xff,
	0x48, 0x3e, 0x48, 0xff, 0x48, 0x3e, 0x48, 0xff, 0x48, 0x3e, 0x48, 0xff, 0x48, 0x3e, 0x48, 0xff, 0x48, 0x3e, 0x48, 0xff, 0x48, 0x3e, 0x48, 0xff, 0x48, 0x3e, 0x48, 0xff, 0x48, 0x3e, 0x48, 0xff,
	0x48, 0x51, 0x48, 0xff, 0x48, 0x51, 0x48, 0xff, 0x48, 0x51, 0x48, 0xff, 0x48, 0x51, 0x48, 0xff, 0x48, 0x51, 0x48, 0xff, 0x48, 0x51, 0x48, 0xff, 0x48, 0x51, 0x48, 0xff, 0x48, 0x51, 0x48, 0xff,
	0x48, 0x51, 0x48, 0xff, 0x48, 0x51, 0x48, 0xff, 0x48, 0x51, 0x48, 0xff, 0x77, 0x51, 0x77, 0xff, 0x77, 0x51, 0x77, 0xff, 0x77, 0x51, 0x77, 0xff, 0x77, 0x51, 0x77, 0xff, 0x77, 0x51, 0x77, 0xff,
	0x77, 0x51, 0x77, 0xff, 0x77, 0x51, 0x77, 0xff, 0x77, 0x66, 0x77, 0xff, 0x77, 0x66, 0x77, 0xff, 0x77, 0x66, 0x77, 0xff, 0x77, 0x66, 0x77, 0xff, 0x77, 0x66, 0x77, 0xff, 0x77, 0x66, 0x77, 0xff,
	0x77, 0x66, 0x77, 0xff, 0x77, 0x66, 0x77, 0xff, 0x77, 0x66, 0x77, 0xff, 0x77, 0x66, 0x77, 0xff, 0x77, 0x66, 0x77, 0xff, 0x77, 0x66, 0x77, 0xff, 0x77, 0x66, 0x77, 0xff, 0x77, 0x66, 0x77, 0xff,
	0x77, 0x66, 0x77, 0xff, 0x77, 0x66, 0x77, 0xff, 0x77, 0x66, 0x77, 0xff, 0x77, 0x66, 0x77, 0xff, 0x77, 0x66, 0x77, 0xff, 0x77, 0x66, 0x77, 0xff, 0x77, 0x66, 0x77, 0xff, 0x77, 0x66, 0x77, 0xff,
	0x77, 0x7e, 0x77, 0xff, 0x77, 0x7e, 0x77, 0xff, 0x77, 0x7e, 0x77, 0xff, 0x77, 0x7e, 0x77, 0xff, 0x77, 0x7e, 0x77, 0xff, 0x77, 0x7e, 0x77, 0xff, 0x77, 0x7e, 0x77, 0xff, 0x77, 0x7e, 0x77, 0xff,
	0x77, 0x7e, 0x77, 0xff, 0x77, 0x7e, 0x77, 0xff, 0x77, 0x7e, 0x77, 0xff, 0x77, 0x7e, 0x77, 0xff, 0x77, 0x7e, 0x77, 0xff, 0x77, 0x7e, 0x77, 0xff, 0x77, 0x7e, 0x77, 0xff, 0x77, 0x7e, 0x77, 0xff,
	0x77, 0x7e, 0x77, 0xff, 0x77, 0x7e, 0x77, 0xff, 0xb3, 0x7e, 0xb3, 0xff, 0xb3, 0x7e, 0xb3, 0xff, 0xb3, 0x7e, 0xb3, 0xff, 0xb3, 0x7e, 0xb3, 0xff, 0xb3, 0x7e, 0xb3, 0xff, 0xb3, 0x7e, 0xb3, 0xff,
	0xb3, 0x99, 0xb3, 0xff, 0xb3, 0x99, 0xb3, 0xff, 0xb3, 0x99, 0xb3, 0xff, 0xb3, 0x99, 0xb3, 0xff, 0xb3, 0x99, 0xb3, 0xff, 0xb3, 0x99, 0xb3, 0xff, 0xb3, 0x99, 0xb3, 0xff, 0xb3, 0x99, 0xb3, 0xff,
	0xb3, 0x99, 0xb3, 0xff, 0xb3, 0x99, 0xb3, 0xff, 0xb3, 0x99, 0xb3, 0xff, 0xb3, 0x99, 0xb3, 0xff, 0xb3, 0x99, 0xb3, 0xff, 0xb3, 0x99, 0xb3, 0xff, 0xb3, 0x99, 0xb3, 0xff, 0xb3, 0x99, 0xb3, 0xff,
	0xb3, 0x99, 0xb3, 0xff, 0xb3, 0x99, 0xb3, 0xff, 0xb3, 0x99, 0xb3, 0xff, 0xb3, 0x99, 0xb3, 0xff, 0xb3, 0x99, 0xb3, 0xff, 0xb3, 0x99, 0xb3, 0xff, 0xb3, 0x99, 0xb3, 0xff, 0xb3, 0x99, 0xb3, 0xff,
	0xb3, 0x99, 0xb3, 0xff, 0xb3, 0x99, 0xb3, 0xff, 0xb3, 0x99, 0xb3, 0xff, 0xb3, 0xb8, 0xb3, 0xff, 0xb3, 0xb8, 0xb3, 0xff, 0xb3, 0xb8, 0xb3, 0xff, 0xb3, 0xb8, 0xb3, 0xff, 0xb3, 0xb8, 0xb3, 0xff,
	0xb3, 0xb8, 0xb3, 0xff, 0xb3, 0xb8, 0xb3, 0xff, 0xb3, 0xb8, 0xb3, 0xff, 0xb3, 0xb8, 0xb3, 0xff, 0xb3, 0xb8, 0xb3, 0xff, 0xb3, 0xb8, 0xb3, 0xff, 0xb3, 0xb8, 0xb3, 0xff, 0xb3, 0xb8, 0xb3, 0xff,
	0xb3, 0xb8, 0xb3, 0xff, 0xb3, 0xb8, 0xb3, 0xff, 0xb3, 0xb8, 0xb3, 0xff, 0xb3, 0xb8, 0xb3, 0xff, 0xb3, 0xb8, 0xb3, 0xff, 0xb3, 0xb8, 0xb3, 0xff, 0xb3, 0xb8, 0xb3, 0xff, 0xb3, 0xb8, 0xb3, 0xff,
	0xb3, 0xb8, 0xb3, 0xff, 0xb3, 0xb8, 0xb3, 0xff, 0xb3, 0xb8, 0xb3, 0xff, 0xb3, 0xb8, 0xb3, 0xff, 0xb3, 0xb8, 0xb3, 0xff, 0xb3, 0xb8, 0xb3, 0xff, 0xff, 0xb8, 0xff, 0xff, 0xff, 0xb8, 0xff, 0xff,
	0xff, 0xb8, 0xff, 0xff, 0xff, 0xb8, 0xff, 0xff, 0xff, 0xda, 0xff, 0xff, 0xff, 0xda, 0xff, 0xff, 0xff, 0xda, 0xff, 0xff, 0xff, 0xda, 0xff, 0xff, 0xff, 0xda, 0xff, 0xff, 0xff, 0xda, 0xff, 0xff,
	0xff, 0xda, 0xff, 0xff, 0xff, 0xda, 0xff, 0xff, 0xff, 0xda, 0xff, 0xff, 0xff, 0xda, 0xff, 0xff, 0xff, 0xda, 0xff, 0xff, 0xff, 0xda, 0xff, 0xff, 0xff, 0xda, 0xff, 0xff, 0xff, 0xda, 0xff, 0xff,
	0xff, 0xda, 0xff, 0xff, 0xff, 0xda, 0xff, 0xff, 0xff, 0xda, 0xff, 0xff, 0xff, 0xda, 0xff, 0xff, 0xff, 0xda, 0xff, 0xff, 0xff, 0xda, 0xff, 0xff, 0xff, 0xda, 0xff, 0xff, 0xff, 0xda, 0xff, 0xff,
	0xff, 0xda, 0xff, 0xff, 0xff, 0xda, 0xff, 0xff, 0xff, 0xda, 0xff, 0xff, 0xff, 0xda, 0xff, 0xff, 0xff, 0xda, 0xff, 0xff, 0xff, 0xda, 0xff, 0xff, 0xff, 0xda, 0xff, 0xff, 0xff, 0xda, 0xff, 0xff,
	0xff, 0xda, 0xff, 0xff, 0xff, 0xda, 0xff, 0xff, 0xff, 0xda, 0xff, 0xff, 0xff, 0xda, 0xff, 0xff, 0xff, 0xff, 0xff, 0xff, 0xff, 0xff, 0xff, 0xff, 0xff, 0xff, 0xff, 0xff, 0xff, 0xff, 0xff, 0xff,
	0xff, 0xff, 0xff, 0xff, 0xff, 0xff, 0xff, 0xff, 0xff, 0xff, 0xff, 0xff, 0xff, 0xff, 0xff, 0xff, 0xff, 0xff, 0xff, 0xff, 0xff, 0xff, 0xff, 0xff, 0xff, 0xff, 0xff, 0xff, 0xff, 0xff, 0xff, 0xff,
	0xff, 0xff, 0xff, 0xff, 0xff, 0xff, 0xff, 0xff, 0xff, 0xff, 0xff, 0xff, 0xff, 0xff, 0xff, 0xff, 0xff, 0xff, 0xff, 0xff, 0xff, 0xff, 0xff, 0xff, 0xff, 0xff, 0xff, 0xff, 0xff, 0xff, 0xff, 0xff,
	0xff, 0xff, 0xff, 0xff, 0xff, 0xff, 0xff, 0xff, 0xff, 0xff, 0xff, 0xff, 0xff, 0xff, 0xff, 0xff, 0xff, 0xff, 0xff, 0xff, 0xff, 0xff, 0xff, 0xff, 0xff, 0xff, 0xff, 0xff, 0xff, 0xff, 0xff, 0xff,
	0xff, 0xff, 0xff, 0xff, 0xff, 0xff, 0xff, 0xff, 0xff, 0xff, 0xff, 0xff, 0xff, 0xff, 0xff, 0xff, 0xff, 0xff, 0xff, 0xff, 0xff, 0xff, 0xff, 0xff, 0xff, 0xff, 0xff, 0xff, 0xff, 0xff, 0xff, 0xff,
	0x00, 0x00, 0x00, 0xff, 0x04, 0x01, 0x04, 0xff, 0x04, 0x04, 0x04, 0xff, 0x04, 0x04, 0x04, 0xff, 0x04, 0x04, 0x04, 0xff, 0x04, 0x08, 0x04, 0xff, 0x10, 0x08, 0x10, 0xff, 0x10, 0x08, 0x10, 0xff,
	0x10, 0x08, 0x10, 0xff, 0x10, 0x0e, 0x10, 0xff, 0x10, 0x0e, 0x10, 0xff, 0x10, 0x0e, 0x10, 0xff, 0x10, 0x0e, 0x10, 0xff, 0x10, 0x0e, 0x10, 0xff, 0x10, 0x0e, 0x10, 0xff, 0x10, 0x0e, 0x10, 0xff,
	0x10, 0x17, 0x10, 0xff, 0x10, 0x17, 0x10, 0xff, 0x10, 0x17, 0x10, 0xff, 0x27, 0x17, 0x27, 0xff, 0x27, 0x17, 0x27, 0xff, 0x27, 0x17, 0x27, 0xff, 0x27, 0x17, 0x27, 0xff, 0x27, 0x17, 0x27, 0xff,
	0x27, 0x17, 0x27, 0xff, 0x27, 0x21, 0x27, 0xff, 0x27, 0x21, 0x27, 0xff, 0x27, 0x21, 0x27, 0xff, 0x27, 0x21, 0x27, 0xff, 0x27, 0x21, 0x27, 0xff, 0x27, 0x21, 0x27, 0xff, 0x27, 0x21, 0x27, 0xff,
	0x27, 0x21, 0x27, 0xff, 0x27, 0x21, 0x27, 0xff, 0x27, 0x21, 0x27, 0xff, 0x27, 0x21, 0x27, 0xff, 0x27, 0x2f, 0x27, 0xff, 0x27, 0x2f, 0x27, 0xff, 0x27, 0x2f, 0x27, 0xff, 0x27, 0x2f, 0x27, 0xff,
	0x27, 0x2f, 0x27, 0xff, 0x27, 0x2f, 0x27, 0xff, 0x48, 0x2f, 0x48, 0xff, 0x48, 0x2f, 0x48, 0xff, 0x48, 0x2f, 0x48, 0xff, 0x48, 0x2f, 0x48, 0xff, 0x48, 0x2f, 0x48, 0xff, 0x48, 0x2f, 0x48, 0xff,
	0x48, 0x2f, 0x48, 0xff, 0x48, 0x3e, 0x48, 0xff, 0x48, 0x3e, 0x48, 0xff, 0x48, 0x3e, 0x48, 0xff, 0x48, 0x3e, 0x48, 0xff, 0x48, 0x3e, 0x48, 0xff, 0x48, 0x3e, 0x48, 0xff, 0x48, 0x3e, 0x48, 0xff,
	0x48, 0x3e, 0x48, 0xff, 0x48, 0x3e, 0x48, 0xff, 0x48, 0x3e, 0x48, 0xff, 0x48, 0x3e, 0x48, 0xff, 0x48, 0x3e, 0x48, 0xff, 0x48, 0x3e, 0x48, 0xff, 0x48, 0x3e, 0x48, 0xff, 0x48, 0x3e, 0x48, 0xff,
	0x48, 0x3e, 0x48, 0xff, 0x48, 0x51, 0x48, 0xff, 0x48, 0x51, 0x48, 0xff, 0x48, 0x51, 0x48, 0xff, 0x48, 0x51, 0x48, 0xff, 0x48, 0x51, 0x48, 0xff, 0x48, 0x51, 0x48, 0xff, 0x48, 0x51, 0x48, 0xff,
	0x48, 0x51, 0x48, 0xff, 0x48, 0x51, 0x48, 0xff, 0x48, 0x51, 0x48, 0xff, 0x48, 0x51, 0x48, 0xff, 0x48, 0x51, 0x48, 0xff, 0x77, 0x51, 0x77, 0xff, 0x77, 0x51, 0x77, 0xff, 0x77, 0x51, 0x77, 0xff,
	0x77, 0x51, 0x77, 0xff, 0x77, 0x51, 0x77, 0xff, 0x77, 0x51, 0x77, 0xff, 0x77, 0x51, 0x77, 0xff, 0x77, 0x66, 0x77, 0xff, 0x77, 0x66, 0x77, 0xff, 0x77, 0x66, 0x77, 0xff, 0x77, 0x66, 0x77, 0xff,
	0x77, 0x66, 0x77, 0xff, 0x77, 0x66, 0x77, 0xff, 0x77, 0x66, 0x77, 0xff, 0x77, 0x66, 0x77, 0xff, 0x77, 0x66, 0x77, 0xff, 0x77, 0x66, 0x77, 0xff, 0x77, 0x66, 0x77, 0xff, 0x77, 0x66, 0x77, 0xff,
	0x77, 0x66, 0x77, 0xff, 0x77, 0x66, 0x77, 0xff, 0x77, 0x66, 0x77, 0xff, 0x77, 0x66, 0x77, 0xff, 0x77, 0x66, 0x77, 0xff, 0x77, 0x66, 0x77, 0xff, 0x77, 0x66, 0x77, 0xff, 0x77, 0x66, 0x77, 0xff,
	0x77, 0x66, 0x77, 0xff, 0x77, 0x7e, 0x77, 0xff, 0x77, 0x7e, 0x77, 0xff, 0x77, 0x7e, 0x77, 0xff, 0x77, 0x7e, 0x77, 0xff, 0x77, 0x7e, 0x77, 0xff, 0x77, 0x7e, 0x77, 0xff, 0x77, 0x7e, 0x77, 0xff,
	0x77, 0x7e, 0x77, 0xff, 0x77, 0x7e, 0x77, 0xff, 0x77, 0x7e, 0x77, 0xff, 0x77, 0x7e, 0x77, 0xff, 0x77, 0x7e, 0x77, 0xff, 0x77, 0x7e, 0x77, 0xff, 0x77, 0x7e, 0x77, 0xff, 0x77, 0x7e, 0x77, 0xff,
	0x77, 0x7e, 0x77, 0xff, 0x77, 0x7e, 0x77, 0xff, 0x77, 0x7e, 0x77, 0xff, 0x77, 0x7e, 0x77, 0xff, 0x77, 0x7e, 0x77, 0xff, 0xb3, 0x7e, 0xb3, 0xff, 0xb3, 0x7e, 0xb3, 0xff, 0xb3, 0x7e, 0xb3, 0xff,
	0xb3, 0x7e, 0xb3, 0xff, 0xb3, 0x7e, 0xb3, 0xff, 0xb3, 0x99, 0xb3, 0xff, 0xb3, 0x99, 0xb3, 0xff, 0xb3, 0x99, 0xb3, 0xff, 0xb3, 0x99, 0xb3, 0xff, 0xb3, 0x99, 0xb3, 0xff, 0xb3, 0x99, 0xb3, 0xff,
	0xb3, 0x99, 0xb3, 0xff, 0xb3, 0x99, 0xb3, 0xff, 0xb3, 0x99, 0xb3, 0xff, 0xb3, 0x99, 0xb3, 0xff, 0xb3, 0x99, 0xb3, 0xff, 0xb3, 0x99, 0xb3, 0xff, 0xb3, 0x99, 0xb3, 0xff, 0xb3, 0x99, 0xb3, 0xff,
	0xb3, 0x99, 0xb3, 0xff, 0xb3, 0x99, 0xb3, 0xff, 0xb3, 0x99, 0xb3, 0xff, 0xb3, 0x99, 0xb3, 0xff, 0xb3, 0x99, 0xb3, 0xff, 0xb3, 0x99, 0xb3, 0xff, 0xb3, 0x99, 0xb3, 0xff, 0xb3, 0x99, 0xb3, 0xff,
	0xb3, 0x99, 0xb3, 0xff, 0xb3, 0x99, 0xb3, 0xff, 0xb3, 0x99, 0xb3, 0xff, 0xb3, 0x99, 0xb3, 0xff, 0xb3, 0x99, 0xb3, 0xff, 0xb3, 0xb8, 0xb3, 0xff, 0xb3, 0xb8, 0xb3, 0xff, 0xb3, 0xb8, 0xb3, 0xff,
	0xb3, 0xb8, 0xb3, 0xff, 0xb3, 0xb8, 0xb3, 0xff, 0xb3, 0xb8, 0xb3, 0xff, 0xb3, 0xb8, 0xb3, 0xff, 0xb3, 0xb8, 0xb3, 0xff, 0xb3, 0xb8, 0xb3, 0xff, 0xb3, 0xb8, 0xb3, 0xff, 0xb3, 0xb8, 0xb3, 0xff,
	0xb3, 0xb8, 0xb3, 0xff, 0xb3, 0xb8, 0xb3, 0xff, 0xb3, 0xb8, 0xb3, 0xff, 0xb3, 0xb8, 0xb3, 0xff, 0xb3, 0xb8, 0xb3, 0xff, 0xb3, 0xb8, 0xb3, 0xff, 0xb3, 0xb8, 0xb3, 0xff, 0xb3, 0xb8, 0xb3, 0xff,
	0xb3, 0xb8, 0xb3, 0xff, 0xb3, 0xb8, 0xb3, 0xff, 0xb3, 0xb8, 0xb3, 0xff, 0xb3, 0xb8, 0xb3, 0xff, 0xb3, 0xb8, 0xb3, 0xff, 0xb3, 0xb8, 0xb3, 0xff, 0xb3, 0xb8, 0xb3, 0xff, 0xb3, 0xb8, 0xb3, 0xff,
	0xb3, 0xb8, 0xb3, 0xff, 0xb3, 0xb8, 0xb3, 0xff, 0xb3, 0xb8, 0xb3, 0xff, 0xff, 0xb8, 0xff, 0xff, 0xff, 0xda, 0xff, 0xff, 0xff, 0xda, 0xff, 0xff, 0xff, 0xda, 0xff, 0xff, 0xff, 0xda, 0xff, 0xff,
	0xff, 0xda, 0xff, 0xff, 0xff, 0xda, 0xff, 0xff, 0xff, 0xda, 0xff, 0xff, 0xff, 0xda, 0xff, 0xff, 0xff, 0xda, 0xff, 0xff, 0xff, 0xda, 0xff, 0xff, 0xff, 0xda, 0xff, 0xff, 0xff, 0xda, 0xff, 0xff,
	0xff, 0xda, 0xff, 0xff, 0xff, 0xda, 0xff, 0xff, 0xff, 0xda, 0xff, 0xff, 0xff, 0xda, 0xff, 0xff, 0xff, 0xda, 0xff, 0xff, 0xff, 0xda, 0xff, 0xff, 0xff, 0xda, 0xff, 0xff, 0xff, 0xda, 0xff, 0xff,
	0xff, 0xda, 0xff, 0xff, 0xff, 0xda, 0xff, 0xff, 0xff, 0xda, 0xff, 0xff, 0xff, 0xda, 0xff, 0xff, 0xff, 0xda, 0xff, 0xff, 0xff, 0xda, 0xff, 0xff, 0xff, 0xda, 0xff, 0xff, 0xff, 0xda, 0xff, 0xff,
	0xff, 0xda, 0xff, 0xff, 0xff, 0xda, 0xff, 0xff, 0xff, 0xda, 0xff, 0xff, 0xff, 0xda, 0xff, 0xff, 0xff, 0xda, 0xff, 0xff, 0xff, 0xda, 0xff, 0xff, 0xff, 0xff, 0xff, 0xff, 0xff, 0xff, 0xff, 0xff,
	0xff, 0xff, 0xff, 0xff, 0xff, 0xff, 0xff, 0xff, 0xff, 0xff, 0xff, 0xff, 0xff, 0xff, 0xff, 0xff, 0xff, 0xff, 0xff, 0xff, 0xff, 0xff, 0xff, 0xff, 0xff, 0xff, 0xff, 0xff, 0xff, 0xff, 0xff, 0xff,
	0xff, 0xff, 0xff, 0xff, 0xff, 0xff, 0xff, 0xff, 0xff, 0xff, 0xff, 0xff, 0xff, 0xff, 0xff, 0xff, 0xff, 0xff, 0xff, 0xff, 0xff, 0xff, 0xff, 0xff, 0xff, 0xff, 0xff, 0xff, 0xff, 0xff, 0xff, 0xff,
	0xff, 0xff, 0xff, 0xff, 0xff, 0xff, 0xff, 0xff, 0xff, 0xff, 0xff, 0xff, 0xff, 0xff, 0xff, 0xff, 0xff, 0xff, 0xff, 0xff, 0xff, 0xff, 0xff, 0xff, 0xff, 0xff, 0xff, 0xff, 0xff, 0xff, 0xff, 0xff,
	0xff, 0xff, 0xff, 0xff, 0xff, 0xff, 0xff, 0xff, 0xff, 0xff, 0xff, 0xff, 0xff, 0xff, 0xff, 0xff, 0xff, 0xff, 0xff, 0xff, 0xff, 0xff, 0xff, 0xff, 0xff, 0xff, 0xff, 0xff, 0xff, 0xff, 0xff, 0xff,
	0x00, 0x00, 0x00, 0xff, 0x04, 0x01, 0x04, 0xff, 0x04, 0x04, 0x04, 0xff, 0x04, 0x04, 0x04, 0xff, 0x04, 0x04, 0x04, 0xff, 0x04, 0x08, 0x04, 0xff, 0x10, 0x08, 0x10, 0xff, 0x10, 0x08, 0x10, 0xff,
	0x10, 0x08, 0x10, 0xff, 0x10, 0x08, 0x10, 0xff, 0x10, 0x0e, 0x10, 0xff, 0x10, 0x0e, 0x10, 0xff, 0x10, 0x0e, 0x10, 0xff, 0x10, 0x0e, 0x10, 0xff, 0x10, 0x0e, 0x10, 0xff, 0x10, 0x0e, 0x10, 0xff,
	0x10, 0x17, 0x10, 0xff, 0x10, 0x17, 0x10, 0xff, 0x10, 0x17, 0x10, 0xff, 0x10, 0x17, 0x10, 0xff, 0x27, 0x17, 0x27, 0xff, 0x27, 0x17, 0x27, 0xff, 0x27, 0x17, 0x27, 0xff, 0x27, 0x17, 0x27, 0xff,
	0x27, 0x17, 0x27, 0xff, 0x27, 0x21, 0x27, 0xff, 0x27, 0x21, 0x27, 0xff, 0x27, 0x21, 0x27, 0xff, 0x27, 0x21, 0x27, 0xff, 0x27, 0x21, 0x27, 0xff, 0x27, 0x21, 0x27, 0xff, 0x27, 0x21, 0x27, 0xff,
	0x27, 0x21, 0x27, 0xff, 0x27, 0x21, 0x27, 0xff, 0x27, 0x21, 0x27, 0xff, 0x27, 0x21, 0x27, 0xff, 0x27, 0x2f, 0x27, 0xff, 0x27, 0x2f, 0x27, 0xff, 0x27, 0x2f, 0x27, 0xff, 0x27, 0x2f, 0x27, 0xff,
	0x27, 0x2f, 0x27, 0xff, 0x27, 0x2f, 0x27, 0xff, 0x27, 0x2f, 0x27, 0xff, 0x27, 0x2f, 0x27, 0xff, 0x48, 0x2f, 0x48, 0xff, 0x48, 0x2f, 0x48, 0xff, 0x48, 0x2f, 0x48, 0xff, 0x48, 0x2f, 0x48, 0xff,
	0x48, 0x2f, 0x48, 0xff, 0x48, 0x2f, 0x48, 0xff, 0x48, 0x3e, 0x48, 0xff, 0x48, 0x3e, 0x48, 0xff, 0x48, 0x3e, 0x48, 0xff, 0x48, 0x3e, 0x48, 0xff, 0x48, 0x3e, 0x48, 0xff, 0x48, 0x3e, 0x48, 0xff,
	0x48, 0x3e, 0x48, 0xff, 0x48, 0x3e, 0x48, 0xff, 0x48, 0x3e, 0x48, 0xff, 0x48, 0x3e, 0x48, 0xff, 0x48, 0x3e, 0x48, 0xff, 0x48, 0x3e, 0x48, 0xff, 0x48, 0x3e, 0x48, 0xff, 0x48, 0x3e, 0x48, 0xff,
	0x48, 0x3e, 0x48, 0xff, 0x48, 0x3e, 0x48, 0xff, 0x48, 0x51, 0x48, 0xff, 0x48, 0x51, 0x48, 0xff, 0x48, 0x51, 0x48, 0xff, 0x48, 0x51, 0x48, 0xff, 0x48, 0x51, 0x48, 0xff, 0x48, 0x51, 0x48, 0xff,
	0x48, 0x51, 0x48, 0xff, 0x48, 0x51, 0x48, 0xff, 0x48, 0x51, 0x48, 0xff, 0x48, 0x51, 0x48, 0xff, 0x48, 0x51, 0x48, 0xff, 0x48, 0x51, 0x48, 0xff, 0x48, 0x51, 0x48, 0xff, 0x48, 0x51, 0x48, 0xff,
	0x77, 0x51, 0x77, 0xff, 0x77, 0x51, 0x77, 0xff, 0x77, 0x51, 0x77, 0xff, 0x77, 0x51, 0x77, 0xff, 0x77, 0x51, 0x77, 0xff, 0x77, 0x66, 0x77, 0xff, 0x77, 0x66, 0x77, 0xff, 0x77, 0x66, 0x77, 0xff,
	0x77, 0x66, 0x77, 0xff, 0x77, 0x66, 0x77, 0xff, 0x77, 0x66, 0x77, 0xff, 0x77, 0x66, 0x77, 0xff, 0x77, 0x66, 0x77, 0xff, 0x77, 0x66, 0x77, 0xff, 0x77, 0x66, 0x77, 0xff, 0x77, 0x66, 0x77, 0xff,
	0x77, 0x66, 0x77, 0xff, 0x77, 0x66, 0x77, 0xff, 0x77, 0x66, 0x77, 0xff, 0x77, 0x66, 0x77, 0xff, 0x77, 0x66, 0x77, 0xff, 0x77, 0x66, 0x77, 0xff, 0x77, 0x66, 0x77, 0xff, 0x77, 0x66, 0x77, 0xff,
	0x77, 0x66, 0x77, 0xff, 0x77, 0x66, 0x77, 0xff, 0x77, 0x66, 0x77, 0xff, 0x77, 0x7e, 0x77, 0xff, 0x77, 0x7e, 0x77, 0xff, 0x77, 0x7e, 0x77, 0xff, 0x77, 0x7e, 0x77, 0xff, 0x77, 0x7e, 0x77, 0xff,
	0x77, 0x7e, 0x77, 0xff, 0x77, 0x7e, 0x77, 0xff, 0x77, 0x7e, 0x77, 0xff, 0x77, 0x7e, 0x77, 0xff, 0x77, 0x7e, 0x77, 0xff, 0x77, 0x7e, 0x77, 0xff, 0x77, 0x7e, 0x77, 0xff, 0x77, 0x7e, 0x77, 0xff,
	0x77, 0x7e, 0x77, 0xff, 0x77, 0x7e, 0x77, 0xff, 0x77, 0x7e, 0x77, 0xff, 0x77, 0x7e, 0x77, 0xff, 0x77, 0x7e, 0x77, 0xff, 0x77, 0x7e, 0x77, 0xff, 0x77, 0x7e, 0x77, 0xff, 0x77, 0x7e, 0x77, 0xff,
	0xb3, 0x7e, 0xb3, 0xff, 0xb3, 0x7e, 0xb3, 0xff, 0xb3, 0x7e, 0xb3, 0xff, 0xb3, 0x99, 0xb3, 0xff, 0xb3, 0x99, 0xb3, 0xff, 0xb3, 0x99, 0xb3, 0xff, 0xb3, 0x99, 0xb3, 0xff, 0xb3, 0x99, 0xb3, 0xff,
	0xb3, 0x99, 0xb3, 0xff, 0xb3, 0x99, 0xb3, 0xff, 0xb3, 0x99, 0xb3, 0xff, 0xb3, 0x99, 0xb3, 0xff, 0xb3, 0x99, 0xb3, 0xff, 0xb3, 0x99, 0xb3, 0xff, 0xb3, 0x99, 0xb3, 0xff, 0xb3, 0x99, 0xb3, 0xff,
	0xb3, 0x99, 0xb3, 0xff, 0xb3, 0x99, 0xb3, 0xff, 0xb3, 0x99, 0xb3, 0xff, 0xb3, 0x99, 0xb3, 0xff, 0xb3, 0x99, 0xb3, 0xff, 0xb3, 0x99, 0xb3, 0xff, 0xb3, 0x99, 0xb3, 0xff, 0xb3, 0x99, 0xb3, 0xff,
	0xb3, 0x99, 0xb3, 0xff, 0xb3, 0x99, 0xb3, 0xff, 0xb3, 0x99, 0xb3, 0xff, 0xb3, 0x99, 0xb3, 0xff, 0xb3, 0x99, 0xb3, 0xff, 0xb3, 0x99, 0xb3, 0xff, 0xb3, 0x99, 0xb3, 0xff, 0xb3, 0xb8, 0xb3, 0xff,
	0xb3, 0xb8, 0xb3, 0xff, 0xb3, 0xb8, 0xb3, 0xff, 0xb3, 0xb8, 0xb3, 0xff, 0xb3, 0xb8, 0xb3, 0xff, 0xb3, 0xb8, 0xb3, 0xff, 0xb3, 0xb8, 0xb3, 0xff, 0xb3, 0xb8, 0xb3, 0xff, 0xb3, 0xb8, 0xb3, 0xff,
	0xb3, 0xb8, 0xb3, 0xff, 0xb3, 0xb8, 0xb3, 0xff, 0xb3, 0xb8, 0xb3, 0xff, 0xb3, 0xb8, 0xb3, 0xff, 0xb3, 0xb8, 0xb3, 0xff, 0xb3, 0xb8, 0xb3, 0xff, 0xb3, 0xb8, 0xb3, 0xff, 0xb3, 0xb8, 0xb3, 0xff,
	0xb3, 0xb8, 0xb3, 0xff, 0xb3, 0xb8, 0xb3, 0xff, 0xb3, 0xb8, 0xb3, 0xff, 0xb3, 0xb8, 0xb3, 0xff, 0xb3, 0xb8, 0xb3, 0xff, 0xb3, 0xb8, 0xb3, 0xff, 0xb3, 0xb8, 0xb3, 0xff, 0xb3, 0xb8, 0xb3, 0xff,
	0xb3, 0xb8, 0xb3, 0xff, 0xb3, 0xb8, 0xb3, 0xff, 0xb3, 0xb8, 0xb3, 0xff, 0xb3, 0xb8, 0xb3, 0xff, 0xb3, 0xb8, 0xb3, 0xff, 0xb3, 0xb8, 0xb3, 0xff, 0xb3, 0xda, 0xb3, 0xff, 0xff, 0xda, 0xff, 0xff,
	0xff, 0xda, 0xff, 0xff, 0xff, 0xda, 0xff, 0xff, 0xff, 0xda, 0xff, 0xff, 0xff, 0xda, 0xff, 0xff, 0xff, 0xda, 0xff, 0xff, 0xff, 0xda, 0xff, 0xff, 0xff, 0xda, 0xff, 0xff, 0xff, 0xda, 0xff, 0xff,
	0xff, 0xda, 0xff, 0xff, 0xff, 0xda, 0xff, 0xff, 0xff, 0xda, 0xff, 0xff, 0xff, 0xda, 0xff, 0xff, 0xff, 0xda, 0xff, 0xff, 0xff, 0xda, 0xff, 0xff, 0xff, 0xda, 0xff, 0xff, 0xff, 0xda, 0xff, 0xff,
	0xff, 0xda, 0xff, 0xff, 0xff, 0xda, 0xff, 0xff, 0xff, 0xda, 0xff, 0xff, 0xff, 0xda, 0xff, 0xff, 0xff, 0xda, 0xff, 0xff, 0xff, 0xda, 0xff, 0xff, 0xff, 0xda, 0xff, 0xff, 0xff, 0xda, 0xff, 0xff,
	0xff, 0xda, 0xff, 0xff, 0xff, 0xda, 0xff, 0xff, 0xff, 0xda, 0xff, 0xff, 0xff, 0xda, 0xff, 0xff, 0xff, 0xda, 0xff, 0xff, 0xff, 0xda, 0xff, 0xff, 0xff, 0xda, 0xff, 0xff, 0xff, 0xda, 0xff, 0xff,
	0xff, 0xff, 0xff, 0xff, 0xff, 0xff, 0xff, 0xff, 0xff, 0xff, 0xff, 0xff, 0xff, 0xff, 0xff, 0xff, 0xff, 0xff, 0xff, 0xff, 0xff, 0xff, 0xff, 0xff, 0xff, 0xff, 0xff, 0xff, 0xff, 0xff, 0xff, 0xff,
	0xff, 0xff, 0xff, 0xff, 0xff, 0xff, 0xff, 0xff, 0xff, 0xff, 0xff, 0xff, 0xff, 0xff, 0xff, 0xff, 0xff, 0xff, 0xff, 0xff, 0xff, 0xff, 0xff, 0xff, 0xff, 0xff, 0xff, 0xff, 0xff, 0xff, 0xff, 0xff,
	0xff, 0xff, 0xff, 0xff, 0xff, 0xff, 0xff, 0xff, 0xff, 0xff, 0xff, 0xff, 0xff, 0xff, 0xff, 0xff, 0xff, 0xff, 0xff, 0xff, 0xff, 0xff, 0xff, 0xff, 0xff, 0xff, 0xff, 0xff, 0xff, 0xff, 0xff, 0xff,
	0xff, 0xff, 0xff, 0xff, 0xff, 0xff, 0xff, 0xff, 0xff, 0xff, 0xff, 0xff, 0xff, 0xff, 0xff, 0xff, 0xff, 0xff, 0xff, 0xff, 0xff, 0xff, 0xff, 0xff, 0xff, 0xff, 0xff, 0xff, 0xff, 0xff, 0xff, 0xff,
	0x00, 0x00, 0x00, 0xff, 0x04, 0x01, 0x04, 0xff, 0x04, 0x04, 0x04, 0xff, 0x04, 0x04, 0x04, 0xff, 0x04, 0x04, 0x04, 0xff, 0x04, 0x08, 0x04, 0xff, 0x04, 0x08, 0x04, 0xff, 0x10, 0x08, 0x10, 0xff,
	0x10, 0x08, 0x10, 0xff, 0x10, 0x08, 0x10, 0xff, 0x10, 0x0e, 0x10, 0xff, 0x10, 0x0e, 0x10, 0xff, 0x10, 0x0e, 0x10, 0xff, 0x10, 0x0e, 0x10, 0xff, 0x10, 0x0e, 0x10, 0xff, 0x10, 0x0e, 0x10, 0xff,
	0x10, 0x0e, 0x10, 0xff, 0x10, 0x17, 0x10, 0xff, 0x10, 0x17, 0x10, 0xff, 0x10, 0x17, 0x10, 0xff, 0x10, 0x17, 0x10, 0xff, 0x27, 0x17, 0x27, 0xff, 0x27, 0x17, 0x27, 0xff, 0x27, 0x17, 0x27, 0xff,
	0x27, 0x17, 0x27, 0xff, 0x27, 0x17, 0x27, 0xff, 0x27, 0x21, 0x27, 0xff, 0x27, 0x21, 0x27, 0xff, 0x27, 0x21, 0x27, 0xff, 0x27, 0x21, 0x27, 0xff, 0x27, 0x21, 0x27, 0xff, 0x27, 0x21, 0x27, 0xff,
	0x27, 0x21, 0x27, 0xff, 0x27, 0x21, 0x27, 0xff, 0x27, 0x21, 0x27, 0xff, 0x27, 0x21, 0x27, 0xff, 0x27, 0x21, 0x27, 0xff, 0x27, 0x2f, 0x27, 0xff, 0x27, 0x2f, 0x27, 0xff, 0x27, 0x2f, 0x27, 0xff,
	0x27, 0x2f, 0x27, 0xff, 0x27, 0x2f, 0x27, 0xff, 0x27, 0x2f, 0x27, 0xff, 0x27, 0x2f, 0x27, 0xff, 0x27, 0x2f, 0x27, 0xff, 0x27, 0x2f, 0x27, 0xff, 0x48, 0x2f, 0x48, 0xff, 0x48, 0x2f, 0x48, 0xff,
	0x48, 0x2f, 0x48, 0xff, 0x48, 0x2f, 0x48, 0xff, 0x48, 0x2f, 0x48, 0xff, 0x48, 0x3e, 0x48, 0xff, 0x48, 0x3e, 0x48, 0xff, 0x48, 0x3e, 0x48, 0xff, 0x48, 0x3e, 0x48, 0xff, 0x48, 0x3e, 0x48, 0xff,
	0x48, 0x3e, 0x48, 0xff, 0x48, 0x3e, 0x48, 0xff, 0x48, 0x3e, 0x48, 0xff, 0x48, 0x3e, 0x48, 0xff, 0x48, 0x3e, 0x48, 0xff, 0x48, 0x3e, 0x48, 0xff, 0x48, 0x3e, 0x48, 0xff, 0x48, 0x3e, 0x48, 0xff,
	0x48, 0x3e, 0x48, 0xff, 0x48, 0x3e, 0x48, 0xff, 0x48, 0x3e, 0x48, 0xff, 0x48, 0x51, 0x48, 0xff, 0x48, 0x51, 0x48, 0xff, 0x48, 0x51, 0x48, 0xff, 0x48, 0x51, 0x48, 0xff, 0x48, 0x51, 0x48, 0xff,
	0x48, 0x51, 0x48, 0xff, 0x48, 0x51, 0x48, 0xff, 0x48, 0x51, 0x48, 0xff, 0x48, 0x51, 0x48, 0xff, 0x48, 0x51, 0x48, 0xff, 0x48, 0x51, 0x48, 0xff, 0x48, 0x51, 0x48, 0xff, 0x48, 0x51, 0x48, 0xff,
	0x48, 0x51, 0x48, 0xff, 0x48, 0x51, 0x48, 0xff, 0x48, 0x51, 0x48, 0xff, 0x77, 0x51, 0x77, 0xff, 0x77, 0x51, 0x77, 0xff, 0x77, 0x51, 0x77, 0xff, 0x77, 0x66, 0x77, 0xff, 0x77, 0x66, 0x77, 0xff,
	0x77, 0x66, 0x77, 0xff, 0x77, 0x66, 0x77, 0xff, 0x77, 0x66, 0x77, 0xff, 0x77, 0x66, 0x77, 0xff, 0x77, 0x66, 0x77, 0xff, 0x77, 0x66, 0x77, 0xff, 0x77, 0x66, 0x77, 0xff, 0x77, 0x66, 0x77, 0xff,
	0x77, 0x66, 0x77, 0xff, 0x77, 0x66, 0x77, 0xff, 0x77, 0x66, 0x77, 0xff, 0x77, 0x66, 0x77, 0xff, 0x77, 0x66, 0x77, 0xff, 0x77, 0x66, 0x77, 0xff, 0x77, 0x66, 0x77, 0xff, 0x77, 0x66, 0x77, 0xff,
	0x77, 0x66, 0x77, 0xff, 0x77, 0x66, 0x77, 0xff, 0x77, 0x66, 0x77, 0xff, 0x77, 0x66, 0x77, 0xff, 0x77, 0x7e, 0x77, 0xff, 0x77, 0x7e, 0x77, 0xff, 0x77, 0x7e, 0x77, 0xff, 0x77, 0x7e, 0x77, 0xff,
	0x77, 0x7e, 0x77, 0xff, 0x77, 0x7e, 0x77, 0xff, 0x77, 0x7e, 0x77, 0xff, 0x77, 0x7e, 0x77, 0xff, 0x77, 0x7e, 0x77, 0xff, 0x77, 0x7e, 0x77, 0xff, 0x77, 0x7e, 0x77, 0xff, 0x77, 0x7e, 0x77, 0xff,
	0x77, 0x7e, 0x77, 0xff, 0x77, 0x7e, 0x77, 0xff, 0x77, 0x7e, 0x77, 0xff, 0x77, 0x7e, 0x77, 0xff, 0x77, 0x7e, 0x77, 0xff, 0x77, 0x7e, 0x77, 0xff, 0x77, 0x7e, 0x77, 0xff, 0x77, 0x7e, 0x77, 0xff,
	0x77, 0x7e, 0x77, 0xff, 0x77, 0x7e, 0x77, 0xff, 0x77, 0x7e, 0x77, 0xff, 0x77, 0x7e, 0x77, 0xff, 0xb3, 0x7e, 0xb3, 0xff, 0xb3, 0x99, 0xb3, 0xff, 0xb3, 0x99, 0xb3, 0xff, 0xb3, 0x99, 0xb3, 0xff,
	0xb3, 0x99, 0xb3, 0xff, 0xb3, 0x99, 0xb3, 0xff, 0xb3, 0x99, 0xb3, 0xff, 0xb3, 0x99, 0xb3, 0xff, 0xb3, 0x99, 0xb3, 0xff, 0xb3, 0x99, 0xb3, 0xff, 0xb3, 0x99, 0xb3, 0xff, 0xb3, 0x99, 0xb3, 0xff,
	0xb3, 0x99, 0xb3, 0xff, 0xb3, 0x99, 0xb3, 0xff, 0xb3, 0x99, 0xb3, 0xff, 0xb3, 0x99, 0xb3, 0xff, 0xb3, 0x99, 0xb3, 0xff, 0xb3, 0x99, 0xb3, 0xff, 0xb3, 0x99, 0xb3, 0xff, 0xb3, 0x99, 0xb3, 0xff,
	0xb3, 0x99, 0xb3, 0xff, 0xb3, 0x99, 0xb3, 0xff, 0xb3, 0x99, 0xb3, 0xff, 0xb3, 0x99, 0xb3, 0xff, 0xb3, 0x99, 0xb3, 0xff, 0xb3, 0x99, 0xb3, 0xff, 0xb3, 0x99, 0xb3, 0xff, 0xb3, 0x99, 0xb3, 0xff,
	0xb3, 0x99, 0xb3, 0xff, 0xb3, 0xb8, 0xb3, 0xff, 0xb3, 0xb8, 0xb3, 0xff, 0xb3, 0xb8, 0xb3, 0xff, 0xb3, 0xb8, 0xb3, 0xff, 0xb3, 0xb8, 0xb3, 0xff, 0xb3, 0xb8, 0xb3, 0xff, 0xb3, 0xb8, 0xb3, 0xff,
	0xb3, 0xb8, 0xb3, 0xff, 0xb3, 0xb8, 0xb3, 0xff, 0xb3, 0xb8, 0xb3, 0xff, 0xb3, 0xb8, 0xb3, 0xff, 0xb3, 0xb8, 0xb3, 0xff, 0xb3, 0xb8, 0xb3, 0xff, 0xb3, 0xb8, 0xb3, 0xff, 0xb3, 0xb8, 0xb3, 0xff,
	0xb3, 0xb8, 0xb3, 0xff, 0xb3, 0xb8, 0xb3, 0xff, 0xb3, 0xb8, 0xb3, 0xff, 0xb3, 0xb8, 0xb3, 0xff, 0xb3, 0xb8, 0xb3, 0xff, 0xb3, 0xb8, 0xb3, 0xff, 0xb3, 0xb8, 0xb3, 0xff, 0xb3, 0xb8, 0xb3, 0xff,
	0xb3, 0xb8, 0xb3, 0xff, 0xb3, 0xb8, 0xb3, 0xff, 0xb3, 0xb8, 0xb3, 0xff, 0xb3, 0xb8, 0xb3, 0xff, 0xb3, 0xb8, 0xb3, 0xff, 0xb3, 0xb8, 0xb3, 0xff, 0xb3, 0xb8, 0xb3, 0xff, 0xb3, 0xb8, 0xb3, 0xff,
	0xb3, 0xda, 0xb3, 0xff, 0xb3, 0xda, 0xb3, 0xff, 0xb3, 0xda, 0xb3, 0xff, 0xb3, 0xda, 0xb3, 0xff, 0xff, 0xda, 0xff, 0xff, 0xff, 0xda, 0xff, 0xff, 0xff, 0xda, 0xff, 0xff, 0xff, 0xda, 0xff, 0xff,
	0xff, 0xda, 0xff, 0xff, 0xff, 0xda, 0xff, 0xff, 0xff, 0xda, 0xff, 0xff, 0xff, 0xda, 0xff, 0xff, 0xff, 0xda, 0xff, 0xff, 0xff, 0xda, 0xff, 0xff, 0xff, 0xda, 0xff, 0xff, 0xff, 0xda, 0xff, 0xff,
	0xff, 0xda, 0xff, 0xff, 0xff, 0xda, 0xff, 0xff, 0xff, 0xda, 0xff, 0xff, 0xff, 0xda, 0xff, 0xff, 0xff, 0xda, 0xff, 0xff, 0xff, 0xda, 0xff, 0xff, 0xff, 0xda, 0xff, 0xff, 0xff, 0xda, 0xff, 0xff,
	0xff, 0xda, 0xff, 0xff, 0xff, 0xda, 0xff, 0xff, 0xff, 0xda, 0xff, 0xff, 0xff, 0xda, 0xff, 0xff, 0xff, 0xda, 0xff, 0xff, 0xff, 0xda, 0xff, 0xff, 0xff, 0xda, 0xff, 0xff, 0xff, 0xda, 0xff, 0xff,
	0xff, 0xda, 0xff, 0xff, 0xff, 0xda, 0xff, 0xff, 0xff, 0xff, 0xff, 0xff, 0xff, 0xff, 0xff, 0xff, 0xff, 0xff, 0xff, 0xff, 0xff, 0xff, 0xff, 0xff, 0xff, 0xff, 0xff, 0xff, 0xff, 0xff, 0xff, 0xff,
	0xff, 0xff, 0xff, 0xff, 0xff, 0xff, 0xff, 0xff, 0xff, 0xff, 0xff, 0xff, 0xff, 0xff, 0xff, 0xff, 0xff, 0xff, 0xff, 0xff, 0xff, 0xff, 0xff, 0xff, 0xff, 0xff, 0xff, 0xff, 0xff, 0xff, 0xff, 0xff,
	0xff, 0xff, 0xff, 0xff, 0xff, 0xff, 0xff, 0xff, 0xff, 0xff, 0xff, 0xff, 0xff, 0xff, 0xff, 0xff, 0xff, 0xff, 0xff, 0xff, 0xff, 0xff, 0xff, 0xff, 0xff, 0xff, 0xff, 0xff, 0xff, 0xff, 0xff, 0xff,
	0xff, 0xff, 0xff, 0xff, 0xff, 0xff, 0xff, 0xff, 0xff, 0xff, 0xff, 0xff, 0xff, 0xff, 0xff, 0xff, 0xff, 0xff, 0xff, 0xff, 0xff, 0xff, 0xff, 0xff, 0xff, 0xff, 0xff, 0xff, 0xff, 0xff, 0xff, 0xff,
	0x00, 0x00, 0x00, 0xff, 0x04, 0x01, 0x04, 0xff, 0x04, 0x01, 0x04, 0xff, 0x04, 0x04, 0x04, 0xff, 0x04, 0x04, 0x04, 0xff, 0x04, 0x04, 0x04, 0xff, 0x04, 0x08, 0x04, 0xff, 0x04, 0x08, 0x04, 0xff,
	0x10, 0x08, 0x10, 0xff, 0x10, 0x08, 0x10, 0xff, 0x10, 0x0e, 0x10, 0xff, 0x10, 0x0e, 0x10, 0xff, 0x10, 0x0e, 0x10, 0xff, 0x10, 0x0e, 0x10, 0xff, 0x10, 0x0e, 0x10, 0xff, 0x10, 0x0e, 0x10, 0xff,
	0x10, 0x0e, 0x10, 0xff, 0x10, 0x17, 0x10, 0xff, 0x10, 0x17, 0x10, 0xff, 0x10, 0x17, 0x10, 0xff, 0x10, 0x17, 0x10, 0xff, 0x10, 0x17, 0x10, 0xff, 0x10, 0x17, 0x10, 0xff, 0x27, 0x17, 0x27, 0xff,
	0x27, 0x17, 0x27, 0xff, 0x27, 0x17, 0x27, 0xff, 0x27, 0x21, 0x27, 0xff, 0x27, 0x21, 0x27, 0xff, 0x27, 0x21, 0x27, 0xff, 0x27, 0x21, 0x27, 0xff, 0x27, 0x21, 0x27, 0xff, 0x27, 0x21, 0x27, 0xff,
	0x27, 0x21, 0x27, 0xff, 0x27, 0x21, 0x27, 0xff, 0x27, 0x21, 0x27, 0xff, 0x27, 0x21, 0x27, 0xff, 0x27, 0x21, 0x27, 0xff, 0x27, 0x21, 0x27, 0xff, 0x27, 0x2f, 0x27, 0xff, 0x27, 0x2f, 0x27, 0xff,
	0x27, 0x2f, 0x27, 0xff, 0x27, 0x2f, 0x27, 0xff, 0x27, 0x2f, 0x27, 0xff, 0x27, 0x2f, 0x27, 0xff, 0x27, 0x2f, 0x27, 0xff, 0x27, 0x2f, 0x27, 0xff, 0x27, 0x2f, 0x27, 0xff, 0x27, 0x2f, 0x27, 0xff,
	0x48, 0x2f, 0x48, 0xff, 0x48, 0x2f, 0x48, 0xff, 0x48, 0x2f, 0x48, 0xff, 0x48, 0x2f, 0x48, 0xff, 0x48, 0x3e, 0x48, 0xff, 0x48, 0x3e, 0x48, 0xff, 0x48, 0x3e, 0x48, 0xff, 0x48, 0x3e, 0x48, 0xff,
	0x48, 0x3e, 0x48, 0xff, 0x48, 0x3e, 0x48, 0xff, 0x48, 0x3e, 0x48, 0xff, 0x48, 0x3e, 0x48, 0xff, 0x48, 0x3e, 0x48, 0xff, 0x48, 0x3e, 0x48, 0xff, 0x48, 0x3e, 0x48, 0xff, 0x48, 0x3e, 0x48, 0xff,
	0x48, 0x3e, 0x48, 0xff, 0x48, 0x3e, 0x48, 0xff, 0x48, 0x3e, 0x48, 0xff, 0x48, 0x3e, 0x48, 0xff, 0x48, 0x51, 0x48, 0xff, 0x48, 0x51, 0x48, 0xff, 0x48, 0x51, 0x48, 0xff, 0x48, 0x51, 0x48, 0xff,
	0x48, 0x51, 0x48, 0xff, 0x48, 0x51, 0x48, 0xff, 0x48, 0x51, 0x48, 0xff, 0x48, 0x51, 0x48, 0xff, 0x48, 0x51, 0x48, 0xff, 0x48, 0x51, 0x48, 0xff, 0x48, 0x51, 0x48, 0xff, 0x48, 0x51, 0x48, 0xff,
	0x48, 0x51, 0x48, 0xff, 0x48, 0x51, 0x48, 0xff, 0x48, 0x51, 0x48, 0xff, 0x48, 0x51, 0x48, 0xff, 0x48, 0x51, 0x48, 0xff, 0x77, 0x51, 0x77, 0xff, 0x77, 0x51, 0x77, 0xff, 0x77, 0x66, 0x77, 0xff,
	0x77, 0x66, 0x77, 0xff, 0x77, 0x66, 0x77, 0xff, 0x77, 0x66, 0x77, 0xff, 0x77, 0x66, 0x77, 0xff, 0x77, 0x66, 0x77, 0xff, 0x77, 0x66, 0x77, 0xff, 0x77, 0x66, 0x77, 0xff, 0x77, 0x66, 0x77, 0xff,
	0x77, 0x66, 0x77, 0xff, 0x77, 0x66, 0x77, 0xff, 0x77, 0x66, 0x77, 0xff, 0x77, 0x66, 0x77, 0xff, 0x77, 0x66, 0x77, 0xff, 0x77, 0x66, 0x77, 0xff, 0x77, 0x66, 0x77, 0xff, 0x77, 0x66, 0x77, 0xff,
	0x77, 0x66, 0x77, 0xff, 0x77, 0x66, 0x77, 0xff, 0x77, 0x66, 0x77, 0xff, 0x77, 0x66, 0x77, 0xff, 0x77, 0x66, 0x77, 0xff, 0x77, 0x66, 0x77, 0xff, 0x77, 0x7e, 0x77, 0xff, 0x77, 0x7e, 0x77, 0xff,
	0x77, 0x7e, 0x77, 0xff, 0x77, 0x7e, 0x77, 0xff, 0x77, 0x7e, 0x77, 0xff, 0x77, 0x7e, 0x77, 0xff, 0x77, 0x7e, 0x77, 0xff, 0x77, 0x7e, 0x77, 0xff, 0x77, 0x7e, 0x77, 0xff, 0x77, 0x7e, 0x77, 0xff,
	0x77, 0x7e, 0x77, 0xff, 0x77, 0x7e, 0x77, 0xff, 0x77, 0x7e, 0x77, 0xff, 0x77, 0x7e, 0x77, 0xff, 0x77, 0x7e, 0x77, 0xff, 0x77, 0x7e, 0x77, 0xff, 0x77, 0x7e, 0x77, 0xff, 0x77, 0x7e, 0x77, 0xff,
	0x77, 0x7e, 0x77, 0xff, 0x77, 0x7e, 0x77, 0xff, 0x77, 0x7e, 0x77, 0xff, 0x77, 0x7e, 0x77, 0xff, 0x77, 0x7e, 0x77, 0xff, 0x77, 0x7e, 0x77, 0xff, 0x77, 0x7e, 0x77, 0xff, 0x77, 0x99, 0x77, 0xff,
	0xb3, 0x99, 0xb3, 0xff, 0xb3, 0x99, 0xb3, 0xff, 0xb3, 0x99, 0xb3, 0xff, 0xb3, 0x99, 0xb3, 0xff, 0xb3, 0x99, 0xb3, 0xff, 0xb3, 0x99, 0xb3, 0xff, 0xb3, 0x99, 0xb3, 0xff, 0xb3, 0x99, 0xb3, 0xff,
	0xb3, 0x99, 0xb3, 0xff, 0xb3, 0x99, 0xb3, 0xff, 0xb3, 0x99, 0xb3, 0xff, 0xb3, 0x99, 0xb3, 0xff, 0xb3, 0x99, 0xb3, 0xff, 0xb3, 0x99, 0xb3, 0xff, 0xb3, 0x99, 0xb3, 0xff, 0xb3, 0x99, 0xb3, 0xff,
	0xb3, 0x99, 0xb3, 0xff, 0xb3, 0x99, 0xb3, 0xff, 0xb3, 0x99, 0xb3, 0xff, 0xb3, 0x99, 0xb3, 0xff, 0xb3, 0x99, 0xb3, 0xff, 0xb3, 0x99, 0xb3, 0xff, 0xb3, 0x99, 0xb3, 0xff, 0xb3, 0x99, 0xb3, 0xff,
	0xb3, 0x99, 0xb3, 0xff, 0xb3, 0x99, 0xb3, 0xff, 0xb3, 0x99, 0xb3, 0xff, 0xb3, 0xb8, 0xb3, 0xff, 0xb3, 0xb8, 0xb3, 0xff, 0xb3, 0xb8, 0xb3, 0xff, 0xb3, 0xb8, 0xb3, 0xff, 0xb3, 0xb8, 0xb3, 0xff,
	0xb3, 0xb8, 0xb3, 0xff, 0xb3, 0xb8, 0xb3, 0xff, 0xb3, 0xb8, 0xb3, 0xff, 0xb3, 0xb8, 0xb3, 0xff, 0xb3, 0xb8, 0xb3, 0xff, 0xb3, 0xb8, 0xb3, 0xff, 0xb3, 0xb8, 0xb3, 0xff, 0xb3, 0xb8, 0xb3, 0xff,
	0xb3, 0xb8, 0xb3, 0xff, 0xb3, 0xb8, 0xb3, 0xff, 0xb3, 0xb8, 0xb3, 0xff, 0xb3, 0xb8, 0xb3, 0xff, 0xb3, 0xb8, 0xb3, 0xff, 0xb3, 0xb8, 0xb3, 0xff, 0xb3, 0xb8, 0xb3, 0xff, 0xb3, 0xb8, 0xb3, 0xff,
	0xb3, 0xb8, 0xb3, 0xff, 0xb3, 0xb8, 0xb3, 0xff, 0xb3, 0xb8, 0xb3, 0xff, 0xb3, 0xb8, 0xb3, 0xff, 0xb3, 0xb8, 0xb3, 0xff, 0xb3, 0xb8, 0xb3, 0xff, 0xb3, 0xb8, 0xb3, 0xff, 0xb3, 0xb8, 0xb3, 0xff,
	0xb3, 0xb8, 0xb3, 0xff, 0xb3, 0xb8, 0xb3, 0xff, 0xb3, 0xda, 0xb3, 0xff, 0xb3, 0xda, 0xb3, 0xff, 0xb3, 0xda, 0xb3, 0xff, 0xb3, 0xda, 0xb3, 0xff, 0xb3, 0xda, 0xb3, 0xff, 0xb3, 0xda, 0xb3, 0xff,
	0xff, 0xda, 0xff, 0xff, 0xff, 0xda, 0xff, 0xff, 0xff, 0xda, 0xff, 0xff, 0xff, 0xda, 0xff, 0xff, 0xff, 0xda, 0xff, 0xff, 0xff, 0xda, 0xff, 0xff, 0xff, 0xda, 0xff, 0xff, 0xff, 0xda, 0xff, 0xff,
	0xff, 0xda, 0xff, 0xff, 0xff, 0xda, 0xff, 0xff, 0xff, 0xda, 0xff, 0xff, 0xff, 0xda, 0xff, 0xff, 0xff, 0xda, 0xff, 0xff, 0xff, 0xda, 0xff, 0xff, 0xff, 0xda, 0xff, 0xff, 0xff, 0xda, 0xff, 0xff,
	0xff, 0xda, 0xff, 0xff, 0xff, 0xda, 0xff, 0xff, 0xff, 0xda, 0xff, 0xff, 0xff, 0xda, 0xff, 0xff, 0xff, 0xda, 0xff, 0xff, 0xff, 0xda, 0xff, 0xff, 0xff, 0xda, 0xff, 0xff, 0xff, 0xda, 0xff, 0xff,
	0xff, 0xda, 0xff, 0xff, 0xff, 0xda, 0xff, 0xff, 0xff, 0xda, 0xff, 0xff, 0xff, 0xda, 0xff, 0xff, 0xff, 0xda, 0xff, 0xff, 0xff, 0xff, 0xff, 0xff, 0xff, 0xff, 0xff, 0xff, 0xff, 0xff, 0xff, 0xff,
	0xff, 0xff, 0xff, 0xff, 0xff, 0xff, 0xff, 0xff, 0xff, 0xff, 0xff, 0xff, 0xff, 0xff, 0xff, 0xff, 0xff, 0xff, 0xff, 0xff, 0xff, 0xff, 0xff, 0xff, 0xff, 0xff, 0xff, 0xff, 0xff, 0xff, 0xff, 0xff,
	0xff, 0xff, 0xff, 0xff, 0xff, 0xff, 0xff, 0xff, 0xff, 0xff, 0xff, 0xff, 0xff, 0xff, 0xff, 0xff, 0xff, 0xff, 0xff, 0xff, 0xff, 0xff, 0xff, 0xff, 0xff, 0xff, 0xff, 0xff, 0xff, 0xff, 0xff, 0xff,
	0xff, 0xff, 0xff, 0xff, 0xff, 0xff, 0xff, 0xff, 0xff, 0xff, 0xff, 0xff, 0xff, 0xff, 0xff, 0xff, 0xff, 0xff, 0xff, 0xff, 0xff, 0xff, 0xff, 0xff, 0xff, 0xff, 0xff, 0xff, 0xff, 0xff, 0xff, 0xff,
	0x00, 0x00, 0x00, 0xff, 0x04, 0x01, 0x04, 0xff, 0x04, 0x01, 0x04, 0xff, 0x04, 0x04, 0x04, 0xff, 0x04, 0x04, 0x04, 0xff, 0x04, 0x04, 0x04, 0xff, 0x04, 0x08, 0x04, 0xff, 0x04, 0x08, 0x04, 0xff,
	0x10, 0x08, 0x10, 0xff, 0x10, 0x08, 0x10, 0xff, 0x10, 0x08, 0x10, 0xff, 0x10, 0x0e, 0x10, 0xff, 0x10, 0x0e, 0x10, 0xff, 0x10, 0x0e, 0x10, 0xff, 0x10, 0x0e, 0x10, 0xff, 0x10, 0x0e, 0x10, 0xff,
	0x10, 0x0e, 0x10, 0xff, 0x10, 0x0e, 0x10, 0xff, 0x10, 0x17, 0x10, 0xff, 0x10, 0x17, 0x10, 0xff, 0x10, 0x17, 0x10, 0xff, 0x10, 0x17, 0x10, 0xff, 0x10, 0x17, 0x10, 0xff, 0x10, 0x17, 0x10, 0xff,
	0x27, 0x17, 0x27, 0xff, 0x27, 0x17, 0x27, 0xff, 0x27, 0x17, 0x27, 0xff, 0x27, 0x21, 0x27, 0xff, 0x27, 0x21, 0x27, 0xff, 0x27, 0x21, 0x27, 0xff, 0x27, 0x21, 0x27, 0xff, 0x27, 0x21, 0x27, 0xff,
	0x27, 0x21, 0x27, 0xff, 0x27, 0x21, 0x27, 0xff, 0x27, 0x21, 0x27, 0xff, 0x27, 0x21, 0x27, 0xff, 0x27, 0x21, 0x27, 0xff, 0x27, 0x21, 0x27, 0xff, 0x27, 0x21, 0x27, 0xff, 0x27, 0x2f, 0x27, 0xff,
	0x27, 0x2f, 0x27, 0xff, 0x27, 0x2f, 0x27, 0xff, 0x27, 0x2f, 0x27, 0xff, 0x27, 0x2f, 0x27, 0xff, 0x27, 0x2f, 0x27, 0xff, 0x27, 0x2f, 0x27, 0xff, 0x27, 0x2f, 0x27, 0xff, 0x27, 0x2f, 0x27, 0xff,
	0x27, 0x2f, 0x27, 0xff, 0x27, 0x2f, 0x27, 0xff, 0x48, 0x2f, 0x48, 0xff, 0x48, 0x2f, 0x48, 0xff, 0x48, 0x2f, 0x48, 0xff, 0x48, 0x3e, 0x48, 0xff, 0x48, 0x3e, 0x48, 0xff, 0x48, 0x3e, 0x48, 0xff,
	0x48, 0x3e, 0x48, 0xff, 0x48, 0x3e, 0x48, 0xff, 0x48, 0x3e, 0x48, 0xff, 0x48, 0x3e, 0x48, 0xff, 0x48, 0x3e, 0x48, 0xff, 0x48, 0x3e, 0x48, 0xff, 0x48, 0x3e, 0x48, 0xff, 0x48, 0x3e, 0x48, 0xff,
	0x48, 0x3e, 0x48, 0xff, 0x48, 0x3e, 0x48, 0xff, 0x48, 0x3e, 0x48, 0xff, 0x48, 0x3e, 0x48, 0xff, 0x48, 0x3e, 0x48, 0xff, 0x48, 0x51, 0x48, 0xff, 0x48, 0x51, 0x48, 0xff, 0x48, 0x51, 0x48, 0xff,
	0x48, 0x51, 0x48, 0xff, 0x48, 0x51, 0x48, 0xff, 0x48, 0x51, 0x48, 0xff, 0x48, 0x51, 0x48, 0xff, 0x48, 0x51, 0x48, 0xff, 0x48, 0x51, 0x48, 0xff, 0x48, 0x51, 0x48, 0xff, 0x48, 0x51, 0x48, 0xff,
	0x48, 0x51, 0x48, 0xff, 0x48, 0x51, 0x48, 0xff, 0x48, 0x51, 0x48, 0xff, 0x48, 0x51, 0x48, 0xff, 0x48, 0x51, 0x48, 0xff, 0x48, 0x51, 0x48, 0xff, 0x48, 0x51, 0x48, 0xff, 0x48, 0x51, 0x48, 0xff,
	0x77, 0x51, 0x77, 0xff, 0x77, 0x66, 0x77, 0xff, 0x77, 0x66, 0x77, 0xff, 0x77, 0x66, 0x77, 0xff, 0x77, 0x66, 0x77, 0xff, 0x77, 0x66, 0x77, 0xff, 0x77, 0x66, 0x77, 0xff, 0x77, 0x66, 0x77, 0xff,
	0x77, 0x66, 0x77, 0xff, 0x77, 0x66, 0x77, 0xff, 0x77, 0x66, 0x77, 0xff, 0x77, 0x66, 0x77, 0xff, 0x77, 0x66, 0x77, 0xff, 0x77, 0x66, 0x77, 0xff, 0x77, 0x66, 0x77, 0xff, 0x77, 0x66, 0x77, 0xff,
	0x77, 0x66, 0x77, 0xff, 0x77, 0x66, 0x77, 0xff, 0x77, 0x66, 0x77, 0xff, 0x77, 0x66, 0x77, 0xff, 0x77, 0x66, 0x77, 0xff, 0x77, 0x66, 0x77, 0xff, 0x77, 0x66, 0x77, 0xff, 0x77, 0x7e, 0x77, 0xff,
	0x77, 0x7e, 0x77, 0xff, 0x77, 0x7e, 0x77, 0xff, 0x77, 0x7e, 0x77, 0xff, 0x77, 0x7e, 0x77, 0xff, 0x77, 0x7e, 0x77, 0xff, 0x77, 0x7e, 0x77, 0xff, 0x77, 0x7e, 0x77, 0xff, 0x77, 0x7e, 0x77, 0xff,
	0x77, 0x7e, 0x77, 0xff, 0x77, 0x7e, 0x77, 0xff, 0x77, 0x7e, 0x77, 0xff, 0x77, 0x7e, 0x77, 0xff, 0x77, 0x7e, 0x77, 0xff, 0x77, 0x7e, 0x77, 0xff, 0x77, 0x7e, 0x77, 0xff, 0x77, 0x7e, 0x77, 0xff,
	0x77, 0x7e, 0x77, 0xff, 0x77, 0x7e, 0x77, 0xff, 0x77, 0x7e, 0x77, 0xff, 0x77, 0x7e, 0x77, 0xff, 0x77, 0x7e, 0x77, 0xff, 0x77, 0x7e, 0x77, 0xff, 0x77, 0x7e, 0x77, 0xff, 0x77, 0x7e, 0x77, 0xff,
	0x77, 0x99, 0x77, 0xff, 0x77, 0x99, 0x77, 0xff, 0x77, 0x99, 0x77, 0xff, 0xb3, 0x99, 0xb3, 0xff, 0xb3, 0x99, 0xb3, 0xff, 0xb3, 0x99, 0xb3, 0xff, 0xb3, 0x99, 0xb3, 0xff, 0xb3, 0x99, 0xb3, 0xff,
	0xb3, 0x99, 0xb3, 0xff, 0xb3, 0x99, 0xb3, 0xff, 0xb3, 0x99, 0xb3, 0xff, 0xb3, 0x99, 0xb3, 0xff, 0xb3, 0x99, 0xb3, 0xff, 0xb3, 0x99, 0xb3, 0xff, 0xb3, 0x99, 0xb3, 0xff, 0xb3, 0x99, 0xb3, 0xff,
	0xb3, 0x99, 0xb3, 0xff, 0xb3, 0x99, 0xb3, 0xff, 0xb3, 0x99, 0xb3, 0xff, 0xb3, 0x99, 0xb3, 0xff, 0xb3, 0x99, 0xb3, 0xff, 0xb3, 0x99, 0xb3, 0xff, 0xb3, 0x99, 0xb3, 0xff, 0xb3, 0x99, 0xb3, 0xff,
	0xb3, 0x99, 0xb3, 0xff, 0xb3, 0x99, 0xb3, 0xff, 0xb3, 0x99, 0xb3, 0xff, 0xb3, 0x99, 0xb3, 0xff, 0xb3, 0x99, 0xb3, 0xff, 0xb3, 0xb8, 0xb3, 0xff, 0xb3, 0xb8, 0xb3, 0xff, 0xb3, 0xb8, 0xb3, 0xff,
	0xb3, 0xb8, 0xb3, 0xff, 0xb3, 0xb8, 0xb3, 0xff, 0xb3, 0xb8, 0xb3, 0xff, 0xb3, 0xb8, 0xb3, 0xff, 0xb3, 0xb8, 0xb3, 0xff, 0xb3, 0xb8, 0xb3, 0xff, 0xb3, 0xb8, 0xb3, 0xff, 0xb3, 0xb8, 0xb3, 0xff,
	0xb3, 0xb8, 0xb3, 0xff, 0xb3, 0xb8, 0xb3, 0xff, 0xb3, 0xb8, 0xb3, 0xff, 0xb3, 0xb8, 0xb3, 0xff, 0xb3, 0xb8, 0xb3, 0xff, 0xb3, 0xb8, 0xb3, 0xff, 0xb3, 0xb8, 0xb3, 0xff, 0xb3, 0xb8, 0xb3, 0xff,
	0xb3, 0xb8, 0xb3, 0xff, 0xb3, 0xb8, 0xb3, 0xff, 0xb3, 0xb8, 0xb3, 0xff, 0xb3, 0xb8, 0xb3, 0xff, 0xb3, 0xb8, 0xb3, 0xff, 0xb3, 0xb8, 0xb3, 0xff, 0xb3, 0xb8, 0xb3, 0xff, 0xb3, 0xb8, 0xb3, 0xff,
	0xb3, 0xb8, 0xb3, 0xff, 0xb3, 0xb8, 0xb3, 0xff, 0xb3, 0xb8, 0xb3, 0xff, 0xb3, 0xb8, 0xb3, 0xff, 0xb3, 0xda, 0xb3, 0xff, 0xb3, 0xda, 0xb3, 0xff, 0xb3, 0xda, 0xb3, 0xff, 0xb3, 0xda, 0xb3, 0xff,
	0xb3, 0xda, 0xb3, 0xff, 0xb3, 0xda, 0xb3, 0xff, 0xb3, 0xda, 0xb3, 0xff, 0xb3, 0xda, 0xb3, 0xff, 0xff, 0xda, 0xff, 0xff, 0xff, 0xda, 0xff, 0xff, 0xff, 0xda, 0xff, 0xff, 0xff, 0xda, 0xff, 0xff,
	0xff, 0xda, 0xff, 0xff, 0xff, 0xda, 0xff, 0xff, 0xff, 0xda, 0xff, 0xff, 0xff, 0xda, 0xff, 0xff, 0xff, 0xda, 0xff, 0xff, 0xff, 0xda, 0xff, 0xff, 0xff, 0xda, 0xff, 0xff, 0xff, 0xda, 0xff, 0xff,
	0xff, 0xda, 0xff, 0xff, 0xff, 0xda, 0xff, 0xff, 0xff, 0xda, 0xff, 0xff, 0xff, 0xda, 0xff, 0xff, 0xff, 0xda, 0xff, 0xff, 0xff, 0xda, 0xff, 0xff, 0xff, 0xda, 0xff, 0xff, 0xff, 0xda, 0xff, 0xff,
	0xff, 0xda, 0xff, 0xff, 0xff, 0xda, 0xff, 0xff, 0xff, 0xda, 0xff, 0xff, 0xff, 0xda, 0xff, 0xff, 0xff, 0xda, 0xff, 0xff, 0xff, 0xda, 0xff, 0xff, 0xff, 0xda, 0xff, 0xff, 0xff, 0xff, 0xff, 0xff,
	0xff, 0xff, 0xff, 0xff, 0xff, 0xff, 0xff, 0xff, 0xff, 0xff, 0xff, 0xff, 0xff, 0xff, 0xff, 0xff, 0xff, 0xff, 0xff, 0xff, 0xff, 0xff, 0xff, 0xff, 0xff, 0xff, 0xff, 0xff, 0xff, 0xff, 0xff, 0xff,
	0xff, 0xff, 0xff, 0xff, 0xff, 0xff, 0xff, 0xff, 0xff, 0xff, 0xff, 0xff, 0xff, 0xff, 0xff, 0xff, 0xff, 0xff, 0xff, 0xff, 0xff, 0xff, 0xff, 0xff, 0xff, 0xff, 0xff, 0xff, 0xff, 0xff, 0xff, 0xff,
	0xff, 0xff, 0xff, 0xff, 0xff, 0xff, 0xff, 0xff, 0xff, 0xff, 0xff, 0xff, 0xff, 0xff, 0xff, 0xff, 0xff, 0xff, 0xff, 0xff, 0xff, 0xff, 0xff, 0xff, 0xff, 0xff, 0xff, 0xff, 0xff, 0xff, 0xff, 0xff,
	0x00, 0x00, 0x00, 0xff, 0x00, 0x01, 0x00, 0xff, 0x04, 0x01, 0x04, 0xff, 0x04, 0x04, 0x04, 0xff, 0x04, 0x04, 0x04, 0xff, 0x04, 0x04, 0x04, 0xff, 0x04, 0x08, 0x04, 0xff, 0x04, 0x08, 0x04, 0xff,
	0x04, 0x08, 0x04, 0xff, 0x10, 0x08, 0x10, 0xff, 0x10, 0x08, 0x10, 0xff, 0x10, 0x0e, 0x10, 0xff, 0x10, 0x0e, 0x10, 0xff, 0x10, 0x0e, 0x10, 0xff, 0x10, 0x0e, 0x10, 0xff, 0x10, 0x0e, 0x10, 0xff,
	0x10, 0x0e, 0x10, 0xff, 0x10, 0x0e, 0x10, 0xff, 0x10, 0x17, 0x10, 0xff, 0x10, 0x17, 0x10, 0xff, 0x10, 0x17, 0x10, 0xff, 0x10, 0x17, 0x10, 0xff, 0x10, 0x17, 0x10, 0xff, 0x10, 0x17, 0x10, 0xff,
	0x10, 0x17, 0x10, 0xff, 0x27, 0x17, 0x27, 0xff, 0x27, 0x17, 0x27, 0xff, 0x27, 0x17, 0x27, 0xff, 0x27, 0x21, 0x27, 0xff, 0x27, 0x21, 0x27, 0xff, 0x27, 0x21, 0x27, 0xff, 0x27, 0x21, 0x27, 0xff,
	0x27, 0x21, 0x27, 0xff, 0x27, 0x21, 0x27, 0xff, 0x27, 0x21, 0x27, 0xff, 0x27, 0x21, 0x27, 0xff, 0x27, 0x21, 0x27, 0xff, 0x27, 0x21, 0x27, 0xff, 0x27, 0x21, 0x27, 0xff, 0x27, 0x2f, 0x27, 0xff,
	0x27, 0x2f, 0x27, 0xff, 0x27, 0x2f, 0x27, 0xff, 0x27, 0x2f, 0x27, 0xff, 0x27, 0x2f, 0x27, 0xff, 0x27, 0x2f, 0x27, 0xff, 0x27, 0x2f, 0x27, 0xff, 0x27, 0x2f, 0x27, 0xff, 0x27, 0x2f, 0x27, 0xff,
	0x27, 0x2f, 0x27, 0xff, 0x27, 0x2f, 0x27, 0xff, 0x27, 0x2f, 0x27, 0xff, 0x27, 0x2f, 0x27, 0xff, 0x48, 0x2f, 0x48, 0xff, 0x48, 0x2f, 0x48, 0xff, 0x48, 0x3e, 0x48, 0xff, 0x48, 0x3e, 0x48, 0xff,
	0x48, 0x3e, 0x48, 0xff, 0x48, 0x3e, 0x48, 0xff, 0x48, 0x3e, 0x48, 0xff, 0x48, 0x3e, 0x48, 0xff, 0x48, 0x3e, 0x48, 0xff, 0x48, 0x3e, 0x48, 0xff, 0x48, 0x3e, 0x48, 0xff, 0x48, 0x3e, 0x48, 0xff,
	0x48, 0x3e, 0x48, 0xff, 0x48, 0x3e, 0x48, 0xff, 0x48, 0x3e, 0x48, 0xff, 0x48, 0x3e, 0x48, 0xff, 0x48, 0x3e, 0x48, 0xff, 0x48, 0x3e, 0x48, 0xff, 0x48, 0x51, 0x48, 0xff, 0x48, 0x51, 0x48, 0xff,
	0x48, 0x51, 0x48, 0xff, 0x48, 0x51, 0x48, 0xff, 0x48, 0x51, 0x48, 0xff, 0x48, 0x51, 0x48, 0xff, 0x48, 0x51, 0x48, 0xff, 0x48, 0x51, 0x48, 0xff, 0x48, 0x51, 0x48, 0xff, 0x48, 0x51, 0x48, 0xff,
	0x48, 0x51, 0x48, 0xff, 0x48, 0x51, 0x48, 0xff, 0x48, 0x51, 0x48, 0xff, 0x48, 0x51, 0x48, 0xff, 0x48, 0x51, 0x48, 0xff, 0x48, 0x51, 0x48, 0xff, 0x48, 0x51, 0x48, 0xff, 0x48, 0x51, 0x48, 0xff,
	0x48, 0x51, 0x48, 0xff, 0x48, 0x51, 0x48, 0xff, 0x48, 0x66, 0x48, 0xff, 0x77, 0x66, 0x77, 0xff, 0x77, 0x66, 0x77, 0xff, 0x77, 0x66, 0x77, 0xff, 0x77, 0x66, 0x77, 0xff, 0x77, 0x66, 0x77, 0xff,
	0x77, 0x66, 0x77, 0xff, 0x77, 0x66, 0x77, 0xff, 0x77, 0x66, 0x77, 0xff, 0x77, 0x66, 0x77, 0xff, 0x77, 0x66, 0x77, 0xff, 0x77, 0x66, 0x77, 0xff, 0x77, 0x66, 0x77, 0xff, 0x77, 0x66, 0x77, 0xff,
	0x77, 0x66, 0x77, 0xff, 0x77, 0x66, 0x77, 0xff, 0x77, 0x66, 0x77, 0xff, 0x77, 0x66, 0x77, 0xff, 0x77, 0x66, 0x77, 0xff, 0x77, 0x66, 0x77, 0xff, 0x77, 0x66, 0x77, 0xff, 0x77, 0x66, 0x77, 0xff,
	0x77, 0x7e, 0x77, 0xff, 0x77, 0x7e, 0x77, 0xff, 0x77, 0x7e, 0x77, 0xff, 0x77, 0x7e, 0x77, 0xff, 0x77, 0x7e, 0x77, 0xff, 0x77, 0x7e, 0x77, 0xff, 0x77, 0x7e, 0x77, 0xff, 0x77, 0x7e, 0x77, 0xff,
	0x77, 0x7e, 0x77, 0xff, 0x77, 0x7e, 0x77, 0xff, 0x77, 0x7e, 0x77, 0xff, 0x77, 0x7e, 0x77, 0xff, 0x77, 0x7e, 0x77, 0xff, 0x77, 0x7e, 0x77, 0xff, 0x77, 0x7e, 0x77, 0xff, 0x77, 0x7e, 0x77, 0xff,
	0x77, 0x7e, 0x77, 0xff, 0x77, 0x7e, 0x77, 0xff, 0x77, 0x7e, 0x77, 0xff, 0x77, 0x7e, 0x77, 0xff, 0x77, 0x7e, 0x77, 0xff, 0x77, 0x7e, 0x77, 0xff, 0x77, 0x7e, 0x77, 0xff, 0x77, 0x7e, 0x77, 0xff,
	0x77, 0x7e, 0x77, 0xff, 0x77, 0x7e, 0x77, 0xff, 0x77, 0x99, 0x77, 0xff, 0x77, 0x99, 0x77, 0xff, 0x77, 0x99, 0x77, 0xff, 0x77, 0x99, 0x77, 0xff, 0x77, 0x99, 0x77, 0xff, 0xb3, 0x99, 0xb3, 0xff,
	0xb3, 0x99, 0xb3, 0xff, 0xb3, 0x99, 0xb3, 0xff, 0xb3, 0x99, 0xb3, 0xff, 0xb3, 0x99, 0xb3, 0xff, 0xb3, 0x99, 0xb3, 0xff, 0xb3, 0x99, 0xb3, 0xff, 0xb3, 0x99, 0xb3, 0xff, 0xb3, 0x99, 0xb3, 0xff,
	0xb3, 0x99, 0xb3, 0xff, 0xb3, 0x99, 0xb3, 0xff, 0xb3, 0x99, 0xb3, 0xff, 0xb3, 0x99, 0xb3, 0xff, 0xb3, 0x99, 0xb3, 0xff, 0xb3, 0x99, 0xb3, 0xff, 0xb3, 0x99, 0xb3, 0xff, 0xb3, 0x99, 0xb3, 0xff,
	0xb3, 0x99, 0xb3, 0xff, 0xb3, 0x99, 0xb3, 0xff, 0xb3, 0x99, 0xb3, 0xff, 0xb3, 0x99, 0xb3, 0xff, 0xb3, 0x99, 0xb3, 0xff, 0xb3, 0x99, 0xb3, 0xff, 0xb3, 0xb8, 0xb3, 0xff, 0xb3, 0xb8, 0xb3, 0xff,
	0xb3, 0xb8, 0xb3, 0xff, 0xb3, 0xb8, 0xb3, 0xff, 0xb3, 0xb8, 0xb3, 0xff, 0xb3, 0xb8, 0xb3, 0xff, 0xb3, 0xb8, 0xb3, 0xff, 0xb3, 0xb8, 0xb3, 0xff, 0xb3, 0xb8, 0xb3, 0xff, 0xb3, 0xb8, 0xb3, 0xff,
	0xb3, 0xb8, 0xb3, 0xff, 0xb3, 0xb8, 0xb3, 0xff, 0xb3, 0xb8, 0xb3, 0xff, 0xb3, 0xb8, 0xb3, 0xff, 0xb3, 0xb8, 0xb3, 0xff, 0xb3, 0xb8, 0xb3, 0xff, 0xb3, 0xb8, 0xb3, 0xff, 0xb3, 0xb8, 0xb3, 0xff,
	0xb3, 0xb8, 0xb3, 0xff, 0xb3, 0xb8, 0xb3, 0xff, 0xb3, 0xb8, 0xb3, 0xff, 0xb3, 0xb8, 0xb3, 0xff, 0xb3, 0xb8, 0xb3, 0xff, 0xb3, 0xb8, 0xb3, 0xff, 0xb3, 0xb8, 0xb3, 0xff, 0xb3, 0xb8, 0xb3, 0xff,
	0xb3, 0xb8, 0xb3, 0xff, 0xb3, 0xb8, 0xb3, 0xff, 0xb3, 0xb8, 0xb3, 0xff, 0xb3, 0xb8, 0xb3, 0xff, 0xb3, 0xb8, 0xb3, 0xff, 0xb3, 0xb8, 0xb3, 0xff, 0xb3, 0xda, 0xb3, 0xff, 0xb3, 0xda, 0xb3, 0xff,
	0xb3, 0xda, 0xb3, 0xff, 0xb3, 0xda, 0xb3, 0xff, 0xb3, 0xda, 0xb3, 0xff, 0xb3, 0xda, 0xb3, 0xff, 0xb3, 0xda, 0xb3, 0xff, 0xb3, 0xda, 0xb3, 0xff, 0xb3, 0xda, 0xb3, 0xff, 0xb3, 0xda, 0xb3, 0xff,
	0xb3, 0xda, 0xb3, 0xff, 0xff, 0xda, 0xff, 0xff, 0xff, 0xda, 0xff, 0xff, 0xff, 0xda, 0xff, 0xff, 0xff, 0xda, 0xff, 0xff, 0xff, 0xda, 0xff, 0xff, 0xff, 0xda, 0xff, 0xff, 0xff, 0xda, 0xff, 0xff,
	0xff, 0xda, 0xff, 0xff, 0xff, 0xda, 0xff, 0xff, 0xff, 0xda, 0xff, 0xff, 0xff, 0xda, 0xff, 0xff, 0xff, 0xda, 0xff, 0xff, 0xff, 0xda, 0xff, 0xff, 0xff, 0xda, 0xff, 0xff, 0xff, 0xda, 0xff, 0xff,
	0xff, 0xda, 0xff, 0xff, 0xff, 0xda, 0xff, 0xff, 0xff, 0xda, 0xff, 0xff, 0xff, 0xda, 0xff, 0xff, 0xff, 0xda, 0xff, 0xff, 0xff, 0xda, 0xff, 0xff, 0xff, 0xda, 0xff, 0xff, 0xff, 0xda, 0xff, 0xff,
	0xff, 0xda, 0xff, 0xff, 0xff, 0xff, 0xff, 0xff, 0xff, 0xff, 0xff, 0xff, 0xff, 0xff, 0xff, 0xff, 0xff, 0xff, 0xff, 0xff, 0xff, 0xff, 0xff, 0xff, 0xff, 0xff, 0xff, 0xff, 0xff, 0xff, 0xff, 0xff,
	0xff, 0xff, 0xff, 0xff, 0xff, 0xff, 0xff, 0xff, 0xff, 0xff, 0xff, 0xff, 0xff, 0xff, 0xff, 0xff, 0xff, 0xff, 0xff, 0xff, 0xff, 0xff, 0xff, 0xff, 0xff, 0xff, 0xff, 0xff, 0xff, 0xff, 0xff, 0xff,
	0xff, 0xff, 0xff, 0xff, 0xff, 0xff, 0xff, 0xff, 0xff, 0xff, 0xff, 0xff, 0xff, 0xff, 0xff, 0xff, 0xff, 0xff, 0xff, 0xff, 0xff, 0xff, 0xff, 0xff, 0xff, 0xff, 0xff, 0xff, 0xff, 0xff, 0xff, 0xff,
	0x00, 0x00, 0x00, 0xff, 0x00, 0x01, 0x00, 0xff, 0x04, 0x01, 0x04, 0xff, 0x04, 0x04, 0x04, 0xff, 0x04, 0x04, 0x04, 0xff, 0x04, 0x04, 0x04, 0xff, 0x04, 0x08, 0x04, 0xff, 0x04, 0x08, 0x04, 0xff,
	0x04, 0x08, 0x04, 0xff, 0x04, 0x08, 0x04, 0xff, 0x10, 0x08, 0x10, 0xff, 0x10, 0x08, 0x10, 0xff, 0x10, 0x0e, 0x10, 0xff, 0x10, 0x0e, 0x10, 0xff, 0x10, 0x0e, 0x10, 0xff, 0x10, 0x0e, 0x10, 0xff,
	0x10, 0x0e, 0x10, 0xff, 0x10, 0x0e, 0x10, 0xff, 0x10, 0x0e, 0x10, 0xff, 0x10, 0x17, 0x10, 0xff, 0x10, 0x17, 0x10, 0xff, 0x10, 0x17, 0x10, 0xff, 0x10, 0x17, 0x10, 0xff, 0x10, 0x17, 0x10, 0xff,
	0x10, 0x17, 0x10, 0xff, 0x10, 0x17, 0x10, 0xff, 0x10, 0x17, 0x10, 0xff, 0x27, 0x17, 0x27, 0xff, 0x27, 0x21, 0x27, 0xff, 0x27, 0x21, 0x27, 0xff, 0x27, 0x21, 0x27, 0xff, 0x27, 0x21, 0x27, 0xff,
	0x27, 0x21, 0x27, 0xff, 0x27, 0x21, 0x27, 0xff, 0x27, 0x21, 0x27, 0xff, 0x27, 0x21, 0x27, 0xff, 0x27, 0x21, 0x27, 0xff, 0x27, 0x21, 0x27, 0xff, 0x27, 0x21, 0x27, 0xff, 0x27, 0x21, 0x27, 0xff,
	0x27, 0x2f, 0x27, 0xff, 0x27, 0x2f, 0x27, 0xff, 0x27, 0x2f, 0x27, 0xff, 0x27, 0x2f, 0x27, 0xff, 0x27, 0x2f, 0x27, 0xff, 0x27, 0x2f, 0x27, 0xff, 0x27, 0x2f, 0x27, 0xff, 0x27, 0x2f, 0x27, 0xff,
	0x27, 0x2f, 0x27, 0xff, 0x27, 0x2f, 0x27, 0xff, 0x27, 0x2f, 0x27, 0xff, 0x27, 0x2f, 0x27, 0xff, 0x27, 0x2f, 0x27, 0xff, 0x27, 0x2f, 0x27, 0xff, 0x48, 0x2f, 0x48, 0xff, 0x48, 0x3e, 0x48, 0xff,
	0x48, 0x3e, 0x48, 0xff, 0x48, 0x3e, 0x48, 0xff, 0x48, 0x3e, 0x48, 0xff, 0x48, 0x3e, 0x48, 0xff, 0x48, 0x3e, 0x48, 0xff, 0x48, 0x3e, 0x48, 0xff, 0x48, 0x3e, 0x48, 0xff, 0x48, 0x3e, 0x48, 0xff,
	0x48, 0x3e, 0x48, 0xff, 0x48, 0x3e, 0x48, 0xff, 0x48, 0x3e, 0x48, 0xff, 0x48, 0x3e, 0x48, 0xff, 0x48, 0x3e, 0x48, 0xff, 0x48, 0x3e, 0x48, 0xff, 0x48, 0x3e, 0x48, 0xff, 0x48, 0x3e, 0x48, 0xff,
	0x48, 0x51, 0x48, 0xff, 0x48, 0x51, 0x48, 0xff, 0x48, 0x51, 0x48, 0xff, 0x48, 0x51, 0x48, 0xff, 0x48, 0x51, 0x48, 0xff, 0x48, 0x51, 0x48, 0xff, 0x48, 0x51, 0x48, 0xff, 0x48, 0x51, 0x48, 0xff,
	0x48, 0x51, 0x48, 0xff, 0x48, 0x51, 0x48, 0xff, 0x48, 0x51, 0x48, 0xff, 0x48, 0x51, 0x48, 0xff, 0x48, 0x51, 0x48, 0xff, 0x48, 0x51, 0x48, 0xff, 0x48, 0x51, 0x48, 0xff, 0x48, 0x51, 0x48, 0xff,
	0x48, 0x51, 0x48, 0xff, 0x48, 0x51, 0x48, 0xff, 0x48, 0x51, 0x48, 0xff, 0x48, 0x66, 0x48, 0xff, 0x48, 0x66, 0x48, 0xff, 0x48, 0x66, 0x48, 0xff, 0x77, 0x66, 0x77, 0xff, 0x77, 0x66, 0x77, 0xff,
	0x77, 0x66, 0x77, 0xff, 0x77, 0x66, 0x77, 0xff, 0x77, 0x66, 0x77, 0xff, 0x77, 0x66, 0x77, 0xff, 0x77, 0x66, 0x77, 0xff, 0x77, 0x66, 0x77, 0xff, 0x77, 0x66, 0x77, 0xff, 0x77, 0x66, 0x77, 0xff,
	0x77, 0x66, 0x77, 0xff, 0x77, 0x66, 0x77, 0xff, 0x77, 0x66, 0x77, 0xff, 0x77, 0x66, 0x77, 0xff, 0x77, 0x66, 0x77, 0xff, 0x77, 0x66, 0x77, 0xff, 0x77, 0x66, 0x77, 0xff, 0x77, 0x66, 0x77, 0xff,
	0x77, 0x66, 0x77, 0xff, 0x77, 0x66, 0x77, 0xff, 0x77, 0x7e, 0x77, 0xff, 0x77, 0x7e, 0x77, 0xff, 0x77, 0x7e, 0x77, 0xff, 0x77, 0x7e, 0x77, 0xff, 0x77, 0x7e, 0x77, 0xff, 0x77, 0x7e, 0x77, 0xff,
	0x77, 0x7e, 0x77, 0xff, 0x77, 0x7e, 0x77, 0xff, 0x77, 0x7e, 0x77, 0xff, 0x77, 0x7e, 0x77, 0xff, 0x77, 0x7e, 0x77, 0xff, 0x77, 0x7e, 0x77, 0xff, 0x77, 0x7e, 0x77, 0xff, 0x77, 0x7e, 0x77, 0xff,
	0x77, 0x7e, 0x77, 0xff, 0x77, 0x7e, 0x77, 0xff, 0x77, 0x7e, 0x77, 0xff, 0x77, 0x7e, 0x77, 0xff, 0x77, 0x7e, 0x77, 0xff, 0x77, 0x7e, 0x77, 0xff, 0x77, 0x7e, 0x77, 0xff, 0x77, 0x7e, 0x77, 0xff,
	0x77, 0x7e, 0x77, 0xff, 0x77, 0x7e, 0x77, 0xff, 0x77, 0x7e, 0x77, 0xff, 0x77, 0x7e, 0x77, 0xff, 0x77, 0x99, 0x77, 0xff, 0x77, 0x99, 0x77, 0xff, 0x77, 0x99, 0x77, 0xff, 0x77, 0x99, 0x77, 0xff,
	0x77, 0x99, 0x77, 0xff, 0x77, 0x99, 0x77, 0xff, 0xb3, 0x99, 0xb3, 0xff, 0xb3, 0x99, 0xb3, 0xff, 0xb3, 0x99, 0xb3, 0xff, 0xb3, 0x99, 0xb3, 0xff, 0xb3, 0x99, 0xb3, 0xff, 0xb3, 0x99, 0xb3, 0xff,
	0xb3, 0x99, 0xb3, 0xff, 0xb3, 0x99, 0xb3, 0xff, 0xb3, 0x99, 0xb3, 0xff, 0xb3, 0x99, 0xb3, 0xff, 0xb3, 0x99, 0xb3, 0xff, 0xb3, 0x99, 0xb3, 0xff, 0xb3, 0x99, 0xb3, 0xff, 0xb3, 0x99, 0xb3, 0xff,
	0xb3, 0x99, 0xb3, 0xff, 0xb3, 0x99, 0xb3, 0xff, 0xb3, 0x99, 0xb3, 0xff, 0xb3, 0x99, 0xb3, 0xff, 0xb3, 0x99, 0xb3, 0xff, 0xb3, 0x99, 0xb3, 0xff, 0xb3, 0x99, 0xb3, 0xff, 0xb3, 0x99, 0xb3, 0xff,
	0xb3, 0xb8, 0xb3, 0xff, 0xb3, 0xb8, 0xb3, 0xff, 0xb3, 0xb8, 0xb3, 0xff, 0xb3, 0xb8, 0xb3, 0xff, 0xb3, 0xb8, 0xb3, 0xff, 0xb3, 0xb8, 0xb3, 0xff, 0xb3, 0xb8, 0xb3, 0xff, 0xb3, 0xb8, 0xb3, 0xff,
	0xb3, 0xb8, 0xb3, 0xff, 0xb3, 0xb8, 0xb3, 0xff, 0xb3, 0xb8, 0xb3, 0xff, 0xb3, 0xb8, 0xb3, 0xff, 0xb3, 0xb8, 0xb3, 0xff, 0xb3, 0xb8, 0xb3, 0xff, 0xb3, 0xb8, 0xb3, 0xff, 0xb3, 0xb8, 0xb3, 0xff,
	0xb3, 0xb8, 0xb3, 0xff, 0xb3, 0xb8, 0xb3, 0xff, 0xb3, 0xb8, 0xb3, 0xff, 0xb3, 0xb8, 0xb3, 0xff, 0xb3, 0xb8, 0xb3, 0xff, 0xb3, 0xb8, 0xb3, 0xff, 0xb3, 0xb8, 0xb3, 0xff, 0xb3, 0xb8, 0xb3, 0xff,
	0xb3, 0xb8, 0xb3, 0xff, 0xb3, 0xb8, 0xb3, 0xff, 0xb3, 0xb8, 0xb3, 0xff, 0xb3, 0xb8, 0xb3, 0xff, 0xb3, 0xb8, 0xb3, 0xff, 0xb3, 0xb8, 0xb3, 0xff, 0xb3, 0xb8, 0xb3, 0xff, 0xb3, 0xb8, 0xb3, 0xff,
	0xb3, 0xda, 0xb3, 0xff, 0xb3, 0xda, 0xb3, 0xff, 0xb3, 0xda, 0xb3, 0xff, 0xb3, 0xda, 0xb3, 0xff, 0xb3, 0xda, 0xb3, 0xff, 0xb3, 0xda, 0xb3, 0xff, 0xb3, 0xda, 0xb3, 0xff, 0xb3, 0xda, 0xb3, 0xff,
	0xb3, 0xda, 0xb3, 0xff, 0xb3, 0xda, 0xb3, 0xff, 0xb3, 0xda, 0xb3, 0xff, 0xb3, 0xda, 0xb3, 0xff, 0xb3, 0xda, 0xb3, 0xff, 0xb3, 0xda, 0xb3, 0xff, 0xff, 0xda, 0xff, 0xff, 0xff, 0xda, 0xff, 0xff,
	0xff, 0xda, 0xff, 0xff, 0xff, 0xda, 0xff, 0xff, 0xff, 0xda, 0xff, 0xff, 0xff, 0xda, 0xff, 0xff, 0xff, 0xda, 0xff, 0xff, 0xff, 0xda, 0xff, 0xff, 0xff, 0xda, 0xff, 0xff, 0xff, 0xda, 0xff, 0xff,
	0xff, 0xda, 0xff, 0xff, 0xff, 0xda, 0xff, 0xff, 0xff, 0xda, 0xff, 0xff, 0xff, 0xda, 0xff, 0xff, 0xff, 0xda, 0xff, 0xff, 0xff, 0xda, 0xff, 0xff, 0xff, 0xda, 0xff, 0xff, 0xff, 0xda, 0xff, 0xff,
	0xff, 0xda, 0xff, 0xff, 0xff, 0xda, 0xff, 0xff, 0xff, 0xda, 0xff, 0xff, 0xff, 0xff, 0xff, 0xff, 0xff, 0xff, 0xff, 0xff, 0xff, 0xff, 0xff, 0xff, 0xff, 0xff, 0xff, 0xff, 0xff, 0xff, 0xff, 0xff,
	0xff, 0xff, 0xff, 0xff, 0xff, 0xff, 0xff, 0xff, 0xff, 0xff, 0xff, 0xff, 0xff, 0xff, 0xff, 0xff, 0xff, 0xff, 0xff, 0xff, 0xff, 0xff, 0xff, 0xff, 0xff, 0xff, 0xff, 0xff, 0xff, 0xff, 0xff, 0xff,
	0xff, 0xff, 0xff, 0xff, 0xff, 0xff, 0xff, 0xff, 0xff, 0xff, 0xff, 0xff, 0xff, 0xff, 0xff, 0xff, 0xff, 0xff, 0xff, 0xff, 0xff, 0xff, 0xff, 0xff, 0xff, 0xff, 0xff, 0xff, 0xff, 0xff, 0xff, 0xff,
	0x00, 0x00, 0x00, 0xff, 0x00, 0x01, 0x00, 0xff, 0x04, 0x01, 0x04, 0xff, 0x04, 0x04, 0x04, 0xff, 0x04, 0x04, 0x04, 0xff, 0x04, 0x04, 0x04, 0xff, 0x04, 0x04, 0x04, 0xff, 0x04, 0x08, 0x04, 0xff,
	0x04, 0x08, 0x04, 0xff, 0x04, 0x08, 0x04, 0xff, 0x10, 0x08, 0x10, 0xff, 0x10, 0x08, 0x10, 0xff, 0x10, 0x0e, 0x10, 0xff, 0x10, 0x0e, 0x10, 0xff, 0x10, 0x0e, 0x10, 0xff, 0x10, 0x0e, 0x10, 0xff,
	0x10, 0x0e, 0x10, 0xff, 0x10, 0x0e, 0x10, 0xff, 0x10, 0x0e, 0x10, 0xff, 0x10, 0x17, 0x10, 0xff, 0x10, 0x17, 0x10, 0xff, 0x10, 0x17, 0x10, 0xff, 0x10, 0x17, 0x10, 0xff, 0x10, 0x17, 0x10, 0xff,
	0x10, 0x17, 0x10, 0xff, 0x10, 0x17, 0x10, 0xff, 0x10, 0x17, 0x10, 0xff, 0x10, 0x17, 0x10, 0xff, 0x27, 0x17, 0x27, 0xff, 0x27, 0x21, 0x27, 0xff, 0x27, 0x21, 0x27, 0xff, 0x27, 0x21, 0x27, 0xff,
	0x27, 0x21, 0x27, 0xff, 0x27, 0x21, 0x27, 0xff, 0x27, 0x21, 0x27, 0xff, 0x27, 0x21, 0x27, 0xff, 0x27, 0x21, 0x27, 0xff, 0x27, 0x21, 0x27, 0xff, 0x27, 0x21, 0x27, 0xff, 0x27, 0x21, 0x27, 0xff,
	0x27, 0x21, 0x27, 0xff, 0x27, 0x2f, 0x27, 0xff, 0x27, 0x2f, 0x27, 0xff, 0x27, 0x2f, 0x27, 0xff, 0x27, 0x2f, 0x27, 0xff, 0x27, 0x2f, 0x27, 0xff, 0x27, 0x2f, 0x27, 0xff, 0x27, 0x2f, 0x27, 0xff,
	0x27, 0x2f, 0x27, 0xff, 0x27, 0x2f, 0x27, 0xff, 0x27, 0x2f, 0x27, 0xff, 0x27, 0x2f, 0x27, 0xff, 0x27, 0x2f, 0x27, 0xff, 0x27, 0x2f, 0x27, 0xff, 0x27, 0x2f, 0x27, 0xff, 0x27, 0x2f, 0x27, 0xff,
	0x48, 0x3e, 0x48, 0xff, 0x48, 0x3e, 0x48, 0xff, 0x48, 0x3e, 0x48, 0xff, 0x48, 0x3e, 0x48, 0xff, 0x48, 0x3e, 0x48, 0xff, 0x48, 0x3e, 0x48, 0xff, 0x48, 0x3e, 0x48, 0xff, 0x48, 0x3e, 0x48, 0xff,
	0x48, 0x3e, 0x48, 0xff, 0x48, 0x3e, 0x48, 0xff, 0x48, 0x3e, 0x48, 0xff, 0x48, 0x3e, 0x48, 0xff, 0x48, 0x3e, 0x48, 0xff, 0x48, 0x3e, 0x48, 0xff, 0x48, 0x3e, 0x48, 0xff, 0x48, 0x3e, 0x48, 0xff,
	0x48, 0x3e, 0x48, 0xff, 0x48, 0x51, 0x48, 0xff, 0x48, 0x51, 0x48, 0xff, 0x48, 0x51, 0x48, 0xff, 0x48, 0x51, 0x48, 0xff, 0x48, 0x51, 0x48, 0xff, 0x48, 0x51, 0x48, 0xff, 0x48, 0x51, 0x48, 0xff,
	0x48, 0x51, 0x48, 0xff, 0x48, 0x51, 0x48, 0xff, 0x48, 0x51, 0x48, 0xff, 0x48, 0x51, 0x48, 0xff, 0x48, 0x51, 0x48, 0xff, 0x48, 0x51, 0x48, 0xff, 0x48, 0x51, 0x48, 0xff, 0x48, 0x51, 0x48, 0xff,
	0x48, 0x51, 0x48, 0xff, 0x48, 0x51, 0x48, 0xff, 0x48, 0x51, 0x48, 0xff, 0x48, 0x51, 0x48, 0xff, 0x48, 0x51, 0x48, 0xff, 0x48, 0x66, 0x48, 0xff, 0x48, 0x66, 0x48, 0xff, 0x48, 0x66, 0x48, 0xff,
	0x48, 0x66, 0x48, 0xff, 0x77, 0x66, 0x77, 0xff, 0x77, 0x66, 0x77, 0xff, 0x77, 0x66, 0x77, 0xff, 0x77, 0x66, 0x77, 0xff, 0x77, 0x66, 0x77, 0xff, 0x77, 0x66, 0x77, 0xff, 0x77, 0x66, 0x77, 0xff,
	0x77, 0x66, 0x77, 0xff, 0x77, 0x66, 0x77, 0xff, 0x77, 0x66, 0x77, 0xff, 0x77, 0x66, 0x77, 0xff, 0x77, 0x66, 0x77, 0xff, 0x77, 0x66, 0x77, 0xff, 0x77, 0x66, 0x77, 0xff, 0x77, 0x66, 0x77, 0xff,
	0x77, 0x66, 0x77, 0xff, 0x77, 0x66, 0x77, 0xff, 0x77, 0x66, 0x77, 0xff, 0x77, 0x7e, 0x77, 0xff, 0x77, 0x7e, 0x77, 0xff, 0x77, 0x7e, 0x77, 0xff, 0x77, 0x7e, 0x77, 0xff, 0x77, 0x7e, 0x77, 0xff,
	0x77, 0x7e, 0x77, 0xff, 0x77, 0x7e, 0x77, 0xff, 0x77, 0x7e, 0x77, 0xff, 0x77, 0x7e, 0x77, 0xff, 0x77, 0x7e, 0x77, 0xff, 0x77, 0x7e, 0x77, 0xff, 0x77, 0x7e, 0x77, 0xff, 0x77, 0x7e, 0x77, 0xff,
	0x77, 0x7e, 0x77, 0xff, 0x77, 0x7e, 0x77, 0xff, 0x77, 0x7e, 0x77, 0xff, 0x77, 0x7e, 0x77, 0xff, 0x77, 0x7e, 0x77, 0xff, 0x77, 0x7e, 0x77, 0xff, 0x77, 0x7e, 0x77, 0xff, 0x77, 0x7e, 0x77, 0xff,
	0x77, 0x7e, 0x77, 0xff, 0x77, 0x7e, 0x77, 0xff, 0x77, 0x7e, 0x77, 0xff, 0x77, 0x7e, 0x77, 0xff, 0x77, 0x7e, 0x77, 0xff, 0x77, 0x99, 0x77, 0xff, 0x77, 0x99, 0x77, 0xff, 0x77, 0x99, 0x77, 0xff,
	0x77, 0x99, 0x77, 0xff, 0x77, 0x99, 0x77, 0xff, 0x77, 0x99, 0x77, 0xff, 0x77, 0x99, 0x77, 0xff, 0x77, 0x99, 0x77, 0xff, 0x77, 0x99, 0x77, 0xff, 0xb3, 0x99, 0xb3, 0xff, 0xb3, 0x99, 0xb3, 0xff,
	0xb3, 0x99, 0xb3, 0xff, 0xb3, 0x99, 0xb3, 0xff, 0xb3, 0x99, 0xb3, 0xff, 0xb3, 0x99, 0xb3, 0xff, 0xb3, 0x99, 0xb3, 0xff, 0xb3, 0x99, 0xb3, 0xff, 0xb3, 0x99, 0xb3, 0xff, 0xb3, 0x99, 0xb3, 0xff,
	0xb3, 0x99, 0xb3, 0xff, 0xb3, 0x99, 0xb3, 0xff, 0xb3, 0x99, 0xb3, 0xff, 0xb3, 0x99, 0xb3, 0xff, 0xb3, 0x99, 0xb3, 0xff, 0xb3, 0x99, 0xb3, 0xff, 0xb3, 0x99, 0xb3, 0xff, 0xb3, 0x99, 0xb3, 0xff,
	0xb3, 0x99, 0xb3, 0xff, 0xb3, 0x99, 0xb3, 0xff, 0xb3, 0xb8, 0xb3, 0xff, 0xb3, 0xb8, 0xb3, 0xff, 0xb3, 0xb8, 0xb3, 0xff, 0xb3, 0xb8, 0xb3, 0xff, 0xb3, 0xb8, 0xb3, 0xff, 0xb3, 0xb8, 0xb3, 0xff,
	0xb3, 0xb8, 0xb3, 0xff, 0xb3, 0xb8, 0xb3, 0xff, 0xb3, 0xb8, 0xb3, 0xff, 0xb3, 0xb8, 0xb3, 0xff, 0xb3, 0xb8, 0xb3, 0xff, 0xb3, 0xb8, 0xb3, 0xff, 0xb3, 0xb8, 0xb3, 0xff, 0xb3, 0xb8, 0xb3, 0xff,
	0xb3, 0xb8, 0xb3, 0xff, 0xb3, 0xb8, 0xb3, 0xff, 0xb3, 0xb8, 0xb3, 0xff, 0xb3, 0xb8, 0xb3, 0xff, 0xb3, 0xb8, 0xb3, 0xff, 0xb3, 0xb8, 0xb3, 0xff, 0xb3, 0xb8, 0xb3, 0xff, 0xb3, 0xb8, 0xb3, 0xff,
	0xb3, 0xb8, 0xb3, 0xff, 0xb3, 0xb8, 0xb3, 0xff, 0xb3, 0xb8, 0xb3, 0xff, 0xb3, 0xb8, 0xb3, 0xff, 0xb3, 0xb8, 0xb3, 0xff, 0xb3, 0xb8, 0xb3, 0xff, 0xb3, 0xb8, 0xb3, 0xff, 0xb3, 0xb8, 0xb3, 0xff,
	0xb3, 0xb8, 0xb3, 0xff, 0xb3, 0xb8, 0xb3, 0xff, 0xb3, 0xda, 0xb3, 0xff, 0xb3, 0xda, 0xb3, 0xff, 0xb3, 0xda, 0xb3, 0xff, 0xb3, 0xda, 0xb3, 0xff, 0xb3, 0xda, 0xb3, 0xff, 0xb3, 0xda, 0xb3, 0xff,
	0xb3, 0xda, 0xb3, 0xff, 0xb3, 0xda, 0xb3, 0xff, 0xb3, 0xda, 0xb3, 0xff, 0xb3, 0xda, 0xb3, 0xff, 0xb3, 0xda, 0xb3, 0xff, 0xb3, 0xda, 0xb3, 0xff, 0xb3, 0xda, 0xb3, 0xff, 0xb3, 0xda, 0xb3, 0xff,
	0xb3, 0xda, 0xb3, 0xff, 0xb3, 0xda, 0xb3, 0xff, 0xff, 0xda, 0xff, 0xff, 0xff, 0xda, 0xff, 0xff, 0xff, 0xda, 0xff, 0xff, 0xff, 0xda, 0xff, 0xff, 0xff, 0xda, 0xff, 0xff, 0xff, 0xda, 0xff, 0xff,
	0xff, 0xda, 0xff, 0xff, 0xff, 0xda, 0xff, 0xff, 0xff, 0xda, 0xff, 0xff, 0xff, 0xda, 0xff, 0xff, 0xff, 0xda, 0xff, 0xff, 0xff, 0xda, 0xff, 0xff, 0xff, 0xda, 0xff, 0xff, 0xff, 0xda, 0xff, 0xff,
	0xff, 0xda, 0xff, 0xff, 0xff, 0xda, 0xff, 0xff, 0xff, 0xda, 0xff, 0xff, 0xff, 0xda, 0xff, 0xff, 0xff, 0xda, 0xff, 0xff, 0xff, 0xda, 0xff, 0xff, 0xff, 0xff, 0xff, 0xff, 0xff, 0xff, 0xff, 0xff,
	0xff, 0xff, 0xff, 0xff, 0xff, 0xff, 0xff, 0xff, 0xff, 0xff, 0xff, 0xff, 0xff, 0xff, 0xff, 0xff, 0xff, 0xff, 0xff, 0xff, 0xff, 0xff, 0xff, 0xff, 0xff, 0xff, 0xff, 0xff, 0xff, 0xff, 0xff, 0xff,
	0xff, 0xff, 0xff, 0xff, 0xff, 0xff, 0xff, 0xff, 0xff, 0xff, 0xff, 0xff, 0xff, 0xff, 0xff, 0xff, 0xff, 0xff, 0xff, 0xff, 0xff, 0xff, 0xff, 0xff, 0xff, 0xff, 0xff, 0xff, 0xff, 0xff, 0xff, 0xff,
	0x00, 0x00, 0x00, 0xff, 0x00, 0x01, 0x00, 0xff, 0x00, 0x01, 0x00, 0xff, 0x04, 0x04, 0x04, 0xff, 0x04, 0x04, 0x04, 0xff, 0x04, 0x04, 0x04, 0xff, 0x04, 0x04, 0x04, 0xff, 0x04, 0x08, 0x04, 0xff,
	0x04, 0x08, 0x04, 0xff, 0x04, 0x08, 0x04, 0xff, 0x04, 0x08, 0x04, 0xff, 0x10, 0x08, 0x10, 0xff, 0x10, 0x0e, 0x10, 0xff, 0x10, 0x0e, 0x10, 0xff, 0x10, 0x0e, 0x10, 0xff, 0x10, 0x0e, 0x10, 0xff,
	0x10, 0x0e, 0x10, 0xff, 0x10, 0x0e, 0x10, 0xff, 0x10, 0x0e, 0x10, 0xff, 0x10, 0x0e, 0x10, 0xff, 0x10, 0x17, 0x10, 0xff, 0x10, 0x17, 0x10, 0xff, 0x10, 0x17, 0x10, 0xff, 0x10, 0x17, 0x10, 0xff,
	0x10, 0x17, 0x10, 0xff, 0x10, 0x17, 0x10, 0xff, 0x10, 0x17, 0x10, 0xff, 0x10, 0x17, 0x10, 0xff, 0x10, 0x17, 0x10, 0xff, 0x27, 0x17, 0x27, 0xff, 0x27, 0x21, 0x27, 0xff, 0x27, 0x21, 0x27, 0xff,
	0x27, 0x21, 0x27, 0xff, 0x27, 0x21, 0x27, 0xff, 0x27, 0x21, 0x27, 0xff, 0x27, 0x21, 0x27, 0xff, 0x27, 0x21, 0x27, 0xff, 0x27, 0x21, 0x27, 0xff, 0x27, 0x21, 0x27, 0xff, 0x27, 0x21, 0x27, 0xff,
	0x27, 0x21, 0x27, 0xff, 0x27, 0x21, 0x27, 0xff, 0x27, 0x2f, 0x27, 0xff, 0x27, 0x2f, 0x27, 0xff, 0x27, 0x2f, 0x27, 0xff, 0x27, 0x2f, 0x27, 0xff, 0x27, 0x2f, 0x27, 0xff, 0x27, 0x2f, 0x27, 0xff,
	0x27, 0x2f, 0x27, 0xff, 0x27, 0x2f, 0x27, 0xff, 0x27, 0x2f, 0x27, 0xff, 0x27, 0x2f, 0x27, 0xff, 0x27, 0x2f, 0x27, 0xff, 0x27, 0x2f, 0x27, 0xff, 0x27, 0x2f, 0x27, 0xff, 0x27, 0x2f, 0x27, 0xff,
	0x27, 0x2f, 0x27, 0xff, 0x27, 0x3e, 0x27, 0xff, 0x48, 0x3e, 0x48, 0xff, 0x48, 0x3e, 0x48, 0xff, 0x48, 0x3e, 0x48, 0xff, 0x48, 0x3e, 0x48, 0xff, 0x48, 0x3e, 0x48, 0xff, 0x48, 0x3e, 0x48, 0xff,
	0x48, 0x3e, 0x48, 0xff, 0x48, 0x3e, 0x48, 0xff, 0x48, 0x3e, 0x48, 0xff, 0x48, 0x3e, 0x48, 0xff, 0x48, 0x3e, 0x48, 0xff, 0x48, 0x3e, 0x48, 0xff, 0x48, 0x3e, 0x48, 0xff, 0x48, 0x3e, 0x48, 0xff,
	0x48, 0x3e, 0x48, 0xff, 0x48, 0x3e, 0x48, 0xff, 0x48, 0x51, 0x48, 0xff, 0x48, 0x51, 0x48, 0xff, 0x48, 0x51, 0x48, 0xff, 0x48, 0x51, 0x48, 0xff, 0x48, 0x51, 0x48, 0xff, 0x48, 0x51, 0x48, 0xff,
	0x48, 0x51, 0x48, 0xff, 0x48, 0x51, 0x48, 0xff, 0x48, 0x51, 0x48, 0xff, 0x48, 0x51, 0x48, 0xff, 0x48, 0x51, 0x48, 0xff, 0x48, 0x51, 0x48, 0xff, 0x48, 0x51, 0x48, 0xff, 0x48, 0x51, 0x48, 0xff,
	0x48, 0x51, 0x48, 0xff, 0x48, 0x51, 0x48, 0xff, 0x48, 0x51, 0x48, 0xff, 0x48, 0x51, 0x48, 0xff, 0x48, 0x51, 0x48, 0xff, 0x48, 0x51, 0x48, 0xff, 0x48, 0x66, 0x48, 0xff, 0x48, 0x66, 0x48, 0xff,
	0x48, 0x66, 0x48, 0xff, 0x48, 0x66, 0x48, 0xff, 0x48, 0x66, 0x48, 0xff, 0x77, 0x66, 0x77, 0xff, 0x77, 0x66, 0x77, 0xff, 0x77, 0x66, 0x77, 0xff, 0x77, 0x66, 0x77, 0xff, 0x77, 0x66, 0x77, 0xff,
	0x77, 0x66, 0x77, 0xff, 0x77, 0x66, 0x77, 0xff, 0x77, 0x66, 0x77, 0xff, 0x77, 0x66, 0x77, 0xff, 0x77, 0x66, 0x77, 0xff, 0x77, 0x66, 0x77, 0xff, 0x77, 0x66, 0x77, 0xff, 0x77, 0x66, 0x77, 0xff,
	0x77, 0x66, 0x77, 0xff, 0x77, 0x66, 0x77, 0xff, 0x77, 0x66, 0x77, 0xff, 0x77, 0x66, 0x77, 0xff, 0x77, 0x66, 0x77, 0xff, 0x77, 0x7e, 0x77, 0xff, 0x77, 0x7e, 0x77, 0xff, 0x77, 0x7e, 0x77, 0xff,
	0x77, 0x7e, 0x77, 0xff, 0x77, 0x7e, 0x77, 0xff, 0x77, 0x7e, 0x77, 0xff, 0x77, 0x7e, 0x77, 0xff, 0x77, 0x7e, 0x77, 0xff, 0x77, 0x7e, 0x77, 0xff, 0x77, 0x7e, 0x77, 0xff, 0x77, 0x7e, 0x77, 0xff,
	0x77, 0x7e, 0x77, 0xff, 0x77, 0x7e, 0x77, 0xff, 0x77, 0x7e, 0x77, 0xff, 0x77, 0x7e, 0x77, 0xff, 0x77, 0x7e, 0x77, 0xff, 0x77, 0x7e, 0x77, 0xff, 0x77, 0x7e, 0x77, 0xff, 0x77, 0x7e, 0x77, 0xff,
	0x77, 0x7e, 0x77, 0xff, 0x77, 0x7e, 0x77, 0xff, 0x77, 0x7e, 0x77, 0xff, 0x77, 0x7e, 0x77, 0xff, 0x77, 0x7e, 0x77, 0xff, 0x77, 0x7e, 0x77, 0xff, 0x77, 0x7e, 0x77, 0xff, 0x77, 0x99, 0x77, 0xff,
	0x77, 0x99, 0x77, 0xff, 0x77, 0x99, 0x77, 0xff, 0x77, 0x99, 0x77, 0xff, 0x77, 0x99, 0x77, 0xff, 0x77, 0x99, 0x77, 0xff, 0x77, 0x99, 0x77, 0xff, 0x77, 0x99, 0x77, 0xff, 0x77, 0x99, 0x77, 0xff,
	0x77, 0x99, 0x77, 0xff, 0x77, 0x99, 0x77, 0xff, 0xb3, 0x99, 0xb3, 0xff, 0xb3, 0x99, 0xb3, 0xff, 0xb3, 0x99, 0xb3, 0xff, 0xb3, 0x99, 0xb3, 0xff, 0xb3, 0x99, 0xb3, 0xff, 0xb3, 0x99, 0xb3, 0xff,
	0xb3, 0x99, 0xb3, 0xff, 0xb3, 0x99, 0xb3, 0xff, 0xb3, 0x99, 0xb3, 0xff, 0xb3, 0x99, 0xb3, 0xff, 0xb3, 0x99, 0xb3, 0xff, 0xb3, 0x99, 0xb3, 0xff, 0xb3, 0x99, 0xb3, 0xff, 0xb3, 0x99, 0xb3, 0xff,
	0xb3, 0x99, 0xb3, 0xff, 0xb3, 0x99, 0xb3, 0xff, 0xb3, 0x99, 0xb3, 0xff, 0xb3, 0x99, 0xb3, 0xff, 0xb3, 0xb8, 0xb3, 0xff, 0xb3, 0xb8, 0xb3, 0xff, 0xb3, 0xb8, 0xb3, 0xff, 0xb3, 0xb8, 0xb3, 0xff,
	0xb3, 0xb8, 0xb3, 0xff, 0xb3, 0xb8, 0xb3, 0xff, 0xb3, 0xb8, 0xb3, 0xff, 0xb3, 0xb8, 0xb3, 0xff, 0xb3, 0xb8, 0xb3, 0xff, 0xb3, 0xb8, 0xb3, 0xff, 0xb3, 0xb8, 0xb3, 0xff, 0xb3, 0xb8, 0xb3, 0xff,
	0xb3, 0xb8, 0xb3, 0xff, 0xb3, 0xb8, 0xb3, 0xff, 0xb3, 0xb8, 0xb3, 0xff, 0xb3, 0xb8, 0xb3, 0xff, 0xb3, 0xb8, 0xb3, 0xff, 0xb3, 0xb8, 0xb3, 0xff, 0xb3, 0xb8, 0xb3, 0xff, 0xb3, 0xb8, 0xb3, 0xff,
	0xb3, 0xb8, 0xb3, 0xff, 0xb3, 0xb8, 0xb3, 0xff, 0xb3, 0xb8, 0xb3, 0xff, 0xb3, 0xb8, 0xb3, 0xff, 0xb3, 0xb8, 0xb3, 0xff, 0xb3, 0xb8, 0xb3, 0xff, 0xb3, 0xb8, 0xb3, 0xff, 0xb3, 0xb8, 0xb3, 0xff,
	0xb3, 0xb8, 0xb3, 0xff, 0xb3, 0xb8, 0xb3, 0xff, 0xb3, 0xb8, 0xb3, 0xff, 0xb3, 0xb8, 0xb3, 0xff, 0xb3, 0xda, 0xb3, 0xff, 0xb3, 0xda, 0xb3, 0xff, 0xb3, 0xda, 0xb3, 0xff, 0xb3, 0xda, 0xb3, 0xff,
	0xb3, 0xda, 0xb3, 0xff, 0xb3, 0xda, 0xb3, 0xff, 0xb3, 0xda, 0xb3, 0xff, 0xb3, 0xda, 0xb3, 0xff, 0xb3, 0xda, 0xb3, 0xff, 0xb3, 0xda, 0xb3, 0xff, 0xb3, 0xda, 0xb3, 0xff, 0xb3, 0xda, 0xb3, 0xff,
	0xb3, 0xda, 0xb3, 0xff, 0xb3, 0xda, 0xb3, 0xff, 0xb3, 0xda, 0xb3, 0xff, 0xb3, 0xda, 0xb3, 0xff, 0xb3, 0xda, 0xb3, 0xff, 0xb3, 0xda, 0xb3, 0xff, 0xb3, 0xda, 0xb3, 0xff, 0xff, 0xda, 0xff, 0xff,
	0xff, 0xda, 0xff, 0xff, 0xff, 0xda, 0xff, 0xff, 0xff, 0xda, 0xff, 0xff, 0xff, 0xda, 0xff, 0xff, 0xff, 0xda, 0xff, 0xff, 0xff, 0xda, 0xff, 0xff, 0xff, 0xda, 0xff, 0xff, 0xff, 0xda, 0xff, 0xff,
	0xff, 0xda, 0xff, 0xff, 0xff, 0xda, 0xff, 0xff, 0xff, 0xda, 0xff, 0xff, 0xff, 0xda, 0xff, 0xff, 0xff, 0xda, 0xff, 0xff, 0xff, 0xda, 0xff, 0xff, 0xff, 0xda, 0xff, 0xff, 0xff, 0xda, 0xff, 0xff,
	0xff, 0xff, 0xff, 0xff, 0xff, 0xff, 0xff, 0xff, 0xff, 0xff, 0xff, 0xff, 0xff, 0xff, 0xff, 0xff, 0xff, 0xff, 0xff, 0xff, 0xff, 0xff, 0xff, 0xff, 0xff, 0xff, 0xff, 0xff, 0xff, 0xff, 0xff, 0xff,
	0xff, 0xff, 0xff, 0xff, 0xff, 0xff, 0xff, 0xff, 0xff, 0xff, 0xff, 0xff, 0xff, 0xff, 0xff, 0xff, 0xff, 0xff, 0xff, 0xff, 0xff, 0xff, 0xff, 0xff, 0xff, 0xff, 0xff, 0xff, 0xff, 0xff, 0xff, 0xff,
	0x00, 0x00, 0x00, 0xff, 0x00, 0x01, 0x00, 0xff, 0x00, 0x01, 0x00, 0xff, 0x04, 0x04, 0x04, 0xff, 0x04, 0x04, 0x04, 0xff, 0x04, 0x04, 0x04, 0xff, 0x04, 0x04, 0x04, 0xff, 0x04, 0x08, 0x04, 0xff,
	0x04, 0x08, 0x04, 0xff, 0x04, 0x08, 0x04, 0xff, 0x04, 0x08, 0x04, 0xff, 0x04, 0x08, 0x04, 0xff, 0x10, 0x08, 0x10, 0xff, 0x10, 0x0e, 0x10, 0xff, 0x10, 0x0e, 0x10, 0xff, 0x10, 0x0e, 0x10, 0xff,
	0x10, 0x0e, 0x10, 0xff, 0x10, 0x0e, 0x10, 0xff, 0x10, 0x0e, 0x10, 0xff, 0x10, 0x0e, 0x10, 0xff, 0x10, 0x0e, 0x10, 0xff, 0x10, 0x17, 0x10, 0xff, 0x10, 0x17, 0x10, 0xff, 0x10, 0x17, 0x10, 0xff,
	0x10, 0x17, 0x10, 0xff, 0x10, 0x17, 0x10, 0xff, 0x10, 0x17, 0x10, 0xff, 0x10, 0x17, 0x10, 0xff, 0x10, 0x17, 0x10, 0xff, 0x10, 0x17, 0x10, 0xff, 0x10, 0x21, 0x10, 0xff, 0x27, 0x21, 0x27, 0xff,
	0x27, 0x21, 0x27, 0xff, 0x27, 0x21, 0x27, 0xff, 0x27, 0x21, 0x27, 0xff, 0x27, 0x21, 0x27, 0xff, 0x27, 0x21, 0x27, 0xff, 0x27, 0x21, 0x27, 0xff, 0x27, 0x21, 0x27, 0xff, 0x27, 0x21, 0x27, 0xff,
	0x27, 0x21, 0x27, 0xff, 0x27, 0x21, 0x27, 0xff, 0x27, 0x21, 0x27, 0xff, 0x27, 0x2f, 0x27, 0xff, 0x27, 0x2f, 0x27, 0xff, 0x27, 0x2f, 0x27, 0xff, 0x27, 0x2f, 0x27, 0xff, 0x27, 0x2f, 0x27, 0xff,
	0x27, 0x2f, 0x27, 0xff, 0x27, 0x2f, 0x27, 0xff, 0x27, 0x2f, 0x27, 0xff, 0x27, 0x2f, 0x27, 0xff, 0x27, 0x2f, 0x27, 0xff, 0x27, 0x2f, 0x27, 0xff, 0x27, 0x2f, 0x27, 0xff, 0x27, 0x2f, 0x27, 0xff,
	0x27, 0x2f, 0x27, 0xff, 0x27, 0x2f, 0x27, 0xff, 0x27, 0x3e, 0x27, 0xff, 0x27, 0x3e, 0x27, 0xff, 0x48, 0x3e, 0x48, 0xff, 0x48, 0x3e, 0x48, 0xff, 0x48, 0x3e, 0x48, 0xff, 0x48, 0x3e, 0x48, 0xff,
	0x48, 0x3e, 0x48, 0xff, 0x48, 0x3e, 0x48, 0xff, 0x48, 0x3e, 0x48, 0xff, 0x48, 0x3e, 0x48, 0xff, 0x48, 0x3e, 0x48, 0xff, 0x48, 0x3e, 0x48, 0xff, 0x48, 0x3e, 0x48, 0xff, 0x48, 0x3e, 0x48, 0xff,
	0x48, 0x3e, 0x48, 0xff, 0x48, 0x3e, 0x48, 0xff, 0x48, 0x3e, 0x48, 0xff, 0x48, 0x51, 0x48, 0xff, 0x48, 0x51, 0x48, 0xff, 0x48, 0x51, 0x48, 0xff, 0x48, 0x51, 0x48, 0xff, 0x48, 0x51, 0x48, 0xff,
	0x48, 0x51, 0x48, 0xff, 0x48, 0x51, 0x48, 0xff, 0x48, 0x51, 0x48, 0xff, 0x48, 0x51, 0x48, 0xff, 0x48, 0x51, 0x48, 0xff, 0x48, 0x51, 0x48, 0xff, 0x48, 0x51, 0x48, 0xff, 0x48, 0x51, 0x48, 0xff,
	0x48, 0x51, 0x48, 0xff, 0x48, 0x51, 0x48, 0xff, 0x48, 0x51, 0x48, 0xff, 0x48, 0x51, 0x48, 0xff, 0x48, 0x51, 0x48, 0xff, 0x48, 0x51, 0x48, 0xff, 0x48, 0x51, 0x48, 0xff, 0x48, 0x66, 0x48, 0xff,
	0x48, 0x66, 0x48, 0xff, 0x48, 0x66, 0x48, 0xff, 0x48, 0x66, 0x48, 0xff, 0x48, 0x66, 0x48, 0xff, 0x48, 0x66, 0x48, 0xff, 0x48, 0x66, 0x48, 0xff, 0x77, 0x66, 0x77, 0xff, 0x77, 0x66, 0x77, 0xff,
	0x77, 0x66, 0x77, 0xff, 0x77, 0x66, 0x77, 0xff, 0x77, 0x66, 0x77, 0xff, 0x77, 0x66, 0x77, 0xff, 0x77, 0x66, 0x77, 0xff, 0x77, 0x66, 0x77, 0xff, 0x77, 0x66, 0x77, 0xff, 0x77, 0x66, 0x77, 0xff,
	0x77, 0x66, 0x77, 0xff, 0x77, 0x66, 0x77, 0xff, 0x77, 0x66, 0x77, 0xff, 0x77, 0x66, 0x77, 0xff, 0x77, 0x66, 0x77, 0xff, 0x77, 0x66, 0x77, 0xff, 0x77, 0x66, 0x77, 0xff, 0x77, 0x7e, 0x77, 0xff,
	0x77, 0x7e, 0x77, 0xff, 0x77, 0x7e, 0x77, 0xff, 0x77, 0x7e, 0x77, 0xff, 0x77, 0x7e, 0x77, 0xff, 0x77, 0x7e, 0x77, 0xff, 0x77, 0x7e, 0x77, 0xff, 0x77, 0x7e, 0x77, 0xff, 0x77, 0x7e, 0x77, 0xff,
	0x77, 0x7e, 0x77, 0xff, 0x77, 0x7e, 0x77, 0xff, 0x77, 0x7e, 0x77, 0xff, 0x77, 0x7e, 0x77, 0xff, 0x77, 0x7e, 0x77, 0xff, 0x77, 0x7e, 0x77, 0xff, 0x77, 0x7e, 0x77, 0xff, 0x77, 0x7e, 0x77, 0xff,
	0x77, 0x7e, 0x77, 0xff, 0x77, 0x7e, 0x77, 0xff, 0x77, 0x7e, 0x77, 0xff, 0x77, 0x7e, 0x77, 0xff, 0x77, 0x7e, 0x77, 0xff, 0x77, 0x7e, 0x77, 0xff, 0x77, 0x7e, 0x77, 0xff, 0x77, 0x7e, 0x77, 0xff,
	0x77, 0x7e, 0x77, 0xff, 0x77, 0x99, 0x77, 0xff, 0x77, 0x99, 0x77, 0xff, 0x77, 0x99, 0x77, 0xff, 0x77, 0x99, 0x77, 0xff, 0x77, 0x99, 0x77, 0xff, 0x77, 0x99, 0x77, 0xff, 0x77, 0x99, 0x77, 0xff,
	0x77, 0x99, 0x77, 0xff, 0x77, 0x99, 0x77, 0xff, 0x77, 0x99, 0x77, 0xff, 0x77, 0x99, 0x77, 0xff, 0x77, 0x99, 0x77, 0xff, 0x77, 0x99, 0x77, 0xff, 0xb3, 0x99, 0xb3, 0xff, 0xb3, 0x99, 0xb3, 0xff,
	0xb3, 0x99, 0xb3, 0xff, 0xb3, 0x99, 0xb3, 0xff, 0xb3, 0x99, 0xb3, 0xff, 0xb3, 0x99, 0xb3, 0xff, 0xb3, 0x99, 0xb3, 0xff, 0xb3, 0x99, 0xb3, 0xff, 0xb3, 0x99, 0xb3, 0xff, 0xb3, 0x99, 0xb3, 0xff,
	0xb3, 0x99, 0xb3, 0xff, 0xb3, 0x99, 0xb3, 0xff, 0xb3, 0x99, 0xb3, 0xff, 0xb3, 0x99, 0xb3, 0xff, 0xb3, 0x99, 0xb3, 0xff, 0xb3, 0x99, 0xb3, 0xff, 0xb3, 0xb8, 0xb3, 0xff, 0xb3, 0xb8, 0xb3, 0xff,
	0xb3, 0xb8, 0xb3, 0xff, 0xb3, 0xb8, 0xb3, 0xff, 0xb3, 0xb8, 0xb3, 0xff, 0xb3, 0xb8, 0xb3, 0xff, 0xb3, 0xb8, 0xb3, 0xff, 0xb3, 0xb8, 0xb3, 0xff, 0xb3, 0xb8, 0xb3, 0xff, 0xb3, 0xb8, 0xb3, 0xff,
	0xb3, 0xb8, 0xb3, 0xff, 0xb3, 0xb8, 0xb3, 0xff, 0xb3, 0xb8, 0xb3, 0xff, 0xb3, 0xb8, 0xb3, 0xff, 0xb3, 0xb8, 0xb3, 0xff, 0xb3, 0xb8, 0xb3, 0xff, 0xb3, 0xb8, 0xb3, 0xff, 0xb3, 0xb8, 0xb3, 0xff,
	0xb3, 0xb8, 0xb3, 0xff, 0xb3, 0xb8, 0xb3, 0xff, 0xb3, 0xb8, 0xb3, 0xff, 0xb3, 0xb8, 0xb3, 0xff, 0xb3, 0xb8, 0xb3, 0xff, 0xb3, 0xb8, 0xb3, 0xff, 0xb3, 0xb8, 0xb3, 0xff, 0xb3, 0xb8, 0xb3, 0xff,
	0xb3, 0xb8, 0xb3, 0xff, 0xb3, 0xb8, 0xb3, 0xff, 0xb3, 0xb8, 0xb3, 0xff, 0xb3, 0xb8, 0xb3, 0xff, 0xb3, 0xb8, 0xb3, 0xff, 0xb3, 0xb8, 0xb3, 0xff, 0xb3, 0xb8, 0xb3, 0xff, 0xb3, 0xda, 0xb3, 0xff,
	0xb3, 0xda, 0xb3, 0xff, 0xb3, 0xda, 0xb3, 0xff, 0xb3, 0xda, 0xb3, 0xff, 0xb3, 0xda, 0xb3, 0xff, 0xb3, 0xda, 0xb3, 0xff, 0xb3, 0xda, 0xb3, 0xff, 0xb3, 0xda, 0xb3, 0xff, 0xb3, 0xda, 0xb3, 0xff,
	0xb3, 0xda, 0xb3, 0xff, 0xb3, 0xda, 0xb3, 0xff, 0xb3, 0xda, 0xb3, 0xff, 0xb3, 0xda, 0xb3, 0xff, 0xb3, 0xda, 0xb3, 0xff, 0xb3, 0xda, 0xb3, 0xff, 0xb3, 0xda, 0xb3, 0xff, 0xb3, 0xda, 0xb3, 0xff,
	0xb3, 0xda, 0xb3, 0xff, 0xb3, 0xda, 0xb3, 0xff, 0xb3, 0xda, 0xb3, 0xff, 0xb3, 0xda, 0xb3, 0xff, 0xff, 0xda, 0xff, 0xff, 0xff, 0xda, 0xff, 0xff, 0xff, 0xda, 0xff, 0xff, 0xff, 0xda, 0xff, 0xff,
	0xff, 0xda, 0xff, 0xff, 0xff, 0xda, 0xff, 0xff, 0xff, 0xda, 0xff, 0xff, 0xff, 0xda, 0xff, 0xff, 0xff, 0xda, 0xff, 0xff, 0xff, 0xda, 0xff, 0xff, 0xff, 0xda, 0xff, 0xff, 0xff, 0xda, 0xff, 0xff,
	0xff, 0xda, 0xff, 0xff, 0xff, 0xda, 0xff, 0xff, 0xff, 0xff, 0xff, 0xff, 0xff, 0xff, 0xff, 0xff, 0xff, 0xff, 0xff, 0xff, 0xff, 0xff, 0xff, 0xff, 0xff, 0xff, 0xff, 0xff, 0xff, 0xff, 0xff, 0xff,
	0xff, 0xff, 0xff, 0xff, 0xff, 0xff, 0xff, 0xff, 0xff, 0xff, 0xff, 0xff, 0xff, 0xff, 0xff, 0xff, 0xff, 0xff, 0xff, 0xff, 0xff, 0xff, 0xff, 0xff, 0xff, 0xff, 0xff, 0xff, 0xff, 0xff, 0xff, 0xff,
	0x00, 0x00, 0x00, 0xff, 0x00, 0x01, 0x00, 0xff, 0x00, 0x01, 0x00, 0xff, 0x04, 0x01, 0x04, 0xff, 0x04, 0x04, 0x04, 0xff, 0x04, 0x04, 0x04, 0xff, 0x04, 0x04, 0x04, 0xff, 0x04, 0x04, 0x04, 0xff,
	0x04, 0x08, 0x04, 0xff, 0x04, 0x08, 0x04, 0xff, 0x04, 0x08, 0x04, 0xff, 0x04, 0x08, 0x04, 0xff, 0x04, 0x08, 0x04, 0xff, 0x10, 0x0e, 0x10, 0xff, 0x10, 0x0e, 0x10, 0xff, 0x10, 0x0e, 0x10, 0xff,
	0x10, 0x0e, 0x10, 0xff, 0x10, 0x0e, 0x10, 0xff, 0x10, 0x0e, 0x10, 0xff, 0x10, 0x0e, 0x10, 0xff, 0x10, 0x0e, 0x10, 0xff, 0x10, 0x17, 0x10, 0xff, 0x10, 0x17, 0x10, 0xff, 0x10, 0x17, 0x10, 0xff,
	0x10, 0x17, 0x10, 0xff, 0x10, 0x17, 0x10, 0xff, 0x10, 0x17, 0x10, 0xff, 0x10, 0x17, 0x10, 0xff, 0x10, 0x17, 0x10, 0xff, 0x10, 0x17, 0x10, 0xff, 0x10, 0x17, 0x10, 0xff, 0x10, 0x21, 0x10, 0xff,
	0x27, 0x21, 0x27, 0xff, 0x27, 0x21, 0x27, 0xff, 0x27, 0x21, 0x27, 0xff, 0x27, 0x21, 0x27, 0xff, 0x27, 0x21, 0x27, 0xff, 0x27, 0x21, 0x27, 0xff, 0x27, 0x21, 0x27, 0xff, 0x27, 0x21, 0x27, 0xff,
	0x27, 0x21, 0x27, 0xff, 0x27, 0x21, 0x27, 0xff, 0x27, 0x21, 0x27, 0xff, 0x27, 0x21, 0x27, 0xff, 0x27, 0x2f, 0x27, 0xff, 0x27, 0x2f, 0x27, 0xff, 0x27, 0x2f, 0x27, 0xff, 0x27, 0x2f, 0x27, 0xff,
	0x27, 0x2f, 0x27, 0xff, 0x27, 0x2f, 0x27, 0xff, 0x27, 0x2f, 0x27, 0xff, 0x27, 0x2f, 0x27, 0xff, 0x27, 0x2f, 0x27, 0xff, 0x27, 0x2f, 0x27, 0xff, 0x27, 0x2f, 0x27, 0xff, 0x27, 0x2f, 0x27, 0xff,
	0x27, 0x2f, 0x27, 0xff, 0x27, 0x2f, 0x27, 0xff, 0x27, 0x2f, 0x27, 0xff, 0x27, 0x3e, 0x27, 0xff, 0x27, 0x3e, 0x27, 0xff, 0x27, 0x3e, 0x27, 0xff, 0x27, 0x3e, 0x27, 0xff, 0x48, 0x3e, 0x48, 0xff,
	0x48, 0x3e, 0x48, 0xff, 0x48, 0x3e, 0x48, 0xff, 0x48, 0x3e, 0x48, 0xff, 0x48, 0x3e, 0x48, 0xff, 0x48, 0x3e, 0x48, 0xff, 0x48, 0x3e, 0x48, 0xff, 0x48, 0x3e, 0x48, 0xff, 0x48, 0x3e, 0x48, 0xff,
	0x48, 0x3e, 0x48, 0xff, 0x48, 0x3e, 0x48, 0xff, 0x48, 0x3e, 0x48, 0xff, 0x48, 0x3e, 0x48, 0xff, 0x48, 0x51, 0x48, 0xff, 0x48, 0x51, 0x48, 0xff, 0x48, 0x51, 0x48, 0xff, 0x48, 0x51, 0x48, 0xff,
	0x48, 0x51, 0x48, 0xff, 0x48, 0x51, 0x48, 0xff, 0x48, 0x51, 0x48, 0xff, 0x48, 0x51, 0x48, 0xff, 0x48, 0x51, 0x48, 0xff, 0x48, 0x51, 0x48, 0xff, 0x48, 0x51, 0x48, 0xff, 0x48, 0x51, 0x48, 0xff,
	0x48, 0x51, 0x48, 0xff, 0x48, 0x51, 0x48, 0xff, 0x48, 0x51, 0x48, 0xff, 0x48, 0x51, 0x48, 0xff, 0x48, 0x51, 0x48, 0xff, 0x48, 0x51, 0x48, 0xff, 0x48, 0x51, 0x48, 0xff, 0x48, 0x51, 0x48, 0xff,
	0x48, 0x51, 0x48, 0xff, 0x48, 0x66, 0x48, 0xff, 0x48, 0x66, 0x48, 0xff, 0x48, 0x66, 0x48, 0xff, 0x48, 0x66, 0x48, 0xff, 0x48, 0x66, 0x48, 0xff, 0x48, 0x66, 0x48, 0xff, 0x48, 0x66, 0x48, 0xff,
	0x48, 0x66, 0x48, 0xff, 0x48, 0x66, 0x48, 0xff, 0x77, 0x66, 0x77, 0xff, 0x77, 0x66, 0x77, 0xff, 0x77, 0x66, 0x77, 0xff, 0x77, 0x66, 0x77, 0xff, 0x77, 0x66, 0x77, 0xff, 0x77, 0x66, 0x77, 0xff,
	0x77, 0x66, 0x77, 0xff, 0x77, 0x66, 0x77, 0xff, 0x77, 0x66, 0x77, 0xff, 0x77, 0x66, 0x77, 0xff, 0x77, 0x66, 0x77, 0xff, 0x77, 0x66, 0x77, 0xff, 0x77, 0x66, 0x77, 0xff, 0x77, 0x66, 0x77, 0xff,
	0x77, 0x7e, 0x77, 0xff, 0x77, 0x7e, 0x77, 0xff, 0x77, 0x7e, 0x77, 0xff, 0x77, 0x7e, 0x77, 0xff, 0x77, 0x7e, 0x77, 0xff, 0x77, 0x7e, 0x77, 0xff, 0x77, 0x7e, 0x77, 0xff, 0x77, 0x7e, 0x77, 0xff,
	0x77, 0x7e, 0x77, 0xff, 0x77, 0x7e, 0x77, 0xff, 0x77, 0x7e, 0x77, 0xff, 0x77, 0x7e, 0x77, 0xff, 0x77, 0x7e, 0x77, 0xff, 0x77, 0x7e, 0x77, 0xff, 0x77, 0x7e, 0x77, 0xff, 0x77, 0x7e, 0x77, 0xff,
	0x77, 0x7e, 0x77, 0xff, 0x77, 0x7e, 0x77, 0xff, 0x77, 0x7e, 0x77, 0xff, 0x77, 0x7e, 0x77, 0xff, 0x77, 0x7e, 0x77, 0xff, 0x77, 0x7e, 0x77, 0xff, 0x77, 0x7e, 0x77, 0xff, 0x77, 0x7e, 0x77, 0xff,
	0x77, 0x7e, 0x77, 0xff, 0x77, 0x7e, 0x77, 0xff, 0x77, 0x99, 0x77, 0xff, 0x77, 0x99, 0x77, 0xff, 0x77, 0x99, 0x77, 0xff, 0x77, 0x99, 0x77, 0xff, 0x77, 0x99, 0x77, 0xff, 0x77, 0x99, 0x77, 0xff,
	0x77, 0x99, 0x77, 0xff, 0x77, 0x99, 0x77, 0xff, 0x77, 0x99, 0x77, 0xff, 0x77, 0x99, 0x77, 0xff, 0x77, 0x99, 0x77, 0xff, 0x77, 0x99, 0x77, 0xff, 0x77, 0x99, 0x77, 0xff, 0x77, 0x99, 0x77, 0xff,
	0x77, 0x99, 0x77, 0xff, 0x77, 0x99, 0x77, 0xff, 0xb3, 0x99, 0xb3, 0xff, 0xb3, 0x99, 0xb3, 0xff, 0xb3, 0x99, 0xb3, 0xff, 0xb3, 0x99, 0xb3, 0xff, 0xb3, 0x99, 0xb3, 0xff, 0xb3, 0x99, 0xb3, 0xff,
	0xb3, 0x99, 0xb3, 0xff, 0xb3, 0x99, 0xb3, 0xff, 0xb3, 0x99, 0xb3, 0xff, 0xb3, 0x99, 0xb3, 0xff, 0xb3, 0x99, 0xb3, 0xff, 0xb3, 0x99, 0xb3, 0xff, 0xb3, 0x99, 0xb3, 0xff, 0xb3, 0x99, 0xb3, 0xff,
	0xb3, 0xb8, 0xb3, 0xff, 0xb3, 0xb8, 0xb3, 0xff, 0xb3, 0xb8, 0xb3, 0xff, 0xb3, 0xb8, 0xb3, 0xff, 0xb3, 0xb8, 0xb3, 0xff, 0xb3, 0xb8, 0xb3, 0xff, 0xb3, 0xb8, 0xb3, 0xff, 0xb3, 0xb8, 0xb3, 0xff,
	0xb3, 0xb8, 0xb3, 0xff, 0xb3, 0xb8, 0xb3, 0xff, 0xb3, 0xb8, 0xb3, 0xff, 0xb3, 0xb8, 0xb3, 0xff, 0xb3, 0xb8, 0xb3, 0xff, 0xb3, 0xb8, 0xb3, 0xff, 0xb3, 0xb8, 0xb3, 0xff, 0xb3, 0xb8, 0xb3, 0xff,
	0xb3, 0xb8, 0xb3, 0xff, 0xb3, 0xb8, 0xb3, 0xff, 0xb3, 0xb8, 0xb3, 0xff, 0xb3, 0xb8, 0xb3, 0xff, 0xb3, 0xb8, 0xb3, 0xff, 0xb3, 0xb8, 0xb3, 0xff, 0xb3, 0xb8, 0xb3, 0xff, 0xb3, 0xb8, 0xb3, 0xff,
	0xb3, 0xb8, 0xb3, 0xff, 0xb3, 0xb8, 0xb3, 0xff, 0xb3, 0xb8, 0xb3, 0xff, 0xb3, 0xb8, 0xb3, 0xff, 0xb3, 0xb8, 0xb3, 0xff, 0xb3, 0xb8, 0xb3, 0xff, 0xb3, 0xb8, 0xb3, 0xff, 0xb3, 0xb8, 0xb3, 0xff,
	0xb3, 0xb8, 0xb3, 0xff, 0xb3, 0xda, 0xb3, 0xff, 0xb3, 0xda, 0xb3, 0xff, 0xb3, 0xda, 0xb3, 0xff, 0xb3, 0xda, 0xb3, 0xff, 0xb3, 0xda, 0xb3, 0xff, 0xb3, 0xda, 0xb3, 0xff, 0xb3, 0xda, 0xb3, 0xff,
	0xb3, 0xda, 0xb3, 0xff, 0xb3, 0xda, 0xb3, 0xff, 0xb3, 0xda, 0xb3, 0xff, 0xb3, 0xda, 0xb3, 0xff, 0xb3, 0xda, 0xb3, 0xff, 0xb3, 0xda, 0xb3, 0xff, 0xb3, 0xda, 0xb3, 0xff, 0xb3, 0xda, 0xb3, 0xff,
	0xb3, 0xda, 0xb3, 0xff, 0xb3, 0xda, 0xb3, 0xff, 0xb3, 0xda, 0xb3, 0xff, 0xb3, 0xda, 0xb3, 0xff, 0xb3, 0xda, 0xb3, 0xff, 0xb3, 0xda, 0xb3, 0xff, 0xb3, 0xda, 0xb3, 0xff, 0xb3, 0xda, 0xb3, 0xff,
	0xb3, 0xda, 0xb3, 0xff, 0xff, 0xda, 0xff, 0xff, 0xff, 0xda, 0xff, 0xff, 0xff, 0xda, 0xff, 0xff, 0xff, 0xda, 0xff, 0xff, 0xff, 0xda, 0xff, 0xff, 0xff, 0xda, 0xff, 0xff, 0xff, 0xda, 0xff, 0xff,
	0xff, 0xda, 0xff, 0xff, 0xff, 0xda, 0xff, 0xff, 0xff, 0xda, 0xff, 0xff, 0xff, 0xda, 0xff, 0xff, 0xff, 0xda, 0xff, 0xff, 0xff, 0xff, 0xff, 0xff, 0xff, 0xff, 0xff, 0xff, 0xff, 0xff, 0xff, 0xff,
	0xff, 0xff, 0xff, 0xff, 0xff, 0xff, 0xff, 0xff, 0xff, 0xff, 0xff, 0xff, 0xff, 0xff, 0xff, 0xff, 0xff, 0xff, 0xff, 0xff, 0xff, 0xff, 0xff, 0xff, 0xff, 0xff, 0xff, 0xff, 0xff, 0xff, 0xff, 0xff,
	0x00, 0x00, 0x00, 0xff, 0x00, 0x00, 0x00, 0xff, 0x00, 0x01, 0x00, 0xff, 0x00, 0x01, 0x00, 0xff, 0x04, 0x04, 0x04, 0xff, 0x04, 0x04, 0x04, 0xff, 0x04, 0x04, 0x04, 0xff, 0x04, 0x04, 0x04, 0xff,
	0x04, 0x08, 0x04, 0xff, 0x04, 0x08, 0x04, 0xff, 0x04, 0x08, 0x04, 0xff, 0x04, 0x08, 0x04, 0xff, 0x04, 0x08, 0x04, 0xff, 0x04, 0x08, 0x04, 0xff, 0x10, 0x0e, 0x10, 0xff, 0x10, 0x0e, 0x10, 0xff,
	0x10, 0x0e, 0x10, 0xff, 0x10, 0x0e, 0x10, 0xff, 0x10, 0x0e, 0x10, 0xff, 0x10, 0x0e, 0x10, 0xff, 0x10, 0x0e, 0x10, 0xff, 0x10, 0x0e, 0x10, 0xff, 0x10, 0x17, 0x10, 0xff, 0x10, 0x17, 0x10, 0xff,
	0x10, 0x17, 0x10, 0xff, 0x10, 0x17, 0x10, 0xff, 0x10, 0x17, 0x10, 0xff, 0x10, 0x17, 0x10, 0xff, 0x10, 0x17, 0x10, 0xff, 0x10, 0x17, 0x10, 0xff, 0x10, 0x17, 0x10, 0xff, 0x10, 0x17, 0x10, 0xff,
	0x10, 0x21, 0x10, 0xff, 0x10, 0x21, 0x10, 0xff, 0x27, 0x21, 0x27, 0xff, 0x27, 0x21, 0x27, 0xff, 0x27, 0x21, 0x27, 0xff, 0x27, 0x21, 0x27, 0xff, 0x27, 0x21, 0x27, 0xff, 0x27, 0x21, 0x27, 0xff,
	0x27, 0x21, 0x27, 0xff, 0x27, 0x21, 0x27, 0xff, 0x27, 0x21, 0x27, 0xff, 0x27, 0x21, 0x27, 0xff, 0x27, 0x2f, 0x27, 0xff, 0x27, 0x2f, 0x27, 0xff, 0x27, 0x2f, 0x27, 0xff, 0x27, 0x2f, 0x27, 0xff,
	0x27, 0x2f, 0x27, 0xff, 0x27, 0x2f, 0x27, 0xff, 0x27, 0x2f, 0x27, 0xff, 0x27, 0x2f, 0x27, 0xff, 0x27, 0x2f, 0x27, 0xff, 0x27, 0x2f, 0x27, 0xff, 0x27, 0x2f, 0x27, 0xff, 0x27, 0x2f, 0x27, 0xff,
	0x27, 0x2f, 0x27, 0xff, 0x27, 0x2f, 0x27, 0xff, 0x27, 0x2f, 0x27, 0xff, 0x27, 0x2f, 0x27, 0xff, 0x27, 0x3e, 0x27, 0xff, 0x27, 0x3e, 0x27, 0xff, 0x27, 0x3e, 0x27, 0xff, 0x27, 0x3e, 0x27, 0xff,
	0x27, 0x3e, 0x27, 0xff, 0x48, 0x3e, 0x48, 0xff, 0x48, 0x3e, 0x48, 0xff, 0x48, 0x3e, 0x48, 0xff, 0x48, 0x3e, 0x48, 0xff, 0x48, 0x3e, 0x48, 0xff, 0x48, 0x3e, 0x48, 0xff, 0x48, 0x3e, 0x48, 0xff,
	0x48, 0x3e, 0x48, 0xff, 0x48, 0x3e, 0x48, 0xff, 0x48, 0x3e, 0x48, 0xff, 0x48, 0x3e, 0x48, 0xff, 0x48, 0x3e, 0x48, 0xff, 0x48, 0x51, 0x48, 0xff, 0x48, 0x51, 0x48, 0xff, 0x48, 0x51, 0x48, 0xff,
	0x48, 0x51, 0x48, 0xff, 0x48, 0x51, 0x48, 0xff, 0x48, 0x51, 0x48, 0xff, 0x48, 0x51, 0x48, 0xff, 0x48, 0x51, 0x48, 0xff, 0x48, 0x51, 0x48, 0xff, 0x48, 0x51, 0x48, 0xff, 0x48, 0x51, 0x48, 0xff,
	0x48, 0x51, 0x48, 0xff, 0x48, 0x51, 0x48, 0xff, 0x48, 0x51, 0x48, 0xff, 0x48, 0x51, 0x48, 0xff, 0x48, 0x51, 0x48, 0xff, 0x48, 0x51, 0x48, 0xff, 0x48, 0x51, 0x48, 0xff, 0x48, 0x51, 0x48, 0xff,
	0x48, 0x51, 0x48, 0xff, 0x48, 0x51, 0x48, 0xff, 0x48, 0x66, 0x48, 0xff, 0x48, 0x66, 0x48, 0xff, 0x48, 0x66, 0x48, 0xff, 0x48, 0x66, 0x48, 0xff, 0x48, 0x66, 0x48, 0xff, 0x48, 0x66, 0x48, 0xff,
	0x48, 0x66, 0x48, 0xff, 0x48, 0x66, 0x48, 0xff, 0x48, 0x66, 0x48, 0xff, 0x48, 0x66, 0x48, 0xff, 0x48, 0x66, 0x48, 0xff, 0x77, 0x66, 0x77, 0xff, 0x77, 0x66, 0x77, 0xff, 0x77, 0x66, 0x77, 0xff,
	0x77, 0x66, 0x77, 0xff, 0x77, 0x66, 0x77, 0xff, 0x77, 0x66, 0x77, 0xff, 0x77, 0x66, 0x77, 0xff, 0x77, 0x66, 0x77, 0xff, 0x77, 0x66, 0x77, 0xff, 0x77, 0x66, 0x77, 0xff, 0x77, 0x66, 0x77, 0xff,
	0x77, 0x66, 0x77, 0xff, 0x77, 0x66, 0x77, 0xff, 0x77, 0x7e, 0x77, 0xff, 0x77, 0x7e, 0x77, 0xff, 0x77, 0x7e, 0x77, 0xff, 0x77, 0x7e, 0x77, 0xff, 0x77, 0x7e, 0x77, 0xff, 0x77, 0x7e, 0x77, 0xff,
	0x77, 0x7e, 0x77, 0xff, 0x77, 0x7e, 0x77, 0xff, 0x77, 0x7e, 0x77, 0xff, 0x77, 0x7e, 0x77, 0xff, 0x77, 0x7e, 0x77, 0xff, 0x77, 0x7e, 0x77, 0xff, 0x77, 0x7e, 0x77, 0xff, 0x77, 0x7e, 0x77, 0xff,
	0x77, 0x7e, 0x77, 0xff, 0x77, 0x7e, 0x77, 0xff, 0x77, 0x7e, 0x77, 0xff, 0x77, 0x7e, 0x77, 0xff, 0x77, 0x7e, 0x77, 0xff, 0x77, 0x7e, 0x77, 0xff, 0x77, 0x7e, 0x77, 0xff, 0x77, 0x7e, 0x77, 0xff,
	0x77, 0x7e, 0x77, 0xff, 0x77, 0x7e, 0x77, 0xff, 0x77, 0x7e, 0x77, 0xff, 0x77, 0x7e, 0x77, 0xff, 0x77, 0x99, 0x77, 0xff, 0x77, 0x99, 0x77, 0xff, 0x77, 0x99, 0x77, 0xff, 0x77, 0x99, 0x77, 0xff,
	0x77, 0x99, 0x77, 0xff, 0x77, 0x99, 0x77, 0xff, 0x77, 0x99, 0x77, 0xff, 0x77, 0x99, 0x77, 0xff, 0x77, 0x99, 0x77, 0xff, 0x77, 0x99, 0x77, 0xff, 0x77, 0x99, 0x77, 0xff, 0x77, 0x99, 0x77, 0xff,
	0x77, 0x99, 0x77, 0xff, 0x77, 0x99, 0x77, 0xff, 0x77, 0x99, 0x77, 0xff, 0x77, 0x99, 0x77, 0xff, 0x77, 0x99, 0x77, 0xff, 0x77, 0x99, 0x77, 0xff, 0xb3, 0x99, 0xb3, 0xff, 0xb3, 0x99, 0xb3, 0xff,
	0xb3, 0x99, 0xb3, 0xff, 0xb3, 0x99, 0xb3, 0xff, 0xb3, 0x99, 0xb3, 0xff, 0xb3, 0x99, 0xb3, 0xff, 0xb3, 0x99, 0xb3, 0xff, 0xb3, 0x99, 0xb3, 0xff, 0xb3, 0x99, 0xb3, 0xff, 0xb3, 0x99, 0xb3, 0xff,
	0xb3, 0x99, 0xb3, 0xff, 0xb3, 0x99, 0xb3, 0xff, 0xb3, 0xb8, 0xb3, 0xff, 0xb3, 0xb8, 0xb3, 0xff, 0xb3, 0xb8, 0xb3, 0xff, 0xb3, 0xb8, 0xb3, 0xff, 0xb3, 0xb8, 0xb3, 0xff, 0xb3, 0xb8, 0xb3, 0xff,
	0xb3, 0xb8, 0xb3, 0xff, 0xb3, 0xb8, 0xb3, 0xff, 0xb3, 0xb8, 0xb3, 0xff, 0xb3, 0xb8, 0xb3, 0xff, 0xb3, 0xb8, 0xb3, 0xff, 0xb3, 0xb8, 0xb3, 0xff, 0xb3, 0xb8, 0xb3, 0xff, 0xb3, 0xb8, 0xb3, 0xff,
	0xb3, 0xb8, 0xb3, 0xff, 0xb3, 0xb8, 0xb3, 0xff, 0xb3, 0xb8, 0xb3, 0xff, 0xb3, 0xb8, 0xb3, 0xff, 0xb3, 0xb8, 0xb3, 0xff, 0xb3, 0xb8, 0xb3, 0xff, 0xb3, 0xb8, 0xb3, 0xff, 0xb3, 0xb8, 0xb3, 0xff,
	0xb3, 0xb8, 0xb3, 0xff, 0xb3, 0xb8, 0xb3, 0xff, 0xb3, 0xb8, 0xb3, 0xff, 0xb3, 0xb8, 0xb3, 0xff, 0xb3, 0xb8, 0xb3, 0xff, 0xb3, 0xb8, 0xb3, 0xff, 0xb3, 0xb8, 0xb3, 0xff, 0xb3, 0xb8, 0xb3, 0xff,
	0xb3, 0xb8, 0xb3, 0xff, 0xb3, 0xb8, 0xb3, 0xff, 0xb3, 0xb8, 0xb3, 0xff, 0xb3, 0xda, 0xb3, 0xff, 0xb3, 0xda, 0xb3, 0xff, 0xb3, 0xda, 0xb3, 0xff, 0xb3, 0xda, 0xb3, 0xff, 0xb3, 0xda, 0xb3, 0xff,
	0xb3, 0xda, 0xb3, 0xff, 0xb3, 0xda, 0xb3, 0xff, 0xb3, 0xda, 0xb3, 0xff, 0xb3, 0xda, 0xb3, 0xff, 0xb3, 0xda, 0xb3, 0xff, 0xb3, 0xda, 0xb3, 0xff, 0xb3, 0xda, 0xb3, 0xff, 0xb3, 0xda, 0xb3, 0xff,
	0xb3, 0xda, 0xb3, 0xff, 0xb3, 0xda, 0xb3, 0xff, 0xb3, 0xda, 0xb3, 0xff, 0xb3, 0xda, 0xb3, 0xff, 0xb3, 0xda, 0xb3, 0xff, 0xb3, 0xda, 0xb3, 0xff, 0xb3, 0xda, 0xb3, 0xff, 0xb3, 0xda, 0xb3, 0xff,
	0xb3, 0xda, 0xb3, 0xff, 0xb3, 0xda, 0xb3, 0xff, 0xb3, 0xda, 0xb3, 0xff, 0xb3, 0xda, 0xb3, 0xff, 0xb3, 0xda, 0xb3, 0xff, 0xb3, 0xda, 0xb3, 0xff, 0xff, 0xda, 0xff, 0xff, 0xff, 0xda, 0xff, 0xff,
	0xff, 0xda, 0xff, 0xff, 0xff, 0xda, 0xff, 0xff, 0xff, 0xda, 0xff, 0xff, 0xff, 0xda, 0xff, 0xff, 0xff, 0xda, 0xff, 0xff, 0xff, 0xda, 0xff, 0xff, 0xff, 0xda, 0xff, 0xff, 0xff, 0xff, 0xff, 0xff,
	0xff, 0xff, 0xff, 0xff, 0xff, 0xff, 0xff, 0xff, 0xff, 0xff, 0xff, 0xff, 0xff, 0xff, 0xff, 0xff, 0xff, 0xff, 0xff, 0xff, 0xff, 0xff, 0xff, 0xff, 0xff, 0xff, 0xff, 0xff, 0xff, 0xff, 0xff, 0xff,
	0x00, 0x00, 0x00, 0xff, 0x00, 0x00, 0x00, 0xff, 0x00, 0x01, 0x00, 0xff, 0x00, 0x01, 0x00, 0xff, 0x04, 0x04, 0x04, 0xff, 0x04, 0x04, 0x04, 0xff, 0x04, 0x04, 0x04, 0xff, 0x04, 0x04, 0x04, 0xff,
	0x04, 0x08, 0x04, 0xff, 0x04, 0x08, 0x04, 0xff, 0x04, 0x08, 0x04, 0xff, 0x04, 0x08, 0x04, 0xff, 0x04, 0x08, 0x04, 0xff, 0x04, 0x08, 0x04, 0xff, 0x04, 0x0e, 0x04, 0xff, 0x10, 0x0e, 0x10, 0xff,
	0x10, 0x0e, 0x10, 0xff, 0x10, 0x0e, 0x10, 0xff, 0x10, 0x0e, 0x10, 0xff, 0x10, 0x0e, 0x10, 0xff, 0x10, 0x0e, 0x10, 0xff, 0x10, 0x0e, 0x10, 0xff, 0x10, 0x17, 0x10, 0xff, 0x10, 0x17, 0x10, 0xff,
	0x10, 0x17, 0x10, 0xff, 0x10, 0x17, 0x10, 0xff, 0x10, 0x17, 0x10, 0xff, 0x10, 0x17, 0x10, 0xff, 0x10, 0x17, 0x10, 0xff, 0x10, 0x17, 0x10, 0xff, 0x10, 0x17, 0x10, 0xff, 0x10, 0x17, 0x10, 0xff,
	0x10, 0x17, 0x10, 0xff, 0x10, 0x21, 0x10, 0xff, 0x10, 0x21, 0x10, 0xff, 0x10, 0x21, 0x10, 0xff, 0x27, 0x21, 0x27, 0xff, 0x27, 0x21, 0x27, 0xff, 0x27, 0x21, 0x27, 0xff, 0x27, 0x21, 0x27, 0xff,
	0x27, 0x21, 0x27, 0xff, 0x27, 0x21, 0x27, 0xff, 0x27, 0x21, 0x27, 0xff, 0x27, 0x21, 0x27, 0xff, 0x27, 0x21, 0x27, 0xff, 0x27, 0x2f, 0x27, 0xff, 0x27, 0x2f, 0x27, 0xff, 0x27, 0x2f, 0x27, 0xff,
	0x27, 0x2f, 0x27, 0xff, 0x27, 0x2f, 0x27, 0xff, 0x27, 0x2f, 0x27, 0xff, 0x27, 0x2f, 0x27, 0xff, 0x27, 0x2f, 0x27, 0xff, 0x27, 0x2f, 0x27, 0xff, 0x27, 0x2f, 0x27, 0xff, 0x27, 0x2f, 0x27, 0xff,
	0x27, 0x2f, 0x27, 0xff, 0x27, 0x2f, 0x27, 0xff, 0x27, 0x2f, 0x27, 0xff, 0x27, 0x2f, 0x27, 0xff, 0x27, 0x2f, 0x27, 0xff, 0x27, 0x3e, 0x27, 0xff, 0x27, 0x3e, 0x27, 0xff, 0x27, 0x3e, 0x27, 0xff,
	0x27, 0x3e, 0x27, 0xff, 0x27, 0x3e, 0x27, 0xff, 0x27, 0x3e, 0x27, 0xff, 0x48, 0x3e, 0x48, 0xff, 0x48, 0x3e, 0x48, 0xff, 0x48, 0x3e, 0x48, 0xff, 0x48, 0x3e, 0x48, 0xff, 0x48, 0x3e, 0x48, 0xff,
	0x48, 0x3e, 0x48, 0xff, 0x48, 0x3e, 0x48, 0xff, 0x48, 0x3e, 0x48, 0xff, 0x48, 0x3e, 0x48, 0xff, 0x48, 0x3e, 0x48, 0xff, 0x48, 0x3e, 0x48, 0xff, 0x48, 0x3e, 0x48, 0xff, 0x48, 0x51, 0x48, 0xff,
	0x48, 0x51, 0x48, 0xff, 0x48, 0x51, 0x48, 0xff, 0x48, 0x51, 0x48, 0xff, 0x48, 0x51, 0x48, 0xff, 0x48, 0x51, 0x48, 0xff, 0x48, 0x51, 0x48, 0xff, 0x48, 0x51, 0x48, 0xff, 0x48, 0x51, 0x48, 0xff,
	0x48, 0x51, 0x48, 0xff, 0x48, 0x51, 0x48, 0xff, 0x48, 0x51, 0x48, 0xff, 0x48, 0x51, 0x48, 0xff, 0x48, 0x51, 0x48, 0xff, 0x48, 0x51, 0x48, 0xff, 0x48, 0x51, 0x48, 0xff, 0x48, 0x51, 0x48, 0xff,
	0x48, 0x51, 0x48, 0xff, 0x48, 0x51, 0x48, 0xff, 0x48, 0x51, 0x48, 0xff, 0x48, 0x66, 0x48, 0xff, 0x48, 0x66, 0x48, 0xff, 0x48, 0x66, 0x48, 0xff, 0x48, 0x66, 0x48, 0xff, 0x48, 0x66, 0x48, 0xff,
	0x48, 0x66, 0x48, 0xff, 0x48, 0x66, 0x48, 0xff, 0x48, 0x66, 0x48, 0xff, 0x48, 0x66, 0x48, 0xff, 0x48, 0x66, 0x48, 0xff, 0x48, 0x66, 0x48, 0xff, 0x48, 0x66, 0x48, 0xff, 0x48, 0x66, 0x48, 0xff,
	0x77, 0x66, 0x77, 0xff, 0x77, 0x66, 0x77, 0xff, 0x77, 0x66, 0x77, 0xff, 0x77, 0x66, 0x77, 0xff, 0x77, 0x66, 0x77, 0xff, 0x77, 0x66, 0x77, 0xff, 0x77, 0x66, 0x77, 0xff, 0x77, 0x66, 0x77, 0xff,
	0x77, 0x66, 0x77, 0xff, 0x77, 0x66, 0x77, 0xff, 0x77, 0x66, 0x77, 0xff, 0x77, 0x7e, 0x77, 0xff, 0x77, 0x7e, 0x77, 0xff, 0x77, 0x7e, 0x77, 0xff, 0x77, 0x7e, 0x77, 0xff, 0x77, 0x7e, 0x77, 0xff,
	0x77, 0x7e, 0x77, 0xff, 0x77, 0x7e, 0x77, 0xff, 0x77, 0x7e, 0x77, 0xff, 0x77, 0x7e, 0x77, 0xff, 0x77, 0x7e, 0x77, 0xff, 0x77, 0x7e, 0x77, 0xff, 0x77, 0x7e, 0x77, 0xff, 0x77, 0x7e, 0x77, 0xff,
	0x77, 0x7e, 0x77, 0xff, 0x77, 0x7e, 0x77, 0xff, 0x77, 0x7e, 0x77, 0xff, 0x77, 0x7e, 0x77, 0xff, 0x77, 0x7e, 0x77, 0xff, 0x77, 0x7e, 0x77, 0xff, 0x77, 0x7e, 0x77, 0xff, 0x77, 0x7e, 0x77, 0xff,
	0x77, 0x7e, 0x77, 0xff, 0x77, 0x7e, 0x77, 0xff, 0x77, 0x7e, 0x77, 0xff, 0x77, 0x7e, 0x77, 0xff, 0x77, 0x7e, 0x77, 0xff, 0x77, 0x7e, 0x77, 0xff, 0x77, 0x99, 0x77, 0xff, 0x77, 0x99, 0x77, 0xff,
	0x77, 0x99, 0x77, 0xff, 0x77, 0x99, 0x77, 0xff, 0x77, 0x99, 0x77, 0xff, 0x77, 0x99, 0x77, 0xff, 0x77, 0x99, 0x77, 0xff, 0x77, 0x99, 0x77, 0xff, 0x77, 0x99, 0x77, 0xff, 0x77, 0x99, 0x77, 0xff,
	0x77, 0x99, 0x77, 0xff, 0x77, 0x99, 0x77, 0xff, 0x77, 0x99, 0x77, 0xff, 0x77, 0x99, 0x77, 0xff, 0x77, 0x99, 0x77, 0xff, 0x77, 0x99, 0x77, 0xff, 0x77, 0x99, 0x77, 0xff, 0x77, 0x99, 0x77, 0xff,
	0x77, 0x99, 0x77, 0xff, 0x77, 0x99, 0x77, 0xff, 0xb3, 0x99, 0xb3, 0xff, 0xb3, 0x99, 0xb3, 0xff, 0xb3, 0x99, 0xb3, 0xff, 0xb3, 0x99, 0xb3, 0xff, 0xb3, 0x99, 0xb3, 0xff, 0xb3, 0x99, 0xb3, 0xff,
	0xb3, 0x99, 0xb3, 0xff, 0xb3, 0x99, 0xb3, 0xff, 0xb3, 0x99, 0xb3, 0xff, 0xb3, 0x99, 0xb3, 0xff, 0xb3, 0xb8, 0xb3, 0xff, 0xb3, 0xb8, 0xb3, 0xff, 0xb3, 0xb8, 0xb3, 0xff, 0xb3, 0xb8, 0xb3, 0xff,
	0xb3, 0xb8, 0xb3, 0xff, 0xb3, 0xb8, 0xb3, 0xff, 0xb3, 0xb8, 0xb3, 0xff, 0xb3, 0xb8, 0xb3, 0xff, 0xb3, 0xb8, 0xb3, 0xff, 0xb3, 0xb8, 0xb3, 0xff, 0xb3, 0xb8, 0xb3, 0xff, 0xb3, 0xb8, 0xb3, 0xff,
	0xb3, 0xb8, 0xb3, 0xff, 0xb3, 0xb8, 0xb3, 0xff, 0xb3, 0xb8, 0xb3, 0xff, 0xb3, 0xb8, 0xb3, 0xff, 0xb3, 0xb8, 0xb3, 0xff, 0xb3, 0xb8, 0xb3, 0xff, 0xb3, 0xb8, 0xb3, 0xff, 0xb3, 0xb8, 0xb3, 0xff,
	0xb3, 0xb8, 0xb3, 0xff, 0xb3, 0xb8, 0xb3, 0xff, 0xb3, 0xb8, 0xb3, 0xff, 0xb3, 0xb8, 0xb3, 0xff, 0xb3, 0xb8, 0xb3, 0xff, 0xb3, 0xb8, 0xb3, 0xff, 0xb3, 0xb8, 0xb3, 0xff, 0xb3, 0xb8, 0xb3, 0xff,
	0xb3, 0xb8, 0xb3, 0xff, 0xb3, 0xb8, 0xb3, 0xff, 0xb3, 0xb8, 0xb3, 0xff, 0xb3, 0xb8, 0xb3, 0xff, 0xb3, 0xb8, 0xb3, 0xff, 0xb3, 0xda, 0xb3, 0xff, 0xb3, 0xda, 0xb3, 0xff, 0xb3, 0xda, 0xb3, 0xff,
	0xb3, 0xda, 0xb3, 0xff, 0xb3, 0xda, 0xb3, 0xff, 0xb3, 0xda, 0xb3, 0xff, 0xb3, 0xda, 0xb3, 0xff, 0xb3, 0xda, 0xb3, 0xff, 0xb3, 0xda, 0xb3, 0xff, 0xb3, 0xda, 0xb3, 0xff, 0xb3, 0xda, 0xb3, 0xff,
	0xb3, 0xda, 0xb3, 0xff, 0xb3, 0xda, 0xb3, 0xff, 0xb3, 0xda, 0xb3, 0xff, 0xb3, 0xda, 0xb3, 0xff, 0xb3, 0xda, 0xb3, 0xff, 0xb3, 0xda, 0xb3, 0xff, 0xb3, 0xda, 0xb3, 0xff, 0xb3, 0xda, 0xb3, 0xff,
	0xb3, 0xda, 0xb3, 0xff, 0xb3, 0xda, 0xb3, 0xff, 0xb3, 0xda, 0xb3, 0xff, 0xb3, 0xda, 0xb3, 0xff, 0xb3, 0xda, 0xb3, 0xff, 0xb3, 0xda, 0xb3, 0xff, 0xb3, 0xda, 0xb3, 0xff, 0xb3, 0xda, 0xb3, 0xff,
	0xb3, 0xda, 0xb3, 0xff, 0xb3, 0xda, 0xb3, 0xff, 0xb3, 0xda, 0xb3, 0xff, 0xff, 0xda, 0xff, 0xff, 0xff, 0xda, 0xff, 0xff, 0xff, 0xda, 0xff, 0xff, 0xff, 0xda, 0xff, 0xff, 0xff, 0xda, 0xff, 0xff,
	0xff, 0xda, 0xff, 0xff, 0xff, 0xff, 0xff, 0xff, 0xff, 0xff, 0xff, 0xff, 0xff, 0xff, 0xff, 0xff, 0xff, 0xff, 0xff, 0xff, 0xff, 0xff, 0xff, 0xff, 0xff, 0xff, 0xff, 0xff, 0xff, 0xff, 0xff, 0xff,
	0x00, 0x00, 0x00, 0xff, 0x00, 0x00, 0x00, 0xff, 0x00, 0x01, 0x00, 0xff, 0x00, 0x01, 0x00, 0xff, 0x04, 0x04, 0x04, 0xff, 0x04, 0x04, 0x04, 0xff, 0x04, 0x04, 0x04, 0xff, 0x04, 0x04, 0x04, 0xff,
	0x04, 0x08, 0x04, 0xff, 0x04, 0x08, 0x04, 0xff, 0x04, 0x08, 0x04, 0xff, 0x04, 0x08, 0x04, 0xff, 0x04, 0x08, 0x04, 0xff, 0x04, 0x08, 0x04, 0xff, 0x04, 0x08, 0x04, 0xff, 0x04, 0x0e, 0x04, 0xff,
	0x10, 0x0e, 0x10, 0xff, 0x10, 0x0e, 0x10, 0xff, 0x10, 0x0e, 0x10, 0xff, 0x10, 0x0e, 0x10, 0xff, 0x10, 0x0e, 0x10, 0xff, 0x10, 0x0e, 0x10, 0xff, 0x10, 0x0e, 0x10, 0xff, 0x10, 0x17, 0x10, 0xff,
	0x10, 0x17, 0x10, 0xff, 0x10, 0x17, 0x10, 0xff, 0x10, 0x17, 0x10, 0xff, 0x10, 0x17, 0x10, 0xff, 0x10, 0x17, 0x10, 0xff, 0x10, 0x17, 0x10, 0xff, 0x10, 0x17, 0x10, 0xff, 0x10, 0x17, 0x10, 0xff,
	0x10, 0x17, 0x10, 0xff, 0x10, 0x21, 0x10, 0xff, 0x10, 0x21, 0x10, 0xff, 0x10, 0x21, 0x10, 0xff, 0x10, 0x21, 0x10, 0xff, 0x27, 0x21, 0x27, 0xff, 0x27, 0x21, 0x27, 0xff, 0x27, 0x21, 0x27, 0xff,
	0x27, 0x21, 0x27, 0xff, 0x27, 0x21, 0x27, 0xff, 0x27, 0x21, 0x27, 0xff, 0x27, 0x21, 0x27, 0xff, 0x27, 0x21, 0x27, 0xff, 0x27, 0x21, 0x27, 0xff, 0x27, 0x2f, 0x27, 0xff, 0x27, 0x2f, 0x27, 0xff,
	0x27, 0x2f, 0x27, 0xff, 0x27, 0x2f, 0x27, 0xff, 0x27, 0x2f, 0x27, 0xff, 0x27, 0x2f, 0x27, 0xff, 0x27, 0x2f, 0x27, 0xff, 0x27, 0x2f, 0x27, 0xff, 0x27, 0x2f, 0x27, 0xff, 0x27, 0x2f, 0x27, 0xff,
	0x27, 0x2f, 0x27, 0xff, 0x27, 0x2f, 0x27, 0xff, 0x27, 0x2f, 0x27, 0xff, 0x27, 0x2f, 0x27, 0xff, 0x27, 0x2f, 0x27, 0xff, 0x27, 0x2f, 0x27, 0xff, 0x27, 0x3e, 0x27, 0xff, 0x27, 0x3e, 0x27, 0xff,
	0x27, 0x3e, 0x27, 0xff, 0x27, 0x3e, 0x27, 0xff, 0x27, 0x3e, 0x27, 0xff, 0x27, 0x3e, 0x27, 0xff, 0x27, 0x3e, 0x27, 0xff, 0x27, 0x3e, 0x27, 0xff, 0x48, 0x3e, 0x48, 0xff, 0x48, 0x3e, 0x48, 0xff,
	0x48, 0x3e, 0x48, 0xff, 0x48, 0x3e, 0x48, 0xff, 0x48, 0x3e, 0x48, 0xff, 0x48, 0x3e, 0x48, 0xff, 0x48, 0x3e, 0x48, 0xff, 0x48, 0x3e, 0x48, 0xff, 0x48, 0x3e, 0x48, 0xff, 0x48, 0x3e, 0x48, 0xff,
	0x48, 0x51, 0x48, 0xff, 0x48, 0x51, 0x48, 0xff, 0x48, 0x51, 0x48, 0xff, 0x48, 0x51, 0x48, 0xff, 0x48, 0x51, 0x48, 0xff, 0x48, 0x51, 0x48, 0xff, 0x48, 0x51, 0x48, 0xff, 0x48, 0x51, 0x48, 0xff,
	0x48, 0x51, 0x48, 0xff, 0x48, 0x51, 0x48, 0xff, 0x48, 0x51, 0x48, 0xff, 0x48, 0x51, 0x48, 0xff, 0x48, 0x51, 0x48, 0xff, 0x48, 0x51, 0x48, 0xff, 0x48, 0x51, 0x48, 0xff, 0x48, 0x51, 0x48, 0xff,
	0x48, 0x51, 0x48, 0xff, 0x48, 0x51, 0x48, 0xff, 0x48, 0x51, 0x48, 0xff, 0x48, 0x51, 0x48, 0xff, 0x48, 0x51, 0x48, 0xff, 0x48, 0x66, 0x48, 0xff, 0x48, 0x66, 0x48, 0xff, 0x48, 0x66, 0x48, 0xff,
	0x48, 0x66, 0x48, 0xff, 0x48, 0x66, 0x48, 0xff, 0x48, 0x66, 0x48, 0xff, 0x48, 0x66, 0x48, 0xff, 0x48, 0x66, 0x48, 0xff, 0x48, 0x66, 0x48, 0xff, 0x48, 0x66, 0x48, 0xff, 0x48, 0x66, 0x48, 0xff,
	0x48, 0x66, 0x48, 0xff, 0x48, 0x66, 0x48, 0xff, 0x48, 0x66, 0x48, 0xff, 0x77, 0x66, 0x77, 0xff, 0x77, 0x66, 0x77, 0xff, 0x77, 0x66, 0x77, 0xff, 0x77, 0x66, 0x77, 0xff, 0x77, 0x66, 0x77, 0xff,
	0x77, 0x66, 0x77, 0xff, 0x77, 0x66, 0x77, 0xff, 0x77, 0x66, 0x77, 0xff, 0x77, 0x66, 0x77, 0xff, 0x77, 0x66, 0x77, 0xff, 0x77, 0x7e, 0x77, 0xff, 0x77, 0x7e, 0x77, 0xff, 0x77, 0x7e, 0x77, 0xff,
	0x77, 0x7e, 0x77, 0xff, 0x77, 0x7e, 0x77, 0xff, 0x77, 0x7e, 0x77, 0xff, 0x77, 0x7e, 0x77, 0xff, 0x77, 0x7e, 0x77, 0xff, 0x77, 0x7e, 0x77, 0xff, 0x77, 0x7e, 0x77, 0xff, 0x77, 0x7e, 0x77, 0xff,
	0x77, 0x7e, 0x77, 0xff, 0x77, 0x7e, 0x77, 0xff, 0x77, 0x7e, 0x77, 0xff, 0x77, 0x7e, 0x77, 0xff, 0x77, 0x7e, 0x77, 0xff, 0x77, 0x7e, 0x77, 0xff, 0x77, 0x7e, 0x77, 0xff, 0x77, 0x7e, 0x77, 0xff,
	0x77, 0x7e, 0x77, 0xff, 0x77, 0x7e, 0x77, 0xff, 0x77, 0x7e, 0x77, 0xff, 0x77, 0x7e, 0x77, 0xff, 0x77, 0x7e, 0x77, 0xff, 0x77, 0x7e, 0x77, 0xff, 0x77, 0x7e, 0x77, 0xff, 0x77, 0x7e, 0x77, 0xff,
	0x77, 0x99, 0x77, 0xff, 0x77, 0x99, 0x77, 0xff, 0x77, 0x99, 0x77, 0xff, 0x77, 0x99, 0x77, 0xff, 0x77, 0x99, 0x77, 0xff, 0x77, 0x99, 0x77, 0xff, 0x77, 0x99, 0x77, 0xff, 0x77, 0x99, 0x77, 0xff,
	0x77, 0x99, 0x77, 0xff, 0x77, 0x99, 0x77, 0xff, 0x77, 0x99, 0x77, 0xff, 0x77, 0x99, 0x77, 0xff, 0x77, 0x99, 0x77, 0xff, 0x77, 0x99, 0x77, 0xff, 0x77, 0x99, 0x77, 0xff, 0x77, 0x99, 0x77, 0xff,
	0x77, 0x99, 0x77, 0xff, 0x77, 0x99, 0x77, 0xff, 0x77, 0x99, 0x77, 0xff, 0x77, 0x99, 0x77, 0xff, 0x77, 0x99, 0x77, 0xff, 0x77, 0x99, 0x77, 0xff, 0xb3, 0x99, 0xb3, 0xff, 0xb3, 0x99, 0xb3, 0xff,
	0xb3, 0x99, 0xb3, 0xff, 0xb3, 0x99, 0xb3, 0xff, 0xb3, 0x99, 0xb3, 0xff, 0xb3, 0x99, 0xb3, 0xff, 0xb3, 0x99, 0xb3, 0xff, 0xb3, 0x99, 0xb3, 0xff, 0xb3, 0xb8, 0xb3, 0xff, 0xb3, 0xb8, 0xb3, 0xff,
	0xb3, 0xb8, 0xb3, 0xff, 0xb3, 0xb8, 0xb3, 0xff, 0xb3, 0xb8, 0xb3, 0xff, 0xb3, 0xb8, 0xb3, 0xff, 0xb3, 0xb8, 0xb3, 0xff, 0xb3, 0xb8, 0xb3, 0xff, 0xb3, 0xb8, 0xb3, 0xff, 0xb3, 0xb8, 0xb3, 0xff,
	0xb3, 0xb8, 0xb3, 0xff, 0xb3, 0xb8, 0xb3, 0xff, 0xb3, 0xb8, 0xb3, 0xff, 0xb3, 0xb8, 0xb3, 0xff, 0xb3, 0xb8, 0xb3, 0xff, 0xb3, 0xb8, 0xb3, 0xff, 0xb3, 0xb8, 0xb3, 0xff, 0xb3, 0xb8, 0xb3, 0xff,
	0xb3, 0xb8, 0xb3, 0xff, 0xb3, 0xb8, 0xb3, 0xff, 0xb3, 0xb8, 0xb3, 0xff, 0xb3, 0xb8, 0xb3, 0xff, 0xb3, 0xb8, 0xb3, 0xff, 0xb3, 0xb8, 0xb3, 0xff, 0xb3, 0xb8, 0xb3, 0xff, 0xb3, 0xb8, 0xb3, 0xff,
	0xb3, 0xb8, 0xb3, 0xff, 0xb3, 0xb8, 0xb3, 0xff, 0xb3, 0xb8, 0xb3, 0xff, 0xb3, 0xb8, 0xb3, 0xff, 0xb3, 0xb8, 0xb3, 0xff, 0xb3, 0xb8, 0xb3, 0xff, 0xb3, 0xb8, 0xb3, 0xff, 0xb3, 0xda, 0xb3, 0xff,
	0xb3, 0xda, 0xb3, 0xff, 0xb3, 0xda, 0xb3, 0xff, 0xb3, 0xda, 0xb3, 0xff, 0xb3, 0xda, 0xb3, 0xff, 0xb3, 0xda, 0xb3, 0xff, 0xb3, 0xda, 0xb3, 0xff, 0xb3, 0xda, 0xb3, 0xff, 0xb3, 0xda, 0xb3, 0xff,
	0xb3, 0xda, 0xb3, 0xff, 0xb3, 0xda, 0xb3, 0xff, 0xb3, 0xda, 0xb3, 0xff, 0xb3, 0xda, 0xb3, 0xff, 0xb3, 0xda, 0xb3, 0xff, 0xb3, 0xda, 0xb3, 0xff, 0xb3, 0xda, 0xb3, 0xff, 0xb3, 0xda, 0xb3, 0xff,
	0xb3, 0xda, 0xb3, 0xff, 0xb3, 0xda, 0xb3, 0xff, 0xb3, 0xda, 0xb3, 0xff, 0xb3, 0xda, 0xb3, 0xff, 0xb3, 0xda, 0xb3, 0xff, 0xb3, 0xda, 0xb3, 0xff, 0xb3, 0xda, 0xb3, 0xff, 0xb3, 0xda, 0xb3, 0xff,
	0xb3, 0xda, 0xb3, 0xff, 0xb3, 0xda, 0xb3, 0xff, 0xb3, 0xda, 0xb3, 0xff, 0xb3, 0xda, 0xb3, 0xff, 0xb3, 0xda, 0xb3, 0xff, 0xb3, 0xda, 0xb3, 0xff, 0xb3, 0xda, 0xb3, 0xff, 0xb3, 0xda, 0xb3, 0xff,
	0xff, 0xda, 0xff, 0xff, 0xff, 0xda, 0xff, 0xff, 0xff, 0xda, 0xff, 0xff, 0xff, 0xda, 0xff, 0xff, 0xff, 0xff, 0xff, 0xff, 0xff, 0xff, 0xff, 0xff, 0xff, 0xff, 0xff, 0xff, 0xff, 0xff, 0xff, 0xff,
	0x00, 0x00, 0x00, 0xff, 0x00, 0x00, 0x00, 0xff, 0x00, 0x01, 0x00, 0xff, 0x00, 0x01, 0x00, 0xff, 0x00, 0x04, 0x00, 0xff, 0x04, 0x04, 0x04, 0xff, 0x04, 0x04, 0x04, 0xff, 0x04, 0x04, 0x04, 0xff,
	0x04, 0x04, 0x04, 0xff, 0x04, 0x08, 0x04, 0xff, 0x04, 0x08, 0x04, 0xff, 0x04, 0x08, 0x04, 0xff, 0x04, 0x08, 0x04, 0xff, 0x04, 0x08, 0x04, 0xff, 0x04, 0x08, 0x04, 0xff, 0x04, 0x0e, 0x04, 0xff,
	0x04, 0x0e, 0x04, 0xff, 0x10, 0x0e, 0x10, 0xff, 0x10, 0x0e, 0x10, 0xff, 0x10, 0x0e, 0x10, 0xff, 0x10, 0x0e, 0x10, 0xff, 0x10, 0x0e, 0x10, 0xff, 0x10, 0x0e, 0x10, 0xff, 0x10, 0x17, 0x10, 0xff,
	0x10, 0x17, 0x10, 0xff, 0x10, 0x17, 0x10, 0xff, 0x10, 0x17, 0x10, 0xff, 0x10, 0x17, 0x10, 0xff, 0x10, 0x17, 0x10, 0xff, 0x10, 0x17, 0x10, 0xff, 0x10, 0x17, 0x10, 0xff, 0x10, 0x17, 0x10, 0xff,
	0x10, 0x17, 0x10, 0xff, 0x10, 0x17, 0x10, 0xff, 0x10, 0x21, 0x10, 0xff, 0x10, 0x21, 0x10, 0xff, 0x10, 0x21, 0x10, 0xff, 0x10, 0x21, 0x10, 0xff, 0x10, 0x21, 0x10, 0xff, 0x27, 0x21, 0x27, 0xff,
	0x27, 0x21, 0x27, 0xff, 0x27, 0x21, 0x27, 0xff, 0x27, 0x21, 0x27, 0xff, 0x27, 0x21, 0x27, 0xff, 0x27, 0x21, 0x27, 0xff, 0x27, 0x21, 0x27, 0xff, 0x27, 0x21, 0x27, 0xff, 0x27, 0x2f, 0x27, 0xff,
	0x27, 0x2f, 0x27, 0xff, 0x27, 0x2f, 0x27, 0xff, 0x27, 0x2f, 0x27, 0xff, 0x27, 0x2f, 0x27, 0xff, 0x27, 0x2f, 0x27, 0xff, 0x27, 0x2f, 0x27, 0xff, 0x27, 0x2f, 0x27, 0xff, 0x27, 0x2f, 0x27, 0xff,
	0x27, 0x2f, 0x27, 0xff, 0x27, 0x2f, 0x27, 0xff, 0x27, 0x2f, 0x27, 0xff, 0x27, 0x2f, 0x27, 0xff, 0x27, 0x2f, 0x27, 0xff, 0x27, 0x2f, 0x27, 0xff, 0x27, 0x2f, 0x27, 0xff, 0x27, 0x3e, 0x27, 0xff,
	0x27, 0x3e, 0x27, 0xff, 0x27, 0x3e, 0x27, 0xff, 0x27, 0x3e, 0x27, 0xff, 0x27, 0x3e, 0x27, 0xff, 0x27, 0x3e, 0x27, 0xff, 0x27, 0x3e, 0x27, 0xff, 0x27, 0x3e, 0x27, 0xff, 0x27, 0x3e, 0x27, 0xff,
	0x48, 0x3e, 0x48, 0xff, 0x48, 0x3e, 0x48, 0xff, 0x48, 0x3e, 0x48, 0xff, 0x48, 0x3e, 0x48, 0xff, 0x48, 0x3e, 0x48, 0xff, 0x48, 0x3e, 0x48, 0xff, 0x48, 0x3e, 0x48, 0xff, 0x48, 0x3e, 0x48, 0xff,
	0x48, 0x3e, 0x48, 0xff, 0x48, 0x51, 0x48, 0xff, 0x48, 0x51, 0x48, 0xff, 0x48, 0x51, 0x48, 0xff, 0x48, 0x51, 0x48, 0xff, 0x48, 0x51, 0x48, 0xff, 0x48, 0x51, 0x48, 0xff, 0x48, 0x51, 0x48, 0xff,
	0x48, 0x51, 0x48, 0xff, 0x48, 0x51, 0x48, 0xff, 0x48, 0x51, 0x48, 0xff, 0x48, 0x51, 0x48, 0xff, 0x48, 0x51, 0x48, 0xff, 0x48, 0x51, 0x48, 0xff, 0x48, 0x51, 0x48, 0xff, 0x48, 0x51, 0x48, 0xff,
	0x48, 0x51, 0x48, 0xff, 0x48, 0x51, 0x48, 0xff, 0x48, 0x51, 0x48, 0xff, 0x48, 0x51, 0x48, 0xff, 0x48, 0x51, 0x48, 0xff, 0x48, 0x51, 0x48, 0xff, 0x48, 0x66, 0x48, 0xff, 0x48, 0x66, 0x48, 0xff,
	0x48, 0x66, 0x48, 0xff, 0x48, 0x66, 0x48, 0xff, 0x48, 0x66, 0x48, 0xff, 0x48, 0x66, 0x48, 0xff, 0x48, 0x66, 0x48, 0xff, 0x48, 0x66, 0x48, 0xff, 0x48, 0x66, 0x48, 0xff, 0x48, 0x66, 0x48, 0xff,
	0x48, 0x66, 0x48, 0xff, 0x48, 0x66, 0x48, 0xff, 0x48, 0x66, 0x48, 0xff, 0x48, 0x66, 0x48, 0xff, 0x48, 0x66, 0x48, 0xff, 0x48, 0x66, 0x48, 0xff, 0x77, 0x66, 0x77, 0xff, 0x77, 0x66, 0x77, 0xff,
	0x77, 0x66, 0x77, 0xff, 0x77, 0x66, 0x77, 0xff, 0x77, 0x66, 0x77, 0xff, 0x77, 0x66, 0x77, 0xff, 0x77, 0x66, 0x77, 0xff, 0x77, 0x66, 0x77, 0xff, 0x77, 0x7e, 0x77, 0xff, 0x77, 0x7e, 0x77, 0xff,
	0x77, 0x7e, 0x77, 0xff, 0x77, 0x7e, 0x77, 0xff, 0x77, 0x7e, 0x77, 0xff, 0x77, 0x7e, 0x77, 0xff, 0x77, 0x7e, 0x77, 0xff, 0x77, 0x7e, 0x77, 0xff, 0x77, 0x7e, 0x77, 0xff, 0x77, 0x7e, 0x77, 0xff,
	0x77, 0x7e, 0x77, 0xff, 0x77, 0x7e, 0x77, 0xff, 0x77, 0x7e, 0x77, 0xff, 0x77, 0x7e, 0x77, 0xff, 0x77, 0x7e, 0x77, 0xff, 0x77, 0x7e, 0x77, 0xff, 0x77, 0x7e, 0x77, 0xff, 0x77, 0x7e, 0x77, 0xff,
	0x77, 0x7e, 0x77, 0xff, 0x77, 0x7e, 0x77, 0xff, 0x77, 0x7e, 0x77, 0xff, 0x77, 0x7e, 0x77, 0xff, 0x77, 0x7e, 0x77, 0xff, 0x77, 0x7e, 0x77, 0xff, 0x77, 0x7e, 0x77, 0xff, 0x77, 0x7e, 0x77, 0xff,
	0x77, 0x7e, 0x77, 0xff, 0x77, 0x7e, 0x77, 0xff, 0x77, 0x99, 0x77, 0xff, 0x77, 0x99, 0x77, 0xff, 0x77, 0x99, 0x77, 0xff, 0x77, 0x99, 0x77, 0xff, 0x77, 0x99, 0x77, 0xff, 0x77, 0x99, 0x77, 0xff,
	0x77, 0x99, 0x77, 0xff, 0x77, 0x99, 0x77, 0xff, 0x77, 0x99, 0x77, 0xff, 0x77, 0x99, 0x77, 0xff, 0x77, 0x99, 0x77, 0xff, 0x77, 0x99, 0x77, 0xff, 0x77, 0x99, 0x77, 0xff, 0x77, 0x99, 0x77, 0xff,
	0x77, 0x99, 0x77, 0xff, 0x77, 0x99, 0x77, 0xff, 0x77, 0x99, 0x77, 0xff, 0x77, 0x99, 0x77, 0xff, 0x77, 0x99, 0x77, 0xff, 0x77, 0x99, 0x77, 0xff, 0x77, 0x99, 0x77, 0xff, 0x77, 0x99, 0x77, 0xff,
	0x77, 0x99, 0x77, 0xff, 0x77, 0x99, 0x77, 0xff, 0xb3, 0x99, 0xb3, 0xff, 0xb3, 0x99, 0xb3, 0xff, 0xb3, 0x99, 0xb3, 0xff, 0xb3, 0x99, 0xb3, 0xff, 0xb3, 0x99, 0xb3, 0xff, 0xb3, 0x99, 0xb3, 0xff,
	0xb3, 0xb8, 0xb3, 0xff, 0xb3, 0xb8, 0xb3, 0xff, 0xb3, 0xb8, 0xb3, 0xff, 0xb3, 0xb8, 0xb3, 0xff, 0xb3, 0xb8, 0xb3, 0xff, 0xb3, 0xb8, 0xb3, 0xff, 0xb3, 0xb8, 0xb3, 0xff, 0xb3, 0xb8, 0xb3, 0xff,
	0xb3, 0xb8, 0xb3, 0xff, 0xb3, 0xb8, 0xb3, 0xff, 0xb3, 0xb8, 0xb3, 0xff, 0xb3, 0xb8, 0xb3, 0xff, 0xb3, 0xb8, 0xb3, 0xff, 0xb3, 0xb8, 0xb3, 0xff, 0xb3, 0xb8, 0xb3, 0xff, 0xb3, 0xb8, 0xb3, 0xff,
	0xb3, 0xb8, 0xb3, 0xff, 0xb3, 0xb8, 0xb3, 0xff, 0xb3, 0xb8, 0xb3, 0xff, 0xb3, 0xb8, 0xb3, 0xff, 0xb3, 0xb8, 0xb3, 0xff, 0xb3, 0xb8, 0xb3, 0xff, 0xb3, 0xb8, 0xb3, 0xff, 0xb3, 0xb8, 0xb3, 0xff,
	0xb3, 0xb8, 0xb3, 0xff, 0xb3, 0xb8, 0xb3, 0xff, 0xb3, 0xb8, 0xb3, 0xff, 0xb3, 0xb8, 0xb3, 0xff, 0xb3, 0xb8, 0xb3, 0xff, 0xb3, 0xb8, 0xb3, 0xff, 0xb3, 0xb8, 0xb3, 0xff, 0xb3, 0xb8, 0xb3, 0xff,
	0xb3, 0xb8, 0xb3, 0xff, 0xb3, 0xda, 0xb3, 0xff, 0xb3, 0xda, 0xb3, 0xff, 0xb3, 0xda, 0xb3, 0xff, 0xb3, 0xda, 0xb3, 0xff, 0xb3, 0xda, 0xb3, 0xff, 0xb3, 0xda, 0xb3, 0xff, 0xb3, 0xda, 0xb3, 0xff,
	0xb3, 0xda, 0xb3, 0xff, 0xb3, 0xda, 0xb3, 0xff, 0xb3, 0xda, 0xb3, 0xff, 0xb3, 0xda, 0xb3, 0xff, 0xb3, 0xda, 0xb3, 0xff, 0xb3, 0xda, 0xb3, 0xff, 0xb3, 0xda, 0xb3, 0xff, 0xb3, 0xda, 0xb3, 0xff,
	0xb3, 0xda, 0xb3, 0xff, 0xb3, 0xda, 0xb3, 0xff, 0xb3, 0xda, 0xb3, 0xff, 0xb3, 0xda, 0xb3, 0xff, 0xb3, 0xda, 0xb3, 0xff, 0xb3, 0xda, 0xb3, 0xff, 0xb3, 0xda, 0xb3, 0xff, 0xb3, 0xda, 0xb3, 0xff,
	0xb3, 0xda, 0xb3, 0xff, 0xb3, 0xda, 0xb3, 0xff, 0xb3, 0xda, 0xb3, 0xff, 0xb3, 0xda, 0xb3, 0xff, 0xb3, 0xda, 0xb3, 0xff, 0xb3, 0xda, 0xb3, 0xff, 0xb3, 0xda, 0xb3, 0xff, 0xb3, 0xda, 0xb3, 0xff,
	0xb3, 0xda, 0xb3, 0xff, 0xb3, 0xda, 0xb3, 0xff, 0xb3, 0xda, 0xb3, 0xff, 0xb3, 0xda, 0xb3, 0xff, 0xb3, 0xda, 0xb3, 0xff, 0xff, 0xda, 0xff, 0xff, 0xff, 0xff, 0xff, 0xff, 0xff, 0xff, 0xff, 0xff,
]);

export const DEVICE_QUANTIZE_LUTS: readonly DeviceQuantizeLuts[] = [
	{ redBlue: RGB565_RED_BLUE_LUT, green: RGB565_GREEN_LUT, texture: RGB565_TEXTURE_LUT },
	{ redBlue: RGB343_RED_BLUE_LUT, green: RGB343_GREEN_LUT, texture: RGB343_TEXTURE_LUT },
];
